customer_id,region,segment,industry,tenure_months,credit_limit,avg_balance,annual_spend,prior_late_count,days_since_last_order,orders_per_year,discount_rate,avg_order_value,noise_a,noise_b,days_to_pay,defaulted
C-01000,Mountain Central,Outdoor Retail,Retail,23,13914.12,4841.35,25992.6,3,41,13,6.44,1999.43,37.677,99.031,25.7,1
C-01001,Desert Southwest,Resort,Hospitality,51,65218.4,36656.53,393988.72,6,6,12,6.14,32832.39,47.64,0.247,71.2,0
C-01002,Desert Southwest,School District,Public Sector,3,19248.51,10015.56,69501.87,2,5,9,0.69,7722.43,49.448,64.429,46.5,0
C-01003,Desert Southwest,Resort,Hospitality,17,20349.31,8584.06,59762.6,2,108,15,0.0,3984.17,41.005,31.907,35.2,0
C-01004,Mountain Central,Outdoor Retail,Retail,2,33551.54,13782.11,96536.26,2,17,9,4.48,10726.25,21.311,70.355,37.5,0
C-01005,Mountain North,Resort,Hospitality,14,38353.73,23942.95,208551.99,2,30,21,2.01,9931.05,30.579,26.208,50.7,0
C-01006,Mountain Central,School District,Public Sector,34,31705.81,10716.95,67001.75,3,16,11,1.28,6091.07,41.981,33.133,41.8,0
C-01007,Mountain Central,School District,Public Sector,23,47943.9,25625.97,241284.43,3,12,16,0.44,15080.28,63.922,62.416,63.6,0
C-01008,Mountain Central,Resort,Hospitality,41,48949.28,23781.36,224316.44,5,63,7,3.98,32045.21,62.174,29.908,47.9,1
C-01009,Mountain North,Outfitter,Recreation Services,22,31016.1,13925.62,104685.75,0,65,18,6.36,5815.88,35.592,62.387,24.9,0
C-01010,Mountain North,School District,Public Sector,37,43249.42,19951.13,185473.1,1,66,6,2.94,30912.18,58.494,26.419,37.6,0
C-01011,Mountain Central,School District,Public Sector,23,28120.95,8627.01,59790.7,1,155,6,0.94,9965.12,43.92,53.035,36.6,0
C-01012,Desert Southwest,School District,Public Sector,21,22320.25,9291.77,43946.06,0,20,10,2.5,4394.61,41.834,54.669,27.0,0
C-01013,Mountain Central,Resort,Hospitality,18,26747.73,11304.89,77277.39,1,77,7,5.03,11039.63,53.931,30.565,34.0,0
C-01014,Desert Southwest,Resort,Hospitality,9,70320.1,39418.9,379498.65,3,42,16,3.69,23718.67,41.247,53.676,62.4,0
C-01015,Mountain North,School District,Public Sector,43,25541.38,9683.6,72960.32,2,8,9,0.95,8106.7,29.393,69.28,35.7,0
C-01016,Mountain Central,School District,Public Sector,15,31824.84,16095.22,143237.61,1,28,27,1.54,5305.1,35.904,55.899,48.3,0
C-01017,Mountain Central,Resort,Hospitality,26,36558.36,19845.55,205047.97,2,8,7,1.51,29292.57,71.864,4.87,39.8,0
C-01018,Mountain Central,Outdoor Retail,Retail,36,23589.79,7143.44,54086.84,2,11,13,4.67,4160.53,48.98,30.353,26.0,0
C-01019,Desert Southwest,Outdoor Retail,Retail,50,17926.62,6274.24,37023.28,3,90,23,1.87,1609.71,49.155,74.309,33.2,0
C-01020,Desert Southwest,Outdoor Retail,Retail,1,43410.82,19869.98,159911.24,2,53,13,5.95,12300.86,48.102,87.971,35.8,0
C-01021,Mountain Central,Resort,Hospitality,41,30722.24,15589.15,105614.09,1,41,29,1.91,3641.87,52.593,51.523,34.1,1
C-01022,Mountain North,Outdoor Retail,Retail,19,28510.87,13524.9,86552.07,1,25,25,0.8,3462.08,41.677,24.63,24.4,0
C-01023,Mountain Central,Outdoor Retail,Retail,74,55680.81,34909.4,312833.81,3,24,22,4.03,14219.72,34.712,86.683,62.5,0
C-01024,Mountain Central,Outdoor Retail,Retail,15,24567.64,8640.46,64940.6,3,65,10,7.15,6494.06,52.856,32.621,28.9,0
C-01025,Mountain Central,Resort,Hospitality,113,192356.62,126954.13,1707537.87,1,76,39,6.72,43783.02,50.54,7.86,112.8,0
C-01026,Mountain North,Outfitter,Recreation Services,15,16947.98,5302.24,37120.95,2,6,19,7.1,1953.73,44.771,94.873,26.4,1
C-01027,Mountain Central,Outfitter,Recreation Services,4,47220.93,21489.79,189906.07,1,1,17,4.52,11170.95,45.481,57.531,33.8,0
C-01028,Mountain North,School District,Public Sector,10,41515.26,18942.42,170020.28,1,16,18,3.6,9445.57,54.095,63.179,34.7,0
C-01029,Mountain North,Outdoor Retail,Retail,58,83530.71,48710.31,564090.97,2,17,23,0.94,24525.69,45.825,2.803,56.1,0
C-01030,Mountain Central,Resort,Hospitality,70,43785.86,17079.94,148765.67,1,20,13,6.78,11443.51,36.867,9.544,25.8,0
C-01031,Mountain North,School District,Public Sector,40,83784.55,62149.65,738421.89,1,32,27,4.22,27348.96,44.298,0.548,72.2,0
C-01032,Mountain North,Outfitter,Recreation Services,6,62565.52,35827.75,392019.61,5,15,21,9.24,18667.6,43.693,78.824,32.1,0
C-01033,Desert Southwest,Outdoor Retail,Retail,18,86592.72,46958.15,511657.96,2,4,19,3.35,26929.37,79.075,19.826,72.3,0
C-01034,Mountain Central,Outdoor Retail,Retail,34,30811.38,12081.64,94081.79,0,54,22,4.2,4276.44,41.49,96.397,13.0,0
C-01035,Desert Southwest,School District,Public Sector,3,26839.84,9526.1,63597.81,0,45,10,2.17,6359.78,72.218,84.557,30.7,0
C-01036,Desert Southwest,Outdoor Retail,Retail,77,109279.23,85365.31,1082099.27,1,24,26,7.39,41619.2,65.39,32.319,77.4,0
C-01037,Mountain Central,School District,Public Sector,11,17505.03,5552.15,34702.62,1,11,3,1.96,11567.54,36.397,74.617,34.5,0
C-01038,Mountain Central,Outdoor Retail,Retail,55,15092.16,4618.93,27739.99,2,25,20,2.68,1387.0,59.927,26.678,12.8,0
C-01039,Mountain North,Resort,Hospitality,5,31380.47,13824.23,126274.63,2,20,17,4.42,7427.92,48.916,28.769,34.3,0
C-01040,Mountain Central,Resort,Hospitality,64,16721.3,6592.13,37762.23,3,42,14,6.17,2697.3,64.571,60.74,29.8,0
C-01041,Mountain North,School District,Public Sector,21,57604.16,29862.54,274963.07,3,33,17,3.98,16174.3,35.516,63.408,55.9,0
C-01042,Desert Southwest,School District,Public Sector,8,8215.94,2547.86,9506.37,4,33,19,1.87,500.34,50.098,60.193,42.6,0
C-01043,Mountain Central,School District,Public Sector,22,18935.7,7833.97,44717.14,2,15,21,2.38,2129.39,48.888,84.97,33.5,0
C-01044,Mountain Central,Outfitter,Recreation Services,33,106193.64,72448.0,971493.57,3,55,34,1.42,28573.34,60.149,76.596,76.4,1
C-01045,Mountain North,Outdoor Retail,Retail,20,64833.94,33669.99,347950.34,0,69,13,4.31,26765.41,71.512,66.944,44.2,0
C-01046,Mountain North,Resort,Hospitality,23,26631.95,13150.82,89269.19,2,57,15,1.46,5951.28,48.291,13.714,33.8,0
C-01047,Mountain Central,Outdoor Retail,Retail,12,10422.38,1746.54,5007.9,0,55,17,2.13,294.58,36.379,56.881,23.9,0
C-01048,Mountain Central,School District,Public Sector,52,100363.63,63062.66,736549.11,4,79,22,2.09,33479.5,54.036,77.129,93.1,1
C-01049,Mountain Central,School District,Public Sector,24,36650.99,14848.96,141477.49,0,14,12,2.08,11789.79,59.434,79.958,40.6,0
C-01050,Desert Southwest,Outdoor Retail,Retail,42,115050.86,84460.39,1061431.51,3,66,34,1.94,31218.57,43.74,35.846,95.6,1
C-01051,Mountain Central,Outdoor Retail,Retail,8,66565.61,42864.81,432833.7,0,21,30,3.23,14427.79,51.926,8.053,38.7,0
C-01052,Mountain Central,Resort,Hospitality,32,28988.96,13522.56,111299.93,1,11,10,2.84,11129.99,58.367,18.459,25.0,0
C-01053,Mountain Central,Resort,Hospitality,11,29475.07,13347.16,106993.88,4,29,3,2.74,35664.63,41.73,97.81,57.8,0
C-01054,Desert Southwest,Resort,Hospitality,33,21345.79,10238.85,52266.51,6,18,17,2.5,3074.5,43.693,10.137,53.0,1
C-01055,Mountain North,Outfitter,Recreation Services,39,35264.95,16150.72,123637.31,1,30,12,5.32,10303.11,54.204,56.475,36.8,0
C-01056,Mountain Central,Outdoor Retail,Retail,91,62127.94,36897.23,336259.44,1,36,21,5.65,16012.35,22.662,70.96,48.9,0
C-01057,Mountain North,Resort,Hospitality,33,31941.69,15250.89,116760.72,3,51,28,0.71,4170.03,29.914,36.787,39.5,1
C-01058,Mountain Central,Outdoor Retail,Retail,3,13843.69,4761.39,24549.0,0,14,10,5.55,2454.9,73.688,98.59,16.8,0
C-01059,Desert Southwest,Outdoor Retail,Retail,17,65314.37,41390.25,459678.37,2,6,19,0.0,24193.6,75.271,59.526,53.6,1
C-01060,Mountain North,Resort,Hospitality,20,13153.62,3749.14,23100.98,1,21,11,1.84,2100.09,44.105,62.231,20.6,0
C-01061,Mountain Central,School District,Public Sector,32,30667.94,14158.06,99491.2,0,11,27,3.33,3684.86,50.959,23.901,37.7,0
C-01062,Desert Southwest,Resort,Hospitality,21,70427.4,35972.71,402766.49,0,127,29,2.77,13888.5,50.972,23.88,54.7,0
C-01063,Desert Southwest,School District,Public Sector,15,22704.51,10727.78,89834.23,0,9,6,3.41,14972.37,61.449,60.663,28.5,0
C-01064,Mountain Central,Outdoor Retail,Retail,17,47736.28,27370.7,241715.98,1,41,19,7.34,12721.89,42.68,27.661,30.4,0
C-01065,Mountain Central,School District,Public Sector,13,18314.3,6166.19,37065.8,1,35,25,3.16,1482.63,69.936,68.155,30.0,0
C-01066,Desert Southwest,Resort,Hospitality,97,32512.05,18932.91,118802.95,5,32,11,0.92,10800.27,68.32,76.963,37.1,0
C-01067,Desert Southwest,School District,Public Sector,47,70589.15,39080.31,394825.32,1,11,18,1.03,21934.74,45.728,88.043,60.6,0
C-01068,Desert Southwest,School District,Public Sector,26,99964.65,68525.03,863957.26,4,17,32,4.11,26998.66,54.044,26.033,97.9,0
C-01069,Desert Southwest,School District,Public Sector,46,79247.57,46801.15,482575.79,2,60,13,4.46,37121.21,49.58,25.593,69.5,0
C-01070,Mountain North,Resort,Hospitality,45,41664.64,21898.43,236259.66,2,4,22,2.61,10739.08,47.6,4.953,44.8,1
C-01071,Mountain Central,Outdoor Retail,Retail,15,22569.22,9125.12,69769.11,2,72,11,1.93,6342.65,68.443,55.265,21.6,0
C-01072,Mountain Central,Resort,Hospitality,25,28483.95,13563.65,89415.49,3,41,3,4.58,29805.16,66.305,11.09,39.0,0
C-01073,Mountain North,Resort,Hospitality,20,12132.51,2090.17,10503.7,1,49,13,3.92,807.98,49.192,20.925,21.2,0
C-01074,Desert Southwest,Outfitter,Recreation Services,20,32751.47,13583.14,74883.03,0,41,4,5.2,18720.76,52.086,78.075,25.6,0
C-01075,Mountain North,Outfitter,Recreation Services,27,19847.04,9890.73,68985.14,1,37,11,1.82,6271.38,63.219,93.647,22.0,0
C-01076,Mountain North,School District,Public Sector,23,71905.97,37564.25,315772.11,5,26,19,2.96,16619.58,54.599,42.632,63.5,1
C-01077,Mountain Central,Outfitter,Recreation Services,11,19490.98,6968.16,54930.05,5,23,9,2.82,6103.34,49.669,73.419,33.0,0
C-01078,Mountain North,School District,Public Sector,2,52570.56,32261.0,380216.41,4,8,28,2.56,13579.16,53.621,23.987,65.5,0
C-01079,Mountain Central,Outdoor Retail,Retail,31,23086.89,5362.58,31684.45,2,22,17,3.45,1863.79,53.782,42.586,25.5,0
C-01080,Mountain Central,School District,Public Sector,8,20079.17,6899.22,51578.45,3,27,14,1.48,3684.17,62.635,98.698,37.9,0
C-01081,Mountain North,School District,Public Sector,8,14766.79,5620.62,27034.96,2,18,5,4.69,5406.99,52.895,10.511,37.2,0
C-01082,Mountain Central,Resort,Hospitality,103,25507.27,13582.57,95172.15,3,28,11,1.02,8652.01,49.073,54.091,34.7,1
C-01083,Mountain Central,Outdoor Retail,Retail,14,22131.4,8354.76,64055.96,1,34,10,3.76,6405.6,27.017,57.087,18.9,0
C-01084,Desert Southwest,Outdoor Retail,Retail,55,12587.49,3219.44,12643.14,3,23,8,5.96,1580.39,18.089,64.222,25.2,1
C-01085,Mountain Central,Outfitter,Recreation Services,11,30394.86,11811.14,99139.79,2,33,30,3.84,3304.66,57.279,75.035,32.6,0
C-01086,Mountain Central,Outdoor Retail,Retail,27,24924.15,12034.71,74528.09,2,25,14,3.4,5323.44,44.039,63.878,34.5,0
C-01087,Desert Southwest,Resort,Hospitality,42,52254.21,27165.33,223074.37,2,19,20,2.17,11153.72,41.1,30.332,60.0,1
C-01088,Mountain Central,Outdoor Retail,Retail,5,60992.79,27171.38,229879.3,1,18,10,3.9,22987.93,45.352,5.713,44.9,0
C-01089,Mountain Central,School District,Public Sector,13,37104.38,17853.2,129597.75,3,26,19,0.33,6820.93,73.302,85.165,66.7,0
C-01090,Mountain North,Outdoor Retail,Retail,14,64389.76,32903.56,370031.43,2,17,29,6.02,12759.7,57.659,30.623,36.2,0
C-01091,Desert Southwest,Outdoor Retail,Retail,51,38269.57,19839.04,183587.34,2,19,8,1.87,22948.42,60.436,47.991,43.3,0
C-01092,Mountain Central,Outdoor Retail,Retail,81,35358.89,18457.9,173817.65,1,19,21,2.4,8277.03,55.27,73.964,22.0,0
C-01093,Desert Southwest,Outfitter,Recreation Services,39,35345.81,16733.93,121204.02,2,21,28,3.62,4328.71,37.008,28.512,25.8,0
C-01094,Mountain Central,School District,Public Sector,13,76561.1,41223.57,457197.86,2,42,12,0.95,38099.82,51.659,68.699,64.7,0
C-01095,Mountain Central,School District,Public Sector,41,5531.22,732.72,2000.0,3,63,9,1.48,222.22,66.01,73.835,49.3,0
C-01096,Mountain North,Outdoor Retail,Retail,22,16187.35,7027.07,45514.56,2,19,9,3.28,5057.17,34.774,21.647,28.4,0
C-01097,Mountain Central,School District,Public Sector,1,25669.0,9294.24,53470.82,1,62,11,0.33,4860.98,67.255,98.978,29.4,0
C-01098,Desert Southwest,Outdoor Retail,Retail,11,33656.6,10206.2,73737.3,2,33,19,4.93,3880.91,48.383,27.669,17.4,0
C-01099,Mountain North,Outdoor Retail,Retail,23,16479.06,4640.16,32239.26,1,8,7,4.5,4605.61,49.544,81.454,11.0,0
C-01100,Mountain Central,Outdoor Retail,Retail,16,35160.64,16284.86,145713.13,2,20,13,4.08,11208.7,75.264,13.017,36.3,0
C-01101,Mountain Central,Outfitter,Recreation Services,6,16381.77,4160.42,20570.28,1,13,18,2.12,1142.79,54.722,90.896,12.4,0
C-01102,Desert Southwest,Outdoor Retail,Retail,19,35633.16,18648.24,169243.91,2,27,19,6.54,8907.57,44.273,8.43,43.1,1
C-01103,Mountain North,School District,Public Sector,34,63771.61,31772.14,296647.04,0,36,17,2.35,17449.83,50.931,63.083,49.6,0
C-01104,Desert Southwest,School District,Public Sector,19,34711.22,12492.27,105839.2,3,56,14,1.91,7559.94,66.888,24.53,54.0,0
C-01105,Desert Southwest,Resort,Hospitality,15,56406.91,26221.59,284945.8,0,48,13,5.98,21918.91,48.366,94.414,51.1,0
C-01106,Mountain Central,Outdoor Retail,Retail,24,57635.79,23916.25,173462.29,1,44,32,6.19,5420.7,44.133,94.931,25.5,0
C-01107,Desert Southwest,Resort,Hospitality,14,69712.83,43793.63,482531.66,1,4,22,6.12,21933.26,58.868,87.965,50.2,0
C-01108,Desert Southwest,School District,Public Sector,12,15011.86,4503.8,20727.02,1,37,5,1.25,4145.4,20.359,23.06,40.3,0
C-01109,Desert Southwest,Outfitter,Recreation Services,19,29323.56,12646.73,99513.72,5,59,12,4.99,8292.81,54.987,14.567,34.6,1
C-01110,Mountain Central,Resort,Hospitality,37,13931.81,3390.01,11061.92,0,31,10,5.67,1106.19,33.441,94.419,23.5,1
C-01111,Desert Southwest,Outfitter,Recreation Services,21,63615.16,40255.66,483524.98,1,37,14,6.5,34537.5,16.403,64.768,39.2,0
C-01112,Mountain North,School District,Public Sector,15,24526.76,9339.84,75748.66,2,44,13,3.54,5826.82,50.803,56.244,36.9,0
C-01113,Desert Southwest,School District,Public Sector,35,25046.56,10230.44,83965.92,0,31,19,3.78,4419.26,68.708,38.802,20.4,0
C-01114,Mountain North,Resort,Hospitality,28,64827.32,32066.61,347925.21,4,18,16,5.75,21745.33,65.502,16.856,53.0,0
C-01115,Mountain Central,Outdoor Retail,Retail,11,51760.28,32525.23,345406.88,3,18,19,1.48,18179.31,35.721,1.334,46.2,1
C-01116,Mountain Central,Outdoor Retail,Retail,37,21712.48,7739.53,45896.29,1,7,5,3.74,9179.26,53.779,15.29,36.4,0
C-01117,Mountain North,Outdoor Retail,Retail,18,13400.78,3991.3,16773.94,3,12,5,2.85,3354.79,70.197,20.308,34.0,0
C-01118,Mountain North,Outdoor Retail,Retail,30,17029.62,4890.54,23576.66,1,20,25,6.15,943.07,71.253,94.568,23.5,0
C-01119,Mountain Central,Outfitter,Recreation Services,22,41001.07,21914.53,207328.54,4,25,18,4.98,11518.25,57.381,80.848,44.5,0
C-01120,Desert Southwest,Resort,Hospitality,12,13784.19,4532.06,25454.42,1,22,10,3.67,2545.44,24.551,54.804,22.6,0
C-01121,Desert Southwest,Outdoor Retail,Retail,39,20538.79,6814.3,36521.34,2,30,8,1.01,4565.17,25.194,58.641,33.7,0
C-01122,Mountain Central,Outdoor Retail,Retail,71,96823.88,57580.91,718689.39,3,59,19,5.01,37825.76,33.596,49.675,63.9,1
C-01123,Mountain Central,Outfitter,Recreation Services,50,31163.64,12461.34,103877.73,2,71,11,5.59,9443.43,45.085,30.387,27.4,1
C-01124,Mountain Central,School District,Public Sector,36,46724.69,23322.25,195978.56,2,45,16,3.17,12248.66,45.049,15.362,44.6,0
C-01125,Mountain Central,Resort,Hospitality,17,57072.45,30824.56,304010.32,0,8,15,1.91,20267.35,49.912,9.53,36.5,0
C-01126,Mountain North,Outfitter,Recreation Services,56,43646.46,22472.62,200127.84,1,28,12,9.81,16677.32,55.57,25.665,42.9,0
C-01127,Mountain Central,Outdoor Retail,Retail,19,42352.87,22171.54,208290.21,4,9,8,3.3,26036.28,41.001,30.954,55.0,0
C-01128,Desert Southwest,Outfitter,Recreation Services,15,22183.06,7038.99,41418.08,0,100,7,5.92,5916.87,32.879,8.194,23.9,0
C-01129,Mountain Central,Outdoor Retail,Retail,16,92414.28,55797.46,666287.99,4,12,22,3.39,30285.82,47.285,38.68,74.5,1
C-01130,Mountain Central,Resort,Hospitality,13,34541.6,15591.12,134610.36,3,59,29,6.77,4641.74,53.216,10.089,36.0,1
C-01131,Mountain Central,Outdoor Retail,Retail,11,21911.55,8902.84,66486.46,1,14,7,4.52,9498.07,19.867,88.751,45.0,0
C-01132,Mountain North,Outdoor Retail,Retail,5,23345.28,9640.49,55727.59,1,37,15,1.41,3715.17,57.727,80.147,28.1,0
C-01133,Desert Southwest,School District,Public Sector,43,250000.0,200893.47,2952327.79,3,33,69,3.04,42787.36,40.577,89.5,200.1,0
C-01134,Desert Southwest,Outdoor Retail,Retail,11,25270.56,7687.23,34802.75,1,34,10,5.46,3480.27,18.401,21.889,27.8,0
C-01135,Mountain North,Outdoor Retail,Retail,20,39515.58,14966.44,118317.25,3,19,4,2.36,29579.31,68.836,33.922,39.9,0
C-01136,Mountain North,Outdoor Retail,Retail,40,36482.47,17735.13,147202.38,2,48,56,6.36,2628.61,53.346,75.946,29.5,1
C-01137,Mountain North,School District,Public Sector,5,11796.65,3354.61,10212.18,1,9,5,1.79,2042.44,49.365,25.938,29.1,0
C-01138,Mountain Central,School District,Public Sector,39,110478.94,73180.46,1042369.98,1,144,44,0.0,23690.23,51.132,42.304,92.1,0
C-01139,Mountain Central,Resort,Hospitality,59,13094.75,4303.69,19162.05,3,48,3,6.38,6387.35,60.299,55.058,27.2,0
C-01140,Desert Southwest,Outdoor Retail,Retail,32,53490.58,35163.28,362579.24,4,25,10,3.25,36257.92,42.045,40.68,52.3,0
C-01141,Mountain North,School District,Public Sector,46,19810.61,6715.94,41906.46,3,25,28,0.0,1496.66,32.305,30.78,42.3,0
C-01142,Mountain North,Outfitter,Recreation Services,7,29089.74,12831.28,110429.9,2,10,19,7.97,5812.1,55.434,49.191,24.0,0
C-01143,Mountain Central,Outdoor Retail,Retail,10,38770.51,20926.54,174975.23,0,46,18,5.85,9720.85,39.768,32.924,28.7,0
C-01144,Mountain Central,Resort,Hospitality,69,18940.16,7789.43,52876.07,1,63,17,4.46,3110.36,37.671,59.459,22.3,0
C-01145,Mountain North,Outdoor Retail,Retail,20,42772.99,22828.66,191388.64,2,42,18,2.53,10632.7,30.716,6.67,36.9,0
C-01146,Mountain North,School District,Public Sector,37,20400.81,8437.08,46913.83,2,56,10,1.77,4691.38,53.363,33.181,20.9,0
C-01147,Mountain Central,Outdoor Retail,Retail,24,23969.62,9155.28,68133.76,2,21,24,5.24,2838.91,53.87,2.585,24.3,0
C-01148,Mountain Central,School District,Public Sector,58,117443.2,80670.49,923222.16,1,64,22,1.77,41964.64,66.728,20.334,95.1,0
C-01149,Mountain North,Outdoor Retail,Retail,21,61360.71,29269.53,255501.11,3,29,19,4.06,13447.43,64.029,47.652,44.1,0
C-01150,Mountain North,Outdoor Retail,Retail,49,66559.63,49118.9,501536.19,4,50,14,0.24,35824.01,42.536,35.993,66.4,0
C-01151,Desert Southwest,Outdoor Retail,Retail,70,24273.05,7052.19,55327.18,1,27,18,4.27,3073.73,51.857,33.281,20.3,0
C-01152,Mountain North,Outfitter,Recreation Services,57,17496.25,6340.36,33410.52,1,24,4,5.64,8352.63,55.837,28.148,22.2,0
C-01153,Desert Southwest,School District,Public Sector,93,92069.9,55702.47,679788.09,4,37,35,0.53,19422.52,57.223,6.388,84.5,0
C-01154,Desert Southwest,Resort,Hospitality,12,15748.62,7181.76,41690.24,1,64,10,2.16,4169.02,75.121,98.936,31.6,0
C-01155,Mountain North,Outfitter,Recreation Services,66,32471.61,15109.36,114917.9,1,11,19,7.94,6048.31,62.074,50.883,25.2,0
C-01156,Desert Southwest,Outfitter,Recreation Services,51,25472.25,12925.22,110868.73,1,37,21,4.55,5279.46,37.423,74.842,27.9,0
C-01157,Mountain Central,Outfitter,Recreation Services,23,12856.45,4183.94,15298.99,1,68,10,7.64,1529.9,39.613,46.324,14.9,0
C-01158,Desert Southwest,Resort,Hospitality,10,9321.4,2648.5,11736.18,3,18,7,3.21,1676.6,62.77,23.481,25.4,0
C-01159,Mountain Central,Resort,Hospitality,26,49827.71,26963.43,265700.75,2,24,11,7.95,24154.61,51.357,70.73,51.3,0
C-01160,Mountain North,Outfitter,Recreation Services,8,118262.56,72232.88,948374.43,3,20,33,5.08,28738.62,64.304,88.019,81.8,0
C-01161,Mountain Central,School District,Public Sector,52,25239.24,10451.3,63312.19,1,85,20,3.8,3165.61,52.803,19.021,42.0,0
C-01162,Mountain North,Resort,Hospitality,20,13121.92,4135.23,14716.39,1,27,12,2.05,1226.37,43.059,35.058,35.7,0
C-01163,Mountain Central,School District,Public Sector,13,27296.15,8359.22,55922.97,0,148,7,1.73,7989.0,52.388,50.065,31.5,0
C-01164,Mountain Central,Resort,Hospitality,15,34499.71,16761.13,125731.85,5,31,10,3.33,12573.18,32.011,99.005,53.9,1
C-01165,Mountain Central,Outdoor Retail,Retail,16,18329.11,8462.7,49260.71,3,50,23,2.23,2141.77,65.481,40.747,36.1,1
C-01166,Mountain Central,Outdoor Retail,Retail,34,28955.78,12532.57,102702.98,4,22,16,6.8,6418.94,65.266,23.503,32.6,0
C-01167,Desert Southwest,School District,Public Sector,67,13291.04,4434.36,28758.84,0,10,9,1.4,3195.43,45.248,78.14,26.6,1
C-01168,Mountain Central,Outfitter,Recreation Services,27,20765.37,7258.22,43251.71,2,21,20,4.83,2162.59,68.537,92.86,26.2,0
C-01169,Mountain North,Outfitter,Recreation Services,18,10437.14,3055.88,15810.57,0,76,2,3.73,7905.29,55.227,1.188,16.0,0
C-01170,Mountain Central,Outdoor Retail,Retail,32,23390.59,7972.21,47299.69,4,8,14,3.1,3378.55,40.521,56.559,34.5,0
C-01171,Mountain North,School District,Public Sector,33,78992.34,44014.39,498109.16,3,53,21,1.44,23719.48,59.473,18.622,68.6,0
C-01172,Mountain Central,Outfitter,Recreation Services,47,16960.25,6254.41,46386.93,2,68,6,2.52,7731.15,39.111,0.511,32.8,0
C-01173,Mountain North,Outdoor Retail,Retail,10,20064.53,7774.48,52253.51,1,41,8,2.2,6531.69,61.704,41.481,32.4,0
C-01174,Mountain North,School District,Public Sector,28,17995.44,6478.58,35672.27,1,53,22,5.53,1621.47,70.448,4.58,19.5,0
C-01175,Mountain Central,Outfitter,Recreation Services,67,42485.7,19598.81,164209.09,1,6,17,3.63,9659.36,25.064,45.397,28.9,0
C-01176,Mountain North,Resort,Hospitality,15,14135.44,3980.39,20271.01,2,5,13,3.74,1559.31,48.381,26.301,22.8,0
C-01177,Mountain Central,School District,Public Sector,10,21639.72,6099.79,34637.61,2,39,14,0.21,2474.11,68.143,0.047,40.2,0
C-01178,Mountain Central,Outdoor Retail,Retail,2,24739.34,8249.44,56022.61,1,10,13,6.88,4309.43,66.187,52.139,28.0,1
C-01179,Mountain Central,Outdoor Retail,Retail,11,39053.54,20978.37,229251.18,1,20,15,3.29,15283.41,67.086,13.222,20.8,0
C-01180,Mountain Central,School District,Public Sector,24,29321.64,11699.63,78569.84,6,15,18,3.09,4364.99,50.582,70.955,52.2,1
C-01181,Mountain Central,Resort,Hospitality,38,40768.69,20205.58,202777.58,2,25,14,1.45,14484.11,53.291,3.611,42.2,0
C-01182,Mountain North,Outdoor Retail,Retail,22,17441.56,8926.1,62232.32,3,16,16,5.53,3889.52,37.512,24.767,30.0,1
C-01183,Mountain Central,School District,Public Sector,31,34794.33,17701.61,158627.28,1,28,10,0.86,15862.73,52.145,76.391,46.3,0
C-01184,Mountain Central,Resort,Hospitality,55,52753.22,30633.21,275747.92,1,67,12,8.34,22978.99,60.455,43.602,42.2,0
C-01185,Mountain North,Resort,Hospitality,25,31729.21,13052.83,86005.38,1,29,31,2.2,2774.37,51.402,33.173,28.0,0
C-01186,Mountain North,Outdoor Retail,Retail,20,41532.89,21276.98,211561.46,1,33,10,3.98,21156.15,71.072,55.267,36.7,0
C-01187,Mountain North,Resort,Hospitality,46,16741.68,7314.23,50111.08,0,13,13,0.0,3854.7,34.613,50.348,26.1,0
C-01188,Mountain Central,Resort,Hospitality,29,11969.98,3815.79,17818.45,1,36,17,0.14,1048.14,60.258,61.134,27.3,0
C-01189,Mountain North,Outfitter,Recreation Services,47,26364.58,11546.43,63405.1,1,13,5,5.02,12681.02,8.682,7.956,21.4,0
C-01190,Mountain North,Resort,Hospitality,31,38232.32,23875.23,263141.39,2,32,14,1.64,18795.81,49.924,82.642,50.1,0
C-01191,Mountain Central,Outfitter,Recreation Services,35,48654.31,29737.28,304710.52,0,27,15,6.8,20314.03,46.928,89.915,33.1,0
C-01192,Mountain North,School District,Public Sector,36,13471.16,2289.06,10093.34,0,28,21,0.58,480.64,65.842,19.085,23.5,0
C-01193,Mountain Central,Outdoor Retail,Retail,10,28832.75,12458.02,100130.66,4,23,13,6.98,7702.36,66.338,23.03,35.7,1
C-01194,Mountain Central,Outdoor Retail,Retail,17,30236.7,12939.43,87494.97,1,24,15,3.68,5833.0,75.626,91.947,13.1,0
C-01195,Mountain North,Outdoor Retail,Retail,3,7192.35,1714.78,7141.28,4,9,2,4.51,3570.64,27.57,5.743,32.0,1
C-01196,Desert Southwest,Resort,Hospitality,6,8523.69,1754.84,5418.7,0,19,19,1.85,285.19,86.534,56.595,23.6,0
C-01197,Desert Southwest,Outfitter,Recreation Services,17,25833.53,9238.54,74050.28,1,13,13,2.72,5696.18,41.776,90.775,26.3,1
C-01198,Mountain North,School District,Public Sector,29,43288.5,17554.75,180943.18,0,6,21,3.97,8616.34,39.6,41.569,31.4,0
C-01199,Mountain North,School District,Public Sector,25,32275.62,14756.82,101512.55,5,11,4,3.48,25378.14,45.142,3.937,53.8,1
C-01200,Desert Southwest,Resort,Hospitality,69,105662.67,67088.56,932159.72,3,50,23,1.2,40528.68,25.328,88.587,90.4,0
C-01201,Desert Southwest,School District,Public Sector,17,26724.43,7866.73,60586.21,2,30,8,1.36,7573.28,52.734,45.715,41.6,0
C-01202,Mountain North,Outdoor Retail,Retail,21,70222.18,44516.05,366787.14,2,31,17,4.25,21575.71,51.035,38.319,53.5,0
C-01203,Mountain Central,Resort,Hospitality,44,27826.99,11703.91,95353.54,2,48,17,1.41,5609.03,46.829,55.77,25.1,0
C-01204,Desert Southwest,Outdoor Retail,Retail,17,55386.19,28687.94,269296.44,2,16,16,4.25,16831.03,46.787,63.97,50.0,0
C-01205,Mountain North,School District,Public Sector,5,41281.9,17844.41,138616.8,2,130,10,3.62,13861.68,57.661,85.6,35.9,0
C-01206,Mountain North,Outdoor Retail,Retail,15,19747.78,6671.03,42412.43,0,23,6,5.48,7068.74,35.335,25.295,18.3,0
C-01207,Mountain North,Outdoor Retail,Retail,14,65535.64,37608.15,397831.02,1,44,19,5.13,20938.47,58.113,29.75,41.9,1
C-01208,Mountain Central,Outdoor Retail,Retail,27,34193.15,17679.71,146595.72,1,17,15,5.98,9773.05,65.503,67.745,27.5,1
C-01209,Mountain North,School District,Public Sector,17,29859.69,13659.62,104758.83,3,41,17,2.41,6162.28,21.647,36.271,46.9,0
C-01210,Mountain North,Outdoor Retail,Retail,15,16492.46,4803.22,18642.3,2,24,15,6.34,1242.82,47.037,79.06,23.3,0
C-01211,Mountain North,Outdoor Retail,Retail,17,27087.06,14502.79,97719.76,6,26,19,3.27,5143.15,36.437,41.74,46.5,0
C-01212,Mountain Central,Outdoor Retail,Retail,33,30809.95,11961.23,84287.57,1,10,15,1.75,5619.17,48.97,31.678,34.8,0
C-01213,Desert Southwest,Outdoor Retail,Retail,23,53659.31,29498.81,294627.61,5,31,11,8.28,26784.33,48.107,85.322,49.1,1
C-01214,Mountain Central,Outdoor Retail,Retail,45,19952.58,7343.92,37150.96,2,9,17,2.57,2185.35,47.324,74.124,28.4,0
C-01215,Mountain North,School District,Public Sector,36,31477.52,15837.74,116983.1,1,19,18,0.55,6499.06,79.343,82.767,31.4,0
C-01216,Mountain Central,School District,Public Sector,26,27185.16,11736.69,97004.42,1,13,6,1.47,16167.4,43.717,72.22,32.6,0
C-01217,Desert Southwest,School District,Public Sector,37,59837.6,29225.25,262684.51,1,34,10,3.76,26268.45,55.733,57.383,57.8,0
C-01218,Mountain Central,Resort,Hospitality,72,89191.28,52261.36,592322.34,1,63,22,5.82,26923.74,40.016,27.681,61.5,0
C-01219,Mountain North,Resort,Hospitality,6,35704.53,15964.5,150425.84,2,13,18,2.86,8356.99,23.797,64.222,44.3,0
C-01220,Mountain Central,School District,Public Sector,22,34489.98,12768.99,111020.82,0,19,14,3.84,7930.06,20.364,28.027,33.4,0
C-01221,Mountain North,Outfitter,Recreation Services,21,56338.9,34520.99,402463.5,2,55,20,0.9,20123.18,60.498,73.474,49.5,0
C-01222,Mountain North,Outdoor Retail,Retail,15,26445.97,13451.13,99163.29,3,9,23,3.45,4311.45,45.71,90.911,31.0,0
C-01223,Mountain North,Outfitter,Recreation Services,25,51145.9,32642.18,306219.75,3,11,17,6.44,18012.93,37.27,70.003,38.9,0
C-01224,Mountain North,Outdoor Retail,Retail,33,60537.98,32262.23,321960.26,2,44,30,3.44,10732.01,48.586,44.773,40.4,1
C-01225,Mountain North,Outdoor Retail,Retail,31,34763.57,16536.76,133478.6,2,42,12,5.28,11123.22,70.676,97.377,41.8,0
C-01226,Mountain North,Outdoor Retail,Retail,20,21787.65,7961.16,36277.95,1,29,4,4.66,9069.49,44.246,12.768,19.2,1
C-01227,Mountain Central,Resort,Hospitality,15,13712.88,4799.61,23248.36,1,51,6,5.61,3874.73,88.302,47.293,20.1,0
C-01228,Desert Southwest,Resort,Hospitality,40,59715.37,42323.39,432381.39,1,20,18,5.27,24021.19,46.42,73.061,64.7,0
C-01229,Desert Southwest,Outfitter,Recreation Services,35,32047.17,14671.01,110998.78,0,60,8,5.21,13874.85,53.043,15.902,33.8,0
C-01230,Mountain North,Outfitter,Recreation Services,10,57397.65,31696.36,309664.74,1,4,31,4.44,9989.19,48.248,16.415,37.2,0
C-01231,Desert Southwest,Outfitter,Recreation Services,18,16883.51,6008.5,32268.83,0,36,8,7.45,4033.6,46.633,94.926,4.8,1
C-01232,Desert Southwest,Resort,Hospitality,12,86964.51,55000.54,706946.9,1,18,24,0.14,29456.12,48.948,71.694,71.0,0
C-01233,Mountain North,Resort,Hospitality,22,11586.77,4445.82,17646.93,0,23,9,1.7,1960.77,18.281,9.884,18.6,0
C-01234,Mountain North,Outfitter,Recreation Services,9,19158.38,9206.11,53136.55,3,79,2,6.18,26568.27,34.773,58.807,23.5,1
C-01235,Desert Southwest,Outfitter,Recreation Services,42,32834.49,13356.86,91479.13,4,64,7,2.42,13068.45,46.339,9.63,49.7,1
C-01236,Mountain Central,School District,Public Sector,36,123605.02,79239.68,835564.79,2,27,32,0.72,26111.4,46.96,5.939,95.2,0
C-01237,Desert Southwest,Outdoor Retail,Retail,16,30326.94,15038.86,124664.56,0,32,9,5.93,13851.62,62.284,60.238,27.5,0
C-01238,Mountain Central,Resort,Hospitality,63,48983.8,23983.63,235185.98,1,127,30,0.0,7839.53,59.647,44.743,38.7,0
C-01239,Mountain North,Outdoor Retail,Retail,19,35543.13,18218.79,140054.39,3,30,11,3.94,12732.22,69.622,58.677,36.2,0
C-01240,Desert Southwest,Outfitter,Recreation Services,42,19140.56,8672.24,54718.37,2,68,15,1.48,3647.89,29.918,75.02,34.4,0
C-01241,Mountain Central,Outdoor Retail,Retail,35,28633.42,10972.64,74345.28,0,14,7,7.45,10620.75,50.043,94.194,28.4,0
C-01242,Mountain North,Outdoor Retail,Retail,35,47235.79,23540.55,240482.34,2,26,14,4.39,17177.31,60.479,4.029,49.0,0
C-01243,Desert Southwest,School District,Public Sector,14,12168.09,3385.41,12085.44,0,37,11,1.19,1098.68,51.853,92.607,27.2,0
C-01244,Mountain Central,Outdoor Retail,Retail,63,6279.9,1204.33,2937.58,1,73,2,3.23,1468.79,58.412,27.205,14.6,0
C-01245,Mountain Central,Resort,Hospitality,11,27981.44,15084.8,104908.19,3,50,17,1.42,6171.07,79.867,34.592,45.9,0
C-01246,Mountain North,Outfitter,Recreation Services,8,35983.21,14642.6,132554.86,4,29,15,6.31,8836.99,44.378,62.514,30.5,0
C-01247,Mountain Central,Outfitter,Recreation Services,11,57581.37,27161.31,258475.59,3,21,16,4.55,16154.72,67.621,52.057,44.7,0
C-01248,Desert Southwest,School District,Public Sector,20,42870.68,16908.0,169303.25,0,38,31,2.45,5461.4,31.946,71.554,34.9,0
C-01249,Mountain Central,Outdoor Retail,Retail,6,37639.63,18381.24,159333.1,2,75,19,7.12,8385.95,56.68,49.466,35.9,0
C-01250,Mountain Central,Outdoor Retail,Retail,61,56992.4,35597.81,360485.33,1,68,31,3.61,11628.56,65.728,41.295,53.7,0
C-01251,Mountain North,Outdoor Retail,Retail,59,18918.97,8424.66,55810.42,3,56,11,3.36,5073.67,70.689,4.863,36.2,1
C-01252,Mountain North,Outdoor Retail,Retail,46,49012.06,26219.88,228373.61,3,12,17,0.0,13433.74,72.543,97.273,47.3,0
C-01253,Desert Southwest,Outdoor Retail,Retail,9,17656.42,4657.43,27868.84,0,39,13,4.8,2143.76,63.773,96.132,14.9,0
C-01254,Mountain Central,Resort,Hospitality,12,17780.6,7738.74,46637.89,2,23,9,2.93,5181.99,45.892,77.658,23.7,0
C-01255,Mountain Central,Outfitter,Recreation Services,14,17200.78,6828.51,34968.01,0,50,15,3.49,2331.2,57.505,5.24,28.7,0
C-01256,Desert Southwest,Resort,Hospitality,29,9357.71,1052.76,3801.11,1,24,15,2.49,253.41,16.139,62.539,16.1,0
C-01257,Mountain North,Outdoor Retail,Retail,29,24844.47,11062.25,83776.07,1,32,22,5.24,3808.0,42.843,77.528,37.3,0
C-01258,Desert Southwest,School District,Public Sector,20,30976.01,12775.56,102670.45,2,95,13,1.86,7897.73,51.669,95.464,32.5,0
C-01259,Desert Southwest,School District,Public Sector,56,24025.8,10933.76,80131.38,2,11,4,3.02,20032.85,45.928,12.65,50.7,0
C-01260,Mountain North,Outfitter,Recreation Services,19,19906.45,9000.57,63778.51,4,41,10,1.31,6377.85,33.758,63.574,38.2,0
C-01261,Mountain Central,School District,Public Sector,19,5247.91,1094.59,2810.28,0,84,4,1.59,702.57,59.313,81.016,20.1,0
C-01262,Mountain North,School District,Public Sector,23,36216.54,14052.92,135015.2,1,73,28,1.28,4821.97,49.796,43.764,40.2,0
C-01263,Mountain Central,School District,Public Sector,7,15661.72,4114.99,24547.33,1,49,32,1.84,767.1,55.022,16.081,38.6,0
C-01264,Mountain Central,Resort,Hospitality,68,71327.23,40428.75,381085.47,2,13,16,2.5,23817.84,34.234,33.724,47.0,0
C-01265,Mountain North,Resort,Hospitality,17,30259.06,15089.33,111997.2,2,40,6,1.87,18666.2,56.312,90.953,34.9,0
C-01266,Mountain Central,Outfitter,Recreation Services,24,41661.4,26040.01,261331.72,2,15,23,4.96,11362.25,47.088,29.297,46.7,1
C-01267,Mountain Central,Outdoor Retail,Retail,12,28069.98,13379.19,95488.73,0,87,23,5.39,4151.68,69.452,66.313,24.8,0
C-01268,Mountain North,Resort,Hospitality,30,27661.37,12994.25,108388.76,2,51,10,3.19,10838.88,46.092,26.092,33.8,0
C-01269,Mountain Central,School District,Public Sector,62,86843.36,50654.86,543441.82,3,27,31,0.68,17530.38,46.507,21.374,65.3,0
C-01270,Mountain Central,School District,Public Sector,38,53795.94,22360.64,187822.08,0,50,14,1.38,13415.86,16.407,6.821,44.1,0
C-01271,Mountain Central,Outdoor Retail,Retail,87,37508.12,19524.7,147684.6,2,17,12,3.08,12307.05,45.556,78.084,35.6,0
C-01272,Mountain Central,Resort,Hospitality,29,28796.2,10239.55,78837.79,1,29,18,6.41,4379.88,31.719,63.521,32.5,0
C-01273,Mountain North,Resort,Hospitality,74,39772.31,20844.25,224568.17,0,56,11,2.58,20415.29,31.494,16.914,30.4,0
C-01274,Mountain Central,Outdoor Retail,Retail,73,35180.5,18057.28,167114.4,1,12,37,2.54,4516.61,68.165,61.726,31.9,0
C-01275,Desert Southwest,Outdoor Retail,Retail,4,18698.83,4976.65,24844.79,2,38,17,2.64,1461.46,22.677,16.257,28.3,0
C-01276,Mountain Central,Outdoor Retail,Retail,14,53192.68,25586.45,236747.47,3,45,14,3.81,16910.53,68.858,54.747,53.5,1
C-01277,Desert Southwest,Resort,Hospitality,37,140823.01,98577.77,1374524.47,2,57,49,1.83,28051.52,48.243,59.589,109.0,1
C-01278,Desert Southwest,School District,Public Sector,5,26219.5,10729.61,77938.06,1,29,9,5.73,8659.78,45.607,13.469,27.8,0
C-01279,Mountain North,School District,Public Sector,5,54228.9,26137.4,272636.03,1,81,11,1.45,24785.09,45.059,15.923,40.6,0
C-01280,Desert Southwest,School District,Public Sector,37,28167.27,10748.56,70242.5,3,22,10,2.54,7024.25,29.231,97.648,40.5,0
C-01281,Mountain Central,Outdoor Retail,Retail,48,59981.85,34718.02,409616.39,4,8,23,3.21,17809.41,53.719,56.254,69.8,0
C-01282,Mountain North,School District,Public Sector,17,44226.6,22999.59,179483.62,3,15,16,2.85,11217.73,74.649,92.605,51.1,0
C-01283,Mountain North,Outdoor Retail,Retail,18,26887.6,11355.21,60929.96,1,13,7,1.26,8704.28,56.522,60.634,25.2,0
C-01284,Mountain Central,Outfitter,Recreation Services,33,61630.76,29024.17,340586.28,0,6,37,5.21,9205.03,38.356,5.338,36.5,0
C-01285,Mountain Central,Resort,Hospitality,33,36080.19,17734.59,162500.5,0,29,11,2.36,14772.77,56.899,49.01,17.4,0
C-01286,Mountain Central,Resort,Hospitality,28,103901.28,47718.91,484943.21,0,54,22,3.32,22042.87,26.593,66.414,53.6,0
C-01287,Mountain Central,Outfitter,Recreation Services,54,13935.68,5069.95,23714.88,1,21,18,8.96,1317.49,52.636,69.008,19.3,0
C-01288,Mountain North,Outfitter,Recreation Services,84,41932.76,22239.48,177321.46,4,9,8,4.36,22165.18,36.006,57.107,39.6,1
C-01289,Mountain Central,Resort,Hospitality,24,10320.14,2068.0,9689.52,2,4,12,6.69,807.46,52.659,84.448,18.4,0
C-01290,Mountain Central,School District,Public Sector,39,52342.46,31107.23,355832.45,1,32,18,2.47,19768.47,69.053,85.028,59.0,0
C-01291,Mountain Central,Outdoor Retail,Retail,10,64777.41,35047.9,347188.14,0,8,16,3.8,21699.26,51.219,70.859,45.8,0
C-01292,Desert Southwest,School District,Public Sector,40,37184.85,15346.93,119210.88,4,23,30,0.0,3973.7,57.382,50.574,51.3,0
C-01293,Mountain Central,Outfitter,Recreation Services,37,33466.46,16886.74,130577.74,2,22,10,3.82,13057.77,50.788,47.608,34.8,0
C-01294,Desert Southwest,School District,Public Sector,35,30297.99,15783.47,129813.24,1,39,7,1.47,18544.75,47.546,45.549,37.7,0
C-01295,Mountain North,Outdoor Retail,Retail,29,35650.63,18550.1,172561.39,4,27,27,7.77,6391.16,50.32,16.714,29.1,0
C-01296,Mountain North,Resort,Hospitality,25,52585.48,27519.62,238109.18,1,14,23,3.79,10352.57,75.239,71.287,33.8,0
C-01297,Desert Southwest,Outdoor Retail,Retail,13,48092.01,25817.56,237355.86,2,14,10,5.73,23735.59,26.518,40.472,43.8,0
C-01298,Mountain Central,Outdoor Retail,Retail,1,48819.91,21888.35,195855.43,2,70,20,4.05,9792.77,44.133,81.446,43.4,0
C-01299,Mountain North,School District,Public Sector,21,59978.35,26884.17,231804.19,3,94,15,2.5,15453.61,34.48,22.288,52.7,0
C-01300,Mountain Central,School District,Public Sector,45,24082.66,11642.06,62432.15,1,37,7,0.8,8918.88,41.299,54.412,35.9,0
C-01301,Mountain Central,School District,Public Sector,42,48163.5,25078.9,233944.32,0,75,20,3.15,11697.22,37.424,88.156,43.1,0
C-01302,Mountain North,Outdoor Retail,Retail,13,16425.24,4897.72,23189.08,1,16,5,5.25,4637.82,46.758,31.946,23.2,0
C-01303,Mountain Central,Outfitter,Recreation Services,21,55709.41,32281.72,275237.74,4,29,31,5.14,8878.64,32.063,99.142,36.7,0
C-01304,Mountain Central,Resort,Hospitality,41,18037.13,7062.45,34445.71,0,80,11,4.14,3131.43,44.626,38.529,17.3,1
C-01305,Desert Southwest,School District,Public Sector,31,28823.3,13676.01,120103.35,1,12,12,0.64,10008.61,54.253,27.738,32.8,0
C-01306,Desert Southwest,Outdoor Retail,Retail,35,59509.82,36573.16,366965.08,2,22,24,6.76,15290.21,57.795,34.749,58.4,0
C-01307,Mountain Central,Outdoor Retail,Retail,7,7953.65,1030.15,2947.03,0,12,25,0.94,117.88,49.713,3.34,20.6,0
C-01308,Mountain Central,School District,Public Sector,9,26762.4,9470.8,57361.66,2,35,25,0.0,2294.47,43.693,54.351,31.3,0
C-01309,Mountain North,School District,Public Sector,35,12903.92,4398.98,25298.52,0,27,16,1.83,1581.16,29.484,22.912,18.2,0
C-01310,Mountain Central,Outdoor Retail,Retail,19,20759.07,6319.01,39155.61,4,61,7,3.1,5593.66,66.846,73.656,36.8,0
C-01311,Mountain Central,School District,Public Sector,65,36973.74,15577.58,101164.61,2,10,24,0.96,4215.19,33.518,84.631,45.0,0
C-01312,Desert Southwest,Outdoor Retail,Retail,7,7314.58,500.0,2000.0,0,58,9,4.28,222.22,65.489,66.372,23.0,0
C-01313,Mountain Central,School District,Public Sector,23,47486.13,20984.81,166389.35,0,30,21,2.91,7923.3,45.315,7.88,40.1,0
C-01314,Mountain Central,Outfitter,Recreation Services,19,9095.23,2633.66,12312.66,2,3,8,2.21,1539.08,42.689,45.146,16.8,1
C-01315,Mountain Central,School District,Public Sector,72,68630.67,41976.85,399790.22,3,82,16,2.47,24986.89,68.987,92.137,68.5,0
C-01316,Mountain North,Outdoor Retail,Retail,23,28077.01,8259.57,59335.41,2,72,18,3.72,3296.41,70.309,35.223,37.7,1
C-01317,Mountain North,School District,Public Sector,9,52762.81,27609.15,236644.97,1,50,20,4.15,11832.25,41.16,91.129,55.2,0
C-01318,Mountain Central,Outdoor Retail,Retail,12,33088.57,15239.01,113185.74,3,14,5,4.96,22637.15,54.836,47.269,34.3,0
C-01319,Mountain North,Outfitter,Recreation Services,19,72540.16,46997.54,555078.03,2,32,25,2.75,22203.12,43.666,40.032,54.4,0
C-01320,Mountain North,Outdoor Retail,Retail,14,25166.6,11407.58,88241.95,2,31,15,6.73,5882.8,44.847,63.894,16.2,1
C-01321,Mountain North,Outdoor Retail,Retail,2,30907.99,10808.29,80794.53,1,74,17,6.16,4752.62,29.902,15.573,16.8,0
C-01322,Mountain North,Outdoor Retail,Retail,28,62509.41,34597.38,286200.02,1,21,21,9.35,13628.57,22.248,92.789,48.4,0
C-01323,Mountain Central,Outfitter,Recreation Services,11,9197.09,1300.65,4906.63,0,58,4,5.62,1226.66,37.684,77.716,22.9,0
C-01324,Mountain North,Outdoor Retail,Retail,22,34359.52,15508.33,109316.59,5,15,8,1.15,13664.57,37.78,4.32,55.3,1
C-01325,Desert Southwest,Outdoor Retail,Retail,13,19881.9,7283.23,48187.26,0,53,13,4.0,3706.71,71.411,74.607,12.4,0
C-01326,Mountain North,Outdoor Retail,Retail,21,39871.4,17909.3,158366.7,3,78,34,3.98,4657.84,68.476,71.966,36.2,0
C-01327,Mountain North,Outdoor Retail,Retail,31,31419.75,12862.08,93526.76,0,78,19,4.53,4922.46,21.743,89.492,19.5,0
C-01328,Mountain Central,Outdoor Retail,Retail,16,9095.71,1824.08,7093.06,2,65,8,2.53,886.63,51.389,11.549,34.1,0
C-01329,Mountain North,Outdoor Retail,Retail,26,17412.49,6668.36,36973.2,1,9,21,2.84,1760.63,54.544,77.485,25.8,0
C-01330,Mountain Central,School District,Public Sector,79,16713.05,4552.82,30566.86,1,12,18,3.28,1698.16,45.787,83.738,16.9,0
C-01331,Mountain Central,School District,Public Sector,37,86310.42,52714.46,588213.13,1,41,17,1.21,34600.77,49.974,18.322,72.2,0
C-01332,Mountain North,Resort,Hospitality,15,56852.63,30197.78,255703.88,2,38,14,4.93,18264.56,25.436,21.535,53.0,0
C-01333,Mountain Central,Outdoor Retail,Retail,9,44961.66,24159.05,255658.6,2,10,20,5.54,12782.93,40.455,4.779,39.4,1
C-01334,Desert Southwest,Outdoor Retail,Retail,44,42255.36,23938.01,232057.3,0,16,9,3.52,25784.14,48.808,63.567,43.6,0
C-01335,Mountain Central,School District,Public Sector,34,34838.33,20664.93,207218.57,2,39,9,1.96,23024.29,41.459,22.947,43.6,0
C-01336,Desert Southwest,Outdoor Retail,Retail,8,47571.2,28626.79,298776.09,4,85,28,4.09,10670.57,79.272,19.692,58.2,1
C-01337,Desert Southwest,Outdoor Retail,Retail,41,20782.27,7545.46,49722.37,0,59,6,5.09,8287.06,57.06,9.707,16.5,1
C-01338,Mountain Central,School District,Public Sector,23,18373.61,8840.35,68005.76,0,4,15,0.0,4533.72,91.059,3.239,28.3,0
C-01339,Mountain Central,School District,Public Sector,36,63749.41,39633.59,383764.47,1,53,17,2.11,22574.38,57.13,75.997,58.9,0
C-01340,Desert Southwest,Resort,Hospitality,10,7647.15,1877.38,4365.52,1,24,21,1.46,207.88,74.408,99.15,14.0,0
C-01341,Desert Southwest,Outdoor Retail,Retail,42,53977.69,27459.71,256067.19,2,40,19,4.8,13477.22,71.591,54.847,36.8,0
C-01342,Mountain Central,Outdoor Retail,Retail,27,69243.59,33699.92,318313.02,0,51,18,2.01,17684.06,30.681,0.794,46.8,0
C-01343,Mountain Central,School District,Public Sector,14,39351.64,18470.6,163981.74,4,46,13,0.21,12613.98,48.44,30.662,46.2,1
C-01344,Mountain Central,Outdoor Retail,Retail,62,13568.59,6152.44,38206.78,5,17,15,5.13,2547.12,62.203,68.744,39.0,1
C-01345,Desert Southwest,Resort,Hospitality,23,42954.29,19407.19,164311.94,2,7,12,4.79,13692.66,21.239,32.186,37.6,0
C-01346,Desert Southwest,Resort,Hospitality,57,96163.5,55032.74,606526.16,1,14,28,5.38,21661.65,18.559,37.759,66.2,0
C-01347,Desert Southwest,Outdoor Retail,Retail,52,48709.03,25205.21,239599.34,0,65,33,4.28,7260.59,87.277,69.073,29.7,0
C-01348,Mountain North,School District,Public Sector,19,22051.74,8411.49,58457.45,3,50,10,3.91,5845.75,72.305,58.409,41.9,0
C-01349,Desert Southwest,School District,Public Sector,14,15575.67,4588.31,26355.09,2,73,6,0.27,4392.51,63.963,49.757,37.3,0
C-01350,Mountain Central,Outdoor Retail,Retail,28,35317.46,15562.7,129468.11,2,50,11,1.87,11769.83,72.575,46.665,49.6,1
C-01351,Mountain Central,Resort,Hospitality,31,38968.13,17589.3,156250.32,1,30,6,2.75,26041.72,32.014,89.634,47.5,0
C-01352,Mountain Central,Resort,Hospitality,8,30260.29,13961.19,114251.12,3,32,11,1.54,10386.47,27.97,5.527,47.4,0
C-01353,Desert Southwest,Outdoor Retail,Retail,49,50401.5,26089.92,234311.65,2,54,25,5.12,9372.47,35.455,24.495,36.7,1
C-01354,Mountain North,Resort,Hospitality,15,32810.83,12008.72,92636.44,1,24,20,3.68,4631.82,63.839,70.952,13.7,0
C-01355,Mountain North,Outdoor Retail,Retail,5,24660.93,9684.85,62182.44,3,20,15,3.39,4145.5,61.504,66.163,31.5,0
C-01356,Mountain Central,Resort,Hospitality,29,37275.62,20764.66,186168.77,4,16,12,0.0,15514.06,76.082,82.295,38.2,0
C-01357,Desert Southwest,Outdoor Retail,Retail,45,27886.31,10343.36,85240.31,1,19,15,3.92,5682.69,30.446,6.876,31.2,0
C-01358,Desert Southwest,Resort,Hospitality,34,32549.23,18385.75,152698.03,1,30,10,2.86,15269.8,49.5,24.985,40.5,0
C-01359,Mountain North,Resort,Hospitality,52,64473.54,35502.33,335485.36,2,117,32,1.86,10483.92,68.246,6.764,29.6,0
C-01360,Mountain Central,Outdoor Retail,Retail,63,38126.58,23061.95,193998.75,4,22,17,2.94,11411.69,64.979,99.192,50.5,0
C-01361,Mountain Central,Outfitter,Recreation Services,43,42742.06,20585.72,195763.13,1,81,11,4.25,17796.65,27.733,68.565,37.2,1
C-01362,Mountain Central,School District,Public Sector,17,14539.13,4810.57,27449.48,4,45,23,0.21,1193.46,74.964,37.444,41.7,0
C-01363,Mountain Central,Outfitter,Recreation Services,23,80837.01,48416.03,523351.48,0,25,19,4.04,27544.81,50.421,66.901,52.3,0
C-01364,Mountain Central,Outdoor Retail,Retail,33,12386.44,3386.48,21437.19,1,18,14,4.66,1531.23,49.953,56.508,23.1,0
C-01365,Mountain Central,Outfitter,Recreation Services,75,29596.97,12534.14,131539.17,1,9,21,6.14,6263.77,35.34,80.667,25.2,0
C-01366,Mountain North,Resort,Hospitality,49,54685.05,30432.28,321768.05,2,11,14,0.93,22983.43,66.329,15.901,49.6,0
C-01367,Mountain Central,Outdoor Retail,Retail,9,12141.7,4027.37,15704.51,2,31,13,4.17,1208.04,38.748,38.055,22.7,1
C-01368,Desert Southwest,Resort,Hospitality,28,16713.84,5330.44,34615.21,4,9,14,6.07,2472.52,64.797,7.377,35.4,1
C-01369,Mountain Central,Outdoor Retail,Retail,54,22737.37,8631.62,57097.78,1,36,13,3.81,4392.14,27.357,40.663,21.1,0
C-01370,Mountain Central,Outdoor Retail,Retail,54,23112.37,6058.1,38964.57,1,13,11,4.38,3542.23,-3.054,14.118,20.8,1
C-01371,Desert Southwest,Outdoor Retail,Retail,36,157586.31,107667.68,1459604.46,3,52,50,4.75,29192.09,41.311,33.027,116.8,0
C-01372,Mountain Central,Outdoor Retail,Retail,34,50804.65,29590.35,318511.18,5,34,13,3.61,24500.86,45.39,73.623,56.9,0
C-01373,Desert Southwest,Resort,Hospitality,56,45101.98,23370.44,228214.62,1,45,9,1.68,25357.18,63.24,45.565,55.2,0
C-01374,Mountain Central,Outfitter,Recreation Services,27,44063.83,22099.07,189932.17,1,90,16,4.78,11870.76,59.595,62.179,30.4,0
C-01375,Desert Southwest,School District,Public Sector,54,45689.17,26779.78,286952.17,1,20,33,1.32,8695.52,20.562,74.834,48.1,0
C-01376,Mountain North,Outfitter,Recreation Services,12,52888.56,27635.68,236809.22,2,100,9,6.01,26312.14,26.202,62.968,50.3,0
C-01377,Desert Southwest,School District,Public Sector,53,74882.8,37397.3,452133.58,3,28,17,3.79,26596.09,25.457,32.914,67.5,0
C-01378,Desert Southwest,Outdoor Retail,Retail,41,31429.14,11618.59,103769.43,0,27,10,1.81,10376.94,50.933,85.137,24.4,0
C-01379,Mountain Central,School District,Public Sector,21,44565.61,26354.29,260004.01,1,35,12,1.93,21667.0,58.301,71.502,47.1,0
C-01380,Mountain Central,Outfitter,Recreation Services,83,12666.21,3410.53,11646.9,0,26,18,4.78,647.05,40.501,39.17,3.9,0
C-01381,Mountain Central,School District,Public Sector,17,11116.52,2992.8,8699.05,1,39,18,3.53,483.28,43.638,97.164,22.3,0
C-01382,Mountain North,School District,Public Sector,15,84272.99,47381.29,476592.1,2,55,19,0.0,25083.79,64.668,47.628,62.9,0
C-01383,Mountain Central,Outfitter,Recreation Services,5,22810.86,11160.47,72360.46,7,43,13,5.3,5566.19,12.248,65.637,37.1,1
C-01384,Mountain North,School District,Public Sector,24,38092.41,16841.16,152076.92,0,12,33,2.0,4608.39,63.502,0.434,37.5,0
C-01385,Mountain Central,School District,Public Sector,26,59826.43,36439.45,367231.41,1,31,34,1.47,10800.92,58.927,45.117,53.3,0
C-01386,Mountain Central,Outfitter,Recreation Services,47,12931.77,4516.0,21279.53,0,50,10,5.14,2127.95,46.501,96.029,15.6,1
C-01387,Mountain North,School District,Public Sector,18,116323.69,78120.65,933692.2,4,60,28,0.0,33346.15,48.681,26.756,105.8,0
C-01388,Mountain North,Resort,Hospitality,7,18870.34,5089.56,27363.65,0,37,2,4.44,13681.82,59.435,88.438,21.1,0
C-01389,Desert Southwest,Outdoor Retail,Retail,34,28277.98,10166.01,88308.18,1,41,13,6.88,6792.94,72.463,17.15,29.7,0
C-01390,Mountain Central,Outdoor Retail,Retail,12,64203.47,45414.89,520229.79,1,14,26,1.56,20008.84,30.034,31.426,68.5,0
C-01391,Desert Southwest,Resort,Hospitality,50,224863.42,176782.96,2257514.85,4,13,51,2.6,44265.0,49.673,44.203,192.4,0
C-01392,Mountain Central,Resort,Hospitality,67,19928.46,7867.0,54200.95,1,10,20,4.92,2710.05,62.283,47.026,24.1,0
C-01393,Desert Southwest,Outdoor Retail,Retail,42,110263.26,60888.95,739878.8,4,21,24,5.7,30828.28,47.007,37.152,75.0,0
C-01394,Mountain North,School District,Public Sector,17,11832.06,4446.79,15084.69,5,16,6,4.45,2514.12,47.739,35.417,27.2,1
C-01395,Mountain North,School District,Public Sector,46,44852.41,20830.3,208927.71,3,19,15,2.1,13928.51,40.467,24.898,46.6,0
C-01396,Mountain North,School District,Public Sector,24,54785.22,33752.05,270864.58,4,17,13,0.06,20835.74,52.074,18.627,61.3,0
C-01397,Mountain Central,School District,Public Sector,13,37332.23,20223.15,152069.76,4,41,6,0.0,25344.96,44.851,50.786,60.7,1
C-01398,Desert Southwest,Outdoor Retail,Retail,18,21111.97,6288.1,44664.23,1,70,17,5.84,2627.31,41.515,2.137,24.1,0
C-01399,Mountain North,School District,Public Sector,7,71154.19,33174.13,361076.93,2,20,33,2.09,10941.73,65.121,89.208,53.7,0
C-01400,Mountain Central,Outdoor Retail,Retail,32,68645.75,41147.92,405002.0,0,30,15,1.83,27000.13,50.076,99.057,60.1,0
C-01401,Mountain Central,Resort,Hospitality,9,40403.06,22048.41,197051.15,4,76,22,3.53,8956.87,62.359,51.157,47.1,0
C-01402,Mountain Central,Outdoor Retail,Retail,19,32317.57,16604.48,120164.71,4,11,8,4.56,15020.59,41.972,83.963,41.0,1
C-01403,Mountain North,Outdoor Retail,Retail,29,39990.87,18063.08,121250.76,1,12,10,5.28,12125.08,51.857,94.315,38.1,0
C-01404,Mountain Central,Outdoor Retail,Retail,45,46962.57,21504.5,183435.85,1,42,7,2.22,26205.12,49.113,25.68,39.9,0
C-01405,Mountain North,School District,Public Sector,33,17534.55,6232.62,42556.03,3,35,4,1.58,10639.01,22.895,74.585,45.3,1
C-01406,Mountain Central,Resort,Hospitality,8,33115.66,17529.97,164167.56,4,9,15,4.39,10944.5,61.0,48.3,47.0,0
C-01407,Mountain North,School District,Public Sector,11,36940.25,15178.66,118641.24,2,16,19,3.0,6244.28,56.919,24.372,41.0,0
C-01408,Mountain Central,Outdoor Retail,Retail,8,14306.08,6047.27,45931.45,2,71,32,6.64,1435.36,81.259,96.43,16.3,0
C-01409,Mountain Central,Outfitter,Recreation Services,16,20704.08,6890.26,44238.48,0,37,18,3.23,2457.69,39.897,40.191,12.7,0
C-01410,Mountain Central,Resort,Hospitality,65,32121.96,13692.24,104511.25,3,19,12,0.62,8709.27,57.031,77.641,40.5,0
C-01411,Mountain Central,School District,Public Sector,33,9774.65,2556.35,11619.02,0,85,10,3.86,1161.9,43.86,73.34,23.4,0
C-01412,Mountain Central,Outfitter,Recreation Services,33,65037.22,38362.79,359927.55,4,62,11,8.92,32720.69,36.102,48.089,56.3,1
C-01413,Mountain Central,Resort,Hospitality,88,19113.01,7951.82,59458.17,2,12,3,2.38,19819.39,81.631,7.342,34.8,0
C-01414,Mountain Central,Outfitter,Recreation Services,4,17737.42,9472.34,66649.31,6,25,17,6.92,3920.55,44.396,96.38,36.2,1
C-01415,Mountain Central,Resort,Hospitality,56,49308.23,23981.8,206580.93,2,19,24,6.13,8607.54,39.381,75.994,37.0,0
C-01416,Mountain North,School District,Public Sector,35,98049.59,59741.13,643184.06,1,68,19,7.29,33851.79,36.301,3.773,69.8,0
C-01417,Desert Southwest,Outdoor Retail,Retail,15,16282.01,6614.31,36412.25,0,6,13,3.34,2800.94,39.998,83.762,21.2,0
C-01418,Desert Southwest,School District,Public Sector,36,18513.55,6063.82,38942.04,2,31,10,0.57,3894.2,60.904,30.321,30.9,0
C-01419,Mountain Central,Outdoor Retail,Retail,39,30208.13,14037.37,123174.61,4,18,16,2.01,7698.41,45.821,19.185,32.1,0
C-01420,Mountain North,Outdoor Retail,Retail,44,40510.22,20105.0,137747.16,6,20,16,1.69,8609.2,43.312,43.137,54.4,1
C-01421,Desert Southwest,School District,Public Sector,71,32352.23,18896.06,164207.13,0,6,12,0.0,13683.93,38.875,23.032,45.8,0
C-01422,Mountain North,Outdoor Retail,Retail,22,28510.27,13699.35,127499.55,1,51,14,5.81,9107.11,42.656,28.395,30.6,0
C-01423,Mountain North,Outdoor Retail,Retail,27,45095.91,15928.56,144848.29,1,18,12,2.84,12070.69,71.604,34.687,23.1,0
C-01424,Mountain North,Resort,Hospitality,68,55151.64,36752.32,376429.45,4,36,14,3.49,26887.82,47.069,14.57,56.3,0
C-01425,Mountain North,Resort,Hospitality,23,34204.83,15847.7,144894.43,4,48,15,6.7,9659.63,57.827,98.472,41.4,0
C-01426,Mountain North,Resort,Hospitality,27,49664.67,23961.14,211603.12,0,41,9,1.5,23511.46,21.822,79.113,34.0,0
C-01427,Mountain North,Outfitter,Recreation Services,13,35848.32,20098.32,171267.8,1,51,24,6.38,7136.16,34.875,96.271,26.1,1
C-01428,Mountain North,Resort,Hospitality,4,46169.89,21211.79,223644.44,1,21,14,4.94,15974.6,27.667,99.021,39.7,1
C-01429,Desert Southwest,Outfitter,Recreation Services,6,25032.26,10719.14,87624.21,2,34,14,3.69,6258.87,59.422,63.96,22.8,0
C-01430,Mountain North,Outdoor Retail,Retail,14,33160.38,16609.2,143622.57,1,40,33,5.65,4352.2,43.185,68.485,29.7,1
C-01431,Desert Southwest,Outdoor Retail,Retail,77,38388.68,15602.88,117995.46,3,41,6,0.0,19665.91,36.519,58.368,42.2,0
C-01432,Mountain Central,Outdoor Retail,Retail,72,13096.42,4365.4,17009.6,1,51,10,8.13,1700.96,50.475,67.968,13.1,0
C-01433,Mountain North,School District,Public Sector,22,75864.49,42883.39,488950.15,2,27,29,1.27,16860.35,44.68,16.744,72.1,0
C-01434,Mountain Central,Resort,Hospitality,1,19566.27,6946.3,42033.47,2,21,7,3.4,6004.78,66.147,9.016,27.3,0
C-01435,Mountain Central,Outdoor Retail,Retail,47,23797.82,8069.29,71068.33,0,41,20,7.22,3553.42,60.185,7.178,30.1,0
C-01436,Mountain North,School District,Public Sector,10,67204.05,37248.29,387198.19,0,59,26,0.0,14892.24,69.064,40.769,56.4,0
C-01437,Mountain North,Outfitter,Recreation Services,37,51926.07,27023.01,253165.32,4,23,10,6.75,25316.53,55.178,76.008,46.3,1
C-01438,Desert Southwest,Outdoor Retail,Retail,12,13767.69,3360.94,16935.37,3,59,5,4.1,3387.07,49.753,8.365,33.2,1
C-01439,Desert Southwest,Outdoor Retail,Retail,31,29864.85,13265.2,105932.05,1,21,43,2.94,2463.54,42.438,11.903,30.4,0
C-01440,Mountain Central,School District,Public Sector,91,35153.85,17214.87,153558.99,1,26,13,0.03,11812.23,47.562,72.68,57.7,0
C-01441,Mountain Central,School District,Public Sector,37,45982.16,27761.29,280796.68,4,18,13,0.0,21599.74,60.032,49.103,61.4,0
C-01442,Desert Southwest,Outdoor Retail,Retail,12,33701.78,16519.87,153795.03,1,45,16,4.66,9612.19,25.008,47.561,36.2,0
C-01443,Desert Southwest,Outdoor Retail,Retail,26,13471.85,4757.37,22046.88,1,49,2,4.85,11023.44,41.638,64.73,28.7,1
C-01444,Desert Southwest,School District,Public Sector,3,12690.71,4356.99,18168.3,2,18,3,0.0,6056.1,34.979,46.455,45.1,0
C-01445,Mountain North,School District,Public Sector,16,31843.19,14291.52,101057.59,2,49,10,2.58,10105.76,68.138,90.786,37.0,0
C-01446,Mountain Central,School District,Public Sector,47,35292.05,22192.3,215337.63,1,39,12,0.59,17944.8,62.25,46.871,48.0,0
C-01447,Mountain North,Outdoor Retail,Retail,28,34468.51,15593.74,121528.88,3,73,11,7.23,11048.08,40.852,88.456,30.3,0
C-01448,Mountain Central,Outfitter,Recreation Services,57,20219.46,7917.83,46655.19,1,6,11,4.06,4241.38,57.208,78.948,23.1,0
C-01449,Mountain North,School District,Public Sector,23,35003.14,13386.39,117176.02,2,43,18,0.0,6509.78,95.955,11.435,31.8,0
C-01450,Mountain Central,Outfitter,Recreation Services,11,62755.38,31588.49,283962.34,2,66,22,7.22,12907.38,14.406,65.591,43.6,0
C-01451,Mountain Central,Resort,Hospitality,37,11769.15,4818.39,21354.14,4,65,21,4.39,1016.86,22.179,33.806,25.4,0
C-01452,Mountain Central,Outdoor Retail,Retail,31,44342.38,20137.88,196629.29,2,10,23,4.2,8549.1,69.517,61.075,28.8,0
C-01453,Mountain North,Outfitter,Recreation Services,13,38460.96,20266.17,184633.39,0,18,13,3.29,14202.57,68.846,62.217,19.4,0
C-01454,Mountain Central,Outdoor Retail,Retail,53,34002.41,19826.34,196805.04,0,52,19,1.88,10358.16,35.673,23.406,28.6,0
C-01455,Mountain Central,Outfitter,Recreation Services,48,69973.71,44883.76,414648.44,1,62,25,1.93,16585.94,60.007,0.345,49.6,1
C-01456,Mountain Central,Outdoor Retail,Retail,13,22602.33,6974.87,51926.39,3,82,14,1.43,3709.03,41.045,85.956,28.9,0
C-01457,Mountain North,Outfitter,Recreation Services,9,14042.75,3154.82,19605.36,1,42,9,7.73,2178.37,13.288,29.056,13.1,1
C-01458,Mountain North,Outdoor Retail,Retail,5,12525.96,4655.11,18230.0,1,71,13,3.48,1402.31,56.276,37.985,17.7,0
C-01459,Mountain North,Outdoor Retail,Retail,20,31300.92,12608.83,105340.72,4,9,8,4.19,13167.59,50.762,88.448,35.7,0
C-01460,Mountain North,Outdoor Retail,Retail,11,15565.71,5418.61,30954.53,2,54,7,6.93,4422.08,40.803,65.09,30.0,1
C-01461,Mountain Central,Outdoor Retail,Retail,14,13044.3,4057.01,13486.36,0,50,18,1.41,749.24,67.751,97.497,23.9,0
C-01462,Mountain Central,Outfitter,Recreation Services,28,57536.21,32794.23,340547.98,1,49,13,6.74,26196.0,32.991,54.416,54.4,0
C-01463,Mountain Central,Outdoor Retail,Retail,15,28865.07,11301.25,88127.21,1,16,7,3.9,12589.6,74.486,52.43,30.0,0
C-01464,Mountain Central,Resort,Hospitality,21,31878.49,13337.97,96261.99,0,64,10,1.17,9626.2,49.881,23.801,33.6,0
C-01465,Desert Southwest,Outdoor Retail,Retail,31,44280.88,20773.22,166505.06,1,22,19,1.38,8763.42,62.55,17.473,30.6,0
C-01466,Mountain North,Outfitter,Recreation Services,48,92477.54,47721.81,503395.1,2,16,23,6.08,21886.74,39.696,31.885,55.0,0
C-01467,Mountain Central,Resort,Hospitality,25,73823.98,38142.92,446894.66,0,23,29,3.43,15410.16,73.764,12.12,47.5,0
C-01468,Mountain North,Outfitter,Recreation Services,103,27301.84,9408.14,62174.25,1,78,9,8.5,6908.25,64.018,41.482,17.9,0
C-01469,Mountain Central,Resort,Hospitality,13,38172.23,19265.72,146424.04,1,22,20,2.28,7321.2,43.67,44.246,37.8,0
C-01470,Desert Southwest,Outfitter,Recreation Services,4,17782.11,6598.62,36970.72,1,41,13,7.04,2843.9,46.56,41.502,19.8,0
C-01471,Mountain North,School District,Public Sector,16,21686.2,9402.87,61376.78,2,66,22,5.44,2789.85,28.372,46.436,34.8,0
C-01472,Mountain North,School District,Public Sector,13,24478.31,10349.28,80075.33,1,21,4,4.17,20018.83,42.365,66.442,38.1,0
C-01473,Mountain Central,School District,Public Sector,22,17852.95,4253.62,20291.98,1,39,21,2.88,966.28,54.019,94.761,18.9,0
C-01474,Mountain North,Resort,Hospitality,11,30444.23,18207.48,153663.3,1,18,11,4.43,13969.39,39.321,69.568,26.8,0
C-01475,Desert Southwest,Outdoor Retail,Retail,7,17707.73,6611.52,33987.46,1,117,13,3.44,2614.42,48.403,75.636,14.8,0
C-01476,Mountain North,Resort,Hospitality,33,69637.57,50624.07,535056.43,1,4,23,1.94,23263.32,44.076,44.607,63.2,0
C-01477,Desert Southwest,Outdoor Retail,Retail,17,21190.57,8671.56,59823.74,0,31,12,6.44,4985.31,51.488,74.149,19.7,0
C-01478,Mountain North,School District,Public Sector,56,16587.43,4951.55,30774.08,1,23,19,2.79,1619.69,46.394,19.757,23.5,0
C-01479,Desert Southwest,Resort,Hospitality,26,74949.18,43013.46,508939.82,7,59,24,5.31,21205.83,58.454,21.89,72.5,1
C-01480,Mountain Central,Outfitter,Recreation Services,34,94223.48,53979.09,550004.49,4,62,18,4.11,30555.81,51.951,2.502,74.3,0
C-01481,Mountain Central,Outdoor Retail,Retail,65,22590.69,8732.46,71238.1,3,30,9,7.86,7915.34,36.634,8.385,27.6,0
C-01482,Mountain North,Resort,Hospitality,51,70101.44,38343.8,372131.31,3,17,12,1.32,31010.94,44.47,83.699,56.3,0
C-01483,Mountain Central,Outdoor Retail,Retail,8,56904.09,29341.05,322771.39,2,15,19,0.17,16987.97,55.499,24.168,50.9,0
C-01484,Mountain Central,School District,Public Sector,35,55795.69,31920.64,373575.72,3,31,17,2.34,21975.04,33.898,90.024,67.7,0
C-01485,Desert Southwest,Outdoor Retail,Retail,16,35680.41,18810.1,135701.38,3,5,8,4.88,16962.67,37.471,5.144,34.2,0
C-01486,Mountain Central,School District,Public Sector,13,27383.41,11051.04,81224.75,3,46,9,1.99,9024.97,51.293,7.013,34.5,0
C-01487,Mountain Central,Outfitter,Recreation Services,85,27519.25,14366.41,130544.85,1,8,5,4.36,26108.97,40.616,77.081,28.7,0
C-01488,Mountain Central,Outdoor Retail,Retail,24,36490.35,14920.09,90845.7,4,22,17,4.25,5343.86,55.305,13.097,38.4,0
C-01489,Mountain Central,Outdoor Retail,Retail,39,45096.09,22775.06,197551.52,3,5,35,4.76,5644.33,70.074,49.479,39.5,0
C-01490,Mountain Central,School District,Public Sector,19,52430.1,18661.37,159700.06,1,18,20,2.28,7985.0,53.379,81.516,36.6,0
C-01491,Mountain North,Resort,Hospitality,2,21851.57,5146.73,37222.96,1,56,10,4.85,3722.3,49.224,46.839,32.0,0
C-01492,Desert Southwest,Outdoor Retail,Retail,48,32716.98,14452.86,130385.41,1,19,16,2.63,8149.09,64.11,11.787,33.7,0
C-01493,Desert Southwest,Outdoor Retail,Retail,17,22902.42,9907.44,60040.94,1,21,17,4.56,3531.82,27.183,31.893,24.1,0
C-01494,Mountain Central,Outdoor Retail,Retail,54,92952.77,56029.72,617429.75,1,51,23,5.14,26844.77,65.026,52.042,62.9,0
C-01495,Mountain North,Outdoor Retail,Retail,86,11297.5,2332.22,8928.47,4,23,4,4.68,2232.12,36.505,94.341,28.8,0
C-01496,Desert Southwest,Outfitter,Recreation Services,46,82953.12,56633.6,675212.53,4,19,35,9.5,19291.79,55.021,67.2,74.9,1
C-01497,Mountain North,Outdoor Retail,Retail,24,16887.25,7068.95,46102.25,2,32,17,5.76,2711.9,60.872,25.871,19.2,0
C-01498,Mountain Central,Outdoor Retail,Retail,53,40725.49,18967.91,134524.24,0,30,8,2.34,16815.53,50.71,76.448,33.4,0
C-01499,Desert Southwest,Resort,Hospitality,11,28195.62,10793.44,72920.93,3,72,9,3.01,8102.33,54.998,68.171,31.3,1
C-01500,Mountain Central,Outdoor Retail,Retail,29,38430.15,17413.15,154105.25,3,21,4,4.72,38526.31,57.87,63.926,45.3,0
C-01501,Mountain Central,Outdoor Retail,Retail,31,38331.2,20454.12,208030.66,1,17,13,2.91,16002.36,28.166,72.72,31.3,0
C-01502,Mountain Central,Outdoor Retail,Retail,20,48059.79,20219.05,187114.5,2,62,11,3.49,17010.41,35.385,19.361,43.4,0
C-01503,Mountain North,School District,Public Sector,3,18105.49,6306.05,44694.24,2,10,12,1.15,3724.52,63.094,18.253,40.0,0
C-01504,Mountain North,Resort,Hospitality,17,13318.42,4247.76,13225.62,0,19,12,1.65,1102.14,71.011,42.353,22.9,0
C-01505,Mountain North,Outdoor Retail,Retail,4,27461.2,9019.11,48764.04,1,22,39,5.7,1250.36,44.444,79.208,27.8,0
C-01506,Mountain North,Resort,Hospitality,50,14892.26,6672.09,43759.66,0,61,15,2.29,2917.31,19.301,62.561,24.0,0
C-01507,Mountain North,Outdoor Retail,Retail,24,7688.47,1531.1,4487.91,2,45,6,7.93,747.99,55.738,83.954,17.8,0
C-01508,Desert Southwest,Outdoor Retail,Retail,21,8036.93,1599.35,3545.67,0,21,7,3.87,506.52,36.955,72.389,5.9,0
C-01509,Desert Southwest,Outdoor Retail,Retail,12,15558.56,2314.63,9765.23,2,28,5,4.94,1953.05,48.832,29.883,38.9,0
C-01510,Mountain Central,Outdoor Retail,Retail,65,15031.6,7856.72,58603.53,4,17,9,6.49,6511.5,59.557,76.831,35.3,0
C-01511,Mountain Central,Resort,Hospitality,36,20145.86,6618.77,36848.63,1,25,7,3.3,5264.09,43.055,21.274,22.2,0
C-01512,Mountain Central,Resort,Hospitality,77,50044.78,26512.37,266178.92,0,16,12,4.13,22181.58,31.292,71.362,36.5,0
C-01513,Mountain Central,Outdoor Retail,Retail,45,40906.53,27964.76,313332.69,4,23,21,2.86,14920.6,40.621,48.427,55.9,0
C-01514,Desert Southwest,Resort,Hospitality,8,23706.26,9467.88,64430.07,1,10,16,2.7,4026.88,47.166,65.306,32.0,1
C-01515,Desert Southwest,Outfitter,Recreation Services,28,29959.35,10155.34,64517.41,3,50,9,8.84,7168.6,44.806,41.118,31.3,1
C-01516,Mountain North,Outdoor Retail,Retail,4,27322.48,10483.7,74585.91,2,67,9,4.03,8287.32,50.102,38.979,26.0,0
C-01517,Desert Southwest,Resort,Hospitality,25,17702.8,7155.39,39936.37,2,57,7,4.32,5705.2,42.121,25.483,29.2,0
C-01518,Mountain Central,Resort,Hospitality,21,18564.36,7069.52,47582.58,1,44,22,4.32,2162.84,53.765,35.237,24.6,0
C-01519,Mountain North,Outdoor Retail,Retail,31,53925.39,28182.84,274953.26,1,44,25,4.56,10998.13,34.858,46.866,39.0,0
C-01520,Desert Southwest,Outfitter,Recreation Services,15,20790.56,8735.71,82051.8,2,21,9,6.18,9116.87,28.043,98.564,32.3,0
C-01521,Mountain North,Outdoor Retail,Retail,23,32156.18,20291.35,181040.18,4,32,29,0.44,6242.76,46.154,49.997,33.8,0
C-01522,Mountain Central,Outfitter,Recreation Services,29,40424.06,27013.29,259079.78,2,17,10,5.13,25907.98,43.348,32.306,43.1,0
C-01523,Mountain Central,Resort,Hospitality,9,56241.37,30665.31,283709.82,0,59,44,3.76,6447.95,33.566,73.562,33.3,0
C-01524,Desert Southwest,School District,Public Sector,37,32081.58,15843.82,145320.19,3,59,14,2.72,10380.01,44.55,78.05,42.2,1
C-01525,Mountain Central,Outdoor Retail,Retail,36,22232.82,9100.44,54159.83,1,65,20,5.97,2707.99,37.608,19.218,7.6,0
C-01526,Mountain Central,School District,Public Sector,13,28722.64,12942.79,81326.79,1,14,6,2.25,13554.46,31.776,9.454,34.4,0
C-01527,Desert Southwest,Resort,Hospitality,11,14550.81,4642.71,19610.83,1,38,12,0.0,1634.24,60.715,99.486,36.9,0
C-01528,Mountain North,Outdoor Retail,Retail,11,42809.76,26520.78,289450.22,3,47,29,6.14,9981.04,26.821,7.796,53.9,0
C-01529,Mountain North,Resort,Hospitality,21,34447.04,22040.24,210883.57,2,18,23,1.07,9168.85,55.975,94.923,36.4,0
C-01530,Mountain Central,School District,Public Sector,26,10504.52,4424.78,25979.75,3,34,19,2.06,1367.36,47.808,45.195,43.9,0
C-01531,Mountain Central,Outfitter,Recreation Services,5,28631.75,14271.68,133520.1,2,44,23,5.45,5805.22,42.358,29.151,18.7,0
C-01532,Mountain North,School District,Public Sector,13,49836.79,23914.95,204556.98,4,47,21,0.0,9740.81,51.495,85.644,59.6,0
C-01533,Desert Southwest,Outdoor Retail,Retail,39,21709.15,10897.91,76482.9,1,38,30,2.4,2549.43,48.876,68.022,21.0,0
C-01534,Desert Southwest,School District,Public Sector,4,29555.8,10523.67,57784.94,1,51,8,1.28,7223.12,60.18,80.44,40.9,0
C-01535,Mountain Central,Resort,Hospitality,17,27344.28,9677.23,69023.32,1,47,11,5.87,6274.85,58.024,40.235,34.6,0
C-01536,Desert Southwest,Outdoor Retail,Retail,12,14650.44,5345.44,31913.71,3,34,12,3.02,2659.48,59.48,62.737,36.4,1
C-01537,Mountain Central,Outdoor Retail,Retail,13,26809.67,12519.16,95350.18,1,7,11,4.31,8668.2,32.844,92.014,26.3,0
C-01538,Desert Southwest,School District,Public Sector,36,14908.34,4887.98,21103.7,1,40,8,0.0,2637.96,56.163,20.759,37.3,0
C-01539,Mountain Central,School District,Public Sector,43,49389.91,19464.81,191265.04,3,23,23,0.0,8315.87,63.176,63.049,49.3,0
C-01540,Desert Southwest,Outdoor Retail,Retail,72,34203.32,19350.9,163429.83,5,57,13,4.3,12571.53,53.054,53.724,51.5,0
C-01541,Desert Southwest,Resort,Hospitality,39,67493.7,44198.5,542482.69,1,42,20,1.24,27124.13,33.264,58.509,64.1,0
C-01542,Mountain Central,School District,Public Sector,17,39000.68,20694.15,205569.18,1,46,13,2.29,15813.01,73.249,18.894,39.6,0
C-01543,Mountain Central,Outfitter,Recreation Services,13,33836.8,17513.85,130219.33,1,15,28,4.01,4650.69,35.835,24.421,23.5,1
C-01544,Desert Southwest,Resort,Hospitality,6,28936.88,12987.16,88035.54,2,6,19,1.86,4633.45,30.904,36.149,38.2,1
C-01545,Mountain North,Resort,Hospitality,50,19277.29,8102.73,45047.77,2,33,6,1.74,7507.96,40.101,95.864,31.6,0
C-01546,Mountain Central,Outdoor Retail,Retail,11,52874.82,30591.88,311614.16,0,43,23,3.46,13548.44,66.542,54.661,46.6,0
C-01547,Desert Southwest,Outdoor Retail,Retail,12,18612.91,6394.09,32248.75,3,60,10,3.15,3224.88,38.864,18.066,43.0,0
C-01548,Mountain Central,School District,Public Sector,19,32709.65,14817.79,135198.15,4,47,17,0.88,7952.83,53.66,45.694,56.9,0
C-01549,Desert Southwest,Outdoor Retail,Retail,33,24776.54,14030.5,87419.28,0,61,11,7.54,7947.21,39.915,17.401,34.7,0
C-01550,Desert Southwest,Outdoor Retail,Retail,27,99535.65,60262.96,656725.81,0,10,17,5.66,38630.93,37.001,75.966,68.2,0
C-01551,Mountain Central,Outfitter,Recreation Services,7,54962.31,28836.28,265346.82,4,31,11,6.87,24122.44,33.393,81.273,51.9,1
C-01552,Mountain North,Outdoor Retail,Retail,27,18105.15,7524.52,49011.66,1,9,17,0.87,2883.04,-10.893,55.848,30.4,0
C-01553,Mountain North,School District,Public Sector,12,27461.99,10659.92,75344.47,3,67,7,5.82,10763.5,64.78,1.551,38.3,0
C-01554,Mountain Central,Outdoor Retail,Retail,69,70296.75,26699.15,260395.36,0,23,17,4.41,15317.37,55.994,85.761,31.1,0
C-01555,Mountain Central,Outdoor Retail,Retail,30,132731.72,90933.25,1125871.98,4,18,40,5.93,28146.8,44.403,56.4,102.4,1
C-01556,Desert Southwest,School District,Public Sector,4,44461.81,15736.01,121299.54,3,29,9,2.77,13477.73,47.186,97.483,52.0,0
C-01557,Mountain Central,Outdoor Retail,Retail,70,32288.79,15685.54,110115.64,1,70,9,4.69,12235.07,36.389,80.067,33.5,0
C-01558,Mountain North,Outfitter,Recreation Services,11,28354.09,11656.93,99445.04,0,27,12,4.24,8287.09,51.676,88.83,16.8,0
C-01559,Mountain North,Outdoor Retail,Retail,48,49303.84,27552.15,271253.93,2,16,23,3.03,11793.65,55.087,54.584,32.8,0
C-01560,Desert Southwest,Resort,Hospitality,23,31352.11,17915.86,159945.94,1,4,30,2.49,5331.53,36.521,44.19,29.5,0
C-01561,Mountain Central,Outdoor Retail,Retail,54,48634.08,24123.15,210132.62,1,119,16,5.2,13133.29,56.718,67.636,46.0,0
C-01562,Mountain Central,Outdoor Retail,Retail,39,27968.04,12325.81,82814.93,0,11,13,7.18,6370.38,54.877,8.625,11.5,0
C-01563,Mountain Central,Outdoor Retail,Retail,10,38342.22,17378.72,159611.63,1,30,14,3.95,11400.83,61.825,43.414,31.7,1
C-01564,Mountain Central,Resort,Hospitality,51,27410.49,14590.18,116106.42,3,47,7,2.67,16586.63,24.324,63.411,40.2,0
C-01565,Mountain Central,Outfitter,Recreation Services,17,34805.19,13485.52,112686.53,1,47,7,2.37,16098.08,69.658,26.86,34.2,0
C-01566,Mountain Central,Outdoor Retail,Retail,13,13129.65,2778.87,15861.25,1,22,14,2.27,1132.95,47.661,69.218,10.5,0
C-01567,Mountain Central,Outfitter,Recreation Services,64,15944.29,5784.35,32280.36,1,76,24,6.41,1345.01,37.381,4.669,26.6,0
C-01568,Desert Southwest,Outfitter,Recreation Services,14,41550.69,23054.41,250794.51,2,39,11,4.61,22799.5,58.749,9.739,44.4,0
C-01569,Mountain North,Outfitter,Recreation Services,51,30198.59,12180.03,96790.33,3,50,7,4.71,13827.19,42.458,20.956,32.6,0
C-01570,Mountain Central,Outdoor Retail,Retail,55,52984.17,32870.14,291860.02,2,6,16,6.12,18241.25,56.838,98.614,41.5,0
C-01571,Desert Southwest,Outdoor Retail,Retail,4,44358.83,17009.86,151754.53,1,20,13,3.78,11673.43,36.35,13.934,32.7,0
C-01572,Desert Southwest,Outdoor Retail,Retail,30,22970.92,10676.56,77602.74,1,23,17,4.32,4564.87,57.004,62.491,31.6,0
C-01573,Mountain North,Outfitter,Recreation Services,40,26290.47,11702.64,79292.65,3,30,10,5.17,7929.27,47.035,28.105,16.6,0
C-01574,Desert Southwest,Outdoor Retail,Retail,32,97967.4,61989.09,752539.9,2,11,19,3.52,39607.36,46.183,42.098,76.6,0
C-01575,Mountain North,Outdoor Retail,Retail,62,72217.61,46501.6,530966.27,1,8,26,4.43,20421.78,38.454,8.971,46.2,0
C-01576,Mountain Central,Resort,Hospitality,12,12783.33,3480.63,18658.08,0,18,7,5.07,2665.44,40.678,94.964,12.9,0
C-01577,Mountain Central,Outdoor Retail,Retail,52,9174.2,2325.92,12275.12,4,137,20,4.71,613.76,55.732,97.739,28.2,0
C-01578,Mountain North,Resort,Hospitality,31,32502.0,15853.21,143265.68,1,55,11,4.32,13024.15,81.182,49.948,40.0,0
C-01579,Mountain Central,Outfitter,Recreation Services,15,129738.17,87721.05,1021044.99,0,24,30,6.96,34034.83,46.43,43.166,93.2,1
C-01580,Mountain North,Outdoor Retail,Retail,10,12219.51,4665.39,21892.31,1,23,9,5.68,2432.48,60.445,27.973,9.0,0
C-01581,Mountain Central,Resort,Hospitality,19,19077.87,8535.14,72069.62,0,74,5,3.45,14413.92,59.708,83.394,35.4,0
C-01582,Desert Southwest,School District,Public Sector,46,36022.28,19987.65,186630.87,1,25,13,2.57,14356.22,57.263,9.489,38.4,0
C-01583,Mountain North,School District,Public Sector,37,27475.35,15206.7,111307.87,1,28,6,4.38,18551.31,59.7,41.881,39.2,0
C-01584,Desert Southwest,Resort,Hospitality,31,38331.87,16765.9,146729.99,2,37,19,1.87,7722.63,63.868,60.704,35.7,1
C-01585,Mountain North,Outdoor Retail,Retail,64,42854.74,22816.55,211286.07,2,63,20,4.81,10564.3,23.625,17.063,42.3,0
C-01586,Mountain North,Outdoor Retail,Retail,33,23160.21,8876.5,52128.9,3,75,8,2.0,6516.11,29.729,65.502,37.4,1
C-01587,Mountain North,Outdoor Retail,Retail,35,82435.05,42046.41,456138.28,1,27,19,3.62,24007.28,54.265,74.324,45.8,0
C-01588,Mountain Central,Resort,Hospitality,24,35752.8,14238.67,115164.21,1,2,5,2.65,23032.84,57.921,89.947,32.3,0
C-01589,Desert Southwest,Outdoor Retail,Retail,30,40980.37,21682.87,173372.25,1,7,11,2.54,15761.11,77.247,40.253,49.0,0
C-01590,Mountain Central,Resort,Hospitality,13,17056.86,5952.67,21044.9,2,24,19,4.05,1107.63,69.336,3.243,29.2,0
C-01591,Desert Southwest,Outdoor Retail,Retail,26,51892.88,29326.46,297061.78,5,22,29,2.52,10243.51,44.251,23.043,58.1,1
C-01592,Desert Southwest,Resort,Hospitality,6,9372.85,3001.21,14738.92,1,48,19,4.22,775.73,56.042,3.412,13.5,0
C-01593,Mountain Central,Outdoor Retail,Retail,54,26253.1,10014.72,74254.32,2,42,6,3.87,12375.72,19.236,89.522,35.2,0
C-01594,Mountain North,Outdoor Retail,Retail,11,17304.79,5433.32,46451.44,3,64,8,6.39,5806.43,31.661,79.301,27.8,1
C-01595,Mountain North,Outdoor Retail,Retail,49,50807.89,27004.52,277634.45,2,15,18,3.61,15424.14,34.06,56.605,38.7,0
C-01596,Desert Southwest,Outdoor Retail,Retail,10,42341.28,22312.6,225904.74,2,37,22,4.94,10268.4,44.302,97.701,31.6,0
C-01597,Mountain Central,Outfitter,Recreation Services,32,20147.51,9082.48,62920.79,0,10,5,7.51,12584.16,37.722,12.57,25.0,0
C-01598,Mountain Central,Resort,Hospitality,11,21144.15,9164.07,50540.99,1,125,7,0.0,7220.14,32.4,35.958,33.8,0
C-01599,Mountain Central,Outdoor Retail,Retail,50,33052.04,16821.78,131017.3,3,57,6,5.6,21836.22,64.967,55.155,44.3,1
C-01600,Desert Southwest,Resort,Hospitality,28,20657.65,7397.5,49405.2,3,31,21,2.85,2352.63,25.802,8.643,29.3,0
C-01601,Mountain Central,Outdoor Retail,Retail,29,40175.02,18888.78,202016.4,2,15,21,1.66,9619.83,57.673,6.367,32.6,0
C-01602,Mountain North,Outdoor Retail,Retail,17,41609.57,20924.19,191010.58,3,61,15,3.95,12734.04,39.544,55.957,43.7,0
C-01603,Desert Southwest,School District,Public Sector,27,38442.44,17149.67,128259.34,3,16,25,0.96,5130.37,79.428,46.929,52.1,0
C-01604,Mountain North,Outfitter,Recreation Services,14,22206.71,8283.21,49851.37,0,16,19,6.81,2623.76,52.593,74.569,3.9,0
C-01605,Mountain Central,Outfitter,Recreation Services,38,14743.78,3779.84,18918.87,2,11,7,4.63,2702.7,54.823,38.53,27.7,0
C-01606,Mountain North,Resort,Hospitality,32,33884.25,12476.64,106391.95,0,112,21,3.12,5066.28,40.568,31.8,28.8,0
C-01607,Mountain Central,Outdoor Retail,Retail,33,41886.85,18898.14,165913.23,3,13,15,7.4,11060.88,56.124,59.118,42.1,0
C-01608,Desert Southwest,Resort,Hospitality,10,72053.54,49413.34,635546.02,2,20,25,2.94,25421.84,41.094,3.337,62.5,1
C-01609,Mountain North,Outdoor Retail,Retail,16,35990.06,16793.64,130449.33,2,45,7,3.16,18635.62,62.746,27.619,40.2,1
C-01610,Mountain Central,Outdoor Retail,Retail,42,30455.72,12523.22,103591.75,2,48,10,4.61,10359.17,49.87,91.918,36.3,1
C-01611,Mountain Central,School District,Public Sector,16,25260.91,10522.06,87636.54,1,44,11,2.33,7966.96,80.435,69.931,36.3,0
C-01612,Mountain Central,School District,Public Sector,23,35536.35,17734.53,178557.05,2,8,17,2.41,10503.36,44.599,72.179,40.0,1
C-01613,Desert Southwest,Outdoor Retail,Retail,20,61940.69,40203.94,432736.5,2,14,24,5.21,18030.69,68.589,95.554,63.3,0
C-01614,Mountain Central,Outfitter,Recreation Services,20,27414.95,8210.94,41977.47,1,18,14,5.82,2998.39,60.101,96.656,21.6,1
C-01615,Desert Southwest,Outdoor Retail,Retail,35,69657.1,39497.02,457692.54,3,62,14,2.8,32692.32,57.927,35.294,59.5,0
C-01616,Mountain Central,Resort,Hospitality,8,35640.25,18164.78,184886.51,3,34,28,2.3,6603.09,64.679,12.371,34.8,0
C-01617,Mountain Central,Resort,Hospitality,37,32560.24,14834.31,114753.39,4,7,9,3.61,12750.38,60.334,46.461,58.1,0
C-01618,Mountain North,Resort,Hospitality,20,24962.1,7960.36,61568.29,2,18,10,3.11,6156.83,65.043,51.458,21.6,0
C-01619,Desert Southwest,School District,Public Sector,35,21903.8,10571.62,80935.08,2,32,12,3.52,6744.59,39.185,38.247,49.4,0
C-01620,Desert Southwest,Outfitter,Recreation Services,44,37900.69,17835.99,134493.71,3,29,8,7.16,16811.71,67.724,83.933,36.4,0
C-01621,Desert Southwest,Outdoor Retail,Retail,33,46362.66,18585.26,189958.13,1,51,19,4.83,9997.8,48.848,91.204,33.6,0
C-01622,Desert Southwest,Resort,Hospitality,21,8948.86,2374.31,7736.76,2,36,8,0.69,967.1,36.416,77.278,29.3,0
C-01623,Mountain North,Outdoor Retail,Retail,32,32584.32,14273.52,108060.08,4,39,14,1.09,7718.58,39.866,65.076,51.1,0
C-01624,Mountain Central,Outdoor Retail,Retail,30,15613.46,5371.14,20701.91,2,39,17,7.1,1217.76,43.941,29.348,14.4,0
C-01625,Desert Southwest,School District,Public Sector,28,13549.74,3113.96,16138.3,0,28,16,3.38,1008.64,51.463,41.881,17.9,0
C-01626,Mountain North,Outdoor Retail,Retail,9,50060.81,25327.94,235444.86,4,95,26,3.61,9055.57,35.451,40.241,32.4,1
C-01627,Mountain Central,Outdoor Retail,Retail,17,27979.01,12124.53,84300.81,1,17,13,4.3,6484.68,49.31,84.278,20.2,0
C-01628,Mountain Central,Resort,Hospitality,21,18073.72,4258.52,23174.61,0,25,11,1.62,2106.78,47.761,83.732,21.0,0
C-01629,Mountain North,School District,Public Sector,31,22943.33,9045.57,49694.04,1,53,20,1.46,2484.7,66.129,73.583,27.8,0
C-01630,Mountain Central,Outfitter,Recreation Services,41,18606.49,6785.69,34995.56,3,66,19,1.54,1841.87,11.387,22.655,30.1,1
C-01631,Desert Southwest,Outdoor Retail,Retail,42,35421.82,16692.46,134904.88,4,12,28,5.65,4818.03,49.652,25.422,32.2,1
C-01632,Mountain North,Outdoor Retail,Retail,21,27788.86,11757.36,84852.31,1,61,15,3.28,5656.82,64.866,52.792,30.4,0
C-01633,Mountain Central,School District,Public Sector,13,29400.65,13193.09,109595.27,0,60,29,1.04,3779.15,57.381,10.107,19.0,0
C-01634,Mountain North,School District,Public Sector,37,9512.79,2448.18,11004.04,1,32,2,2.1,5502.02,25.06,48.875,27.4,0
C-01635,Desert Southwest,School District,Public Sector,20,18078.41,6881.29,38640.02,2,63,8,1.35,4830.0,77.941,77.436,52.8,1
C-01636,Mountain North,Resort,Hospitality,29,95038.53,58691.63,608983.58,1,16,24,4.0,25374.32,71.546,22.205,82.1,0
C-01637,Mountain North,Outfitter,Recreation Services,18,36447.24,13561.98,91643.79,5,12,18,6.42,5091.32,56.686,15.37,31.5,1
C-01638,Mountain Central,Resort,Hospitality,35,26783.96,8092.44,70386.63,3,15,15,2.84,4692.44,66.675,23.215,25.0,1
C-01639,Mountain North,Resort,Hospitality,15,29693.62,13602.94,92777.23,1,17,3,3.22,30925.74,47.032,45.703,35.6,0
C-01640,Desert Southwest,Outdoor Retail,Retail,38,50151.61,31753.42,317625.7,1,23,13,0.22,24432.75,68.401,74.883,48.4,0
C-01641,Mountain Central,School District,Public Sector,21,71948.85,43645.04,570394.76,0,38,22,1.69,25927.03,36.451,96.217,63.7,0
C-01642,Desert Southwest,School District,Public Sector,23,18212.74,3588.51,18313.81,2,21,4,1.13,4578.45,60.724,67.469,31.0,0
C-01643,Mountain Central,School District,Public Sector,32,21887.45,9673.65,82294.99,1,59,21,2.7,3918.81,46.68,47.988,31.8,1
C-01644,Mountain Central,Outfitter,Recreation Services,26,21776.14,11013.17,91635.92,2,27,22,4.84,4165.27,48.734,63.488,31.6,0
C-01645,Desert Southwest,Resort,Hospitality,19,25969.32,12648.45,72994.14,2,33,8,4.48,9124.27,28.227,10.993,20.7,1
C-01646,Mountain North,Outdoor Retail,Retail,12,37415.84,18085.53,116562.64,0,9,7,1.69,16651.81,42.182,28.679,24.5,0
C-01647,Desert Southwest,Resort,Hospitality,23,45171.39,23984.21,231273.73,2,46,10,0.38,23127.37,52.043,88.091,52.9,0
C-01648,Desert Southwest,Outfitter,Recreation Services,67,86043.56,53898.92,639318.69,3,50,22,6.45,29059.94,48.657,3.255,71.4,1
C-01649,Mountain North,School District,Public Sector,23,57480.51,25066.09,256462.02,0,18,17,1.7,15086.0,50.698,45.619,50.7,0
C-01650,Desert Southwest,Resort,Hospitality,23,15100.61,5692.86,32079.19,2,60,5,5.49,6415.84,23.86,86.074,26.3,0
C-01651,Mountain Central,Outdoor Retail,Retail,44,32697.09,13171.67,87314.46,1,37,8,4.27,10914.31,42.85,36.983,29.7,0
C-01652,Desert Southwest,Outfitter,Recreation Services,21,18528.84,5490.92,34875.63,4,38,6,5.27,5812.61,22.871,0.858,23.2,1
C-01653,Mountain North,Resort,Hospitality,11,18883.31,6889.15,42139.03,0,18,16,2.72,2633.69,52.078,93.14,41.2,0
C-01654,Mountain North,Outfitter,Recreation Services,15,51424.56,24376.64,205071.36,0,80,26,3.37,7887.36,31.004,80.652,30.0,0
C-01655,Mountain North,Resort,Hospitality,19,18453.96,5244.89,42727.59,1,36,21,2.0,2034.65,31.314,70.596,15.3,0
C-01656,Mountain Central,School District,Public Sector,33,76605.33,46996.29,562296.9,1,45,19,2.96,29594.57,79.356,61.661,65.8,0
C-01657,Mountain North,Outfitter,Recreation Services,12,38826.9,19746.15,172179.96,3,51,28,4.08,6149.28,58.246,75.677,35.3,0
C-01658,Mountain Central,School District,Public Sector,62,77983.81,44742.5,529038.57,3,17,26,3.15,20347.64,54.721,53.653,67.6,0
C-01659,Desert Southwest,School District,Public Sector,49,57372.58,30258.46,341693.42,0,38,17,5.4,20099.61,16.639,74.672,49.6,0
C-01660,Mountain Central,Outdoor Retail,Retail,27,24468.11,10136.43,87147.74,2,24,18,2.6,4841.54,61.678,84.144,20.7,0
C-01661,Desert Southwest,Outdoor Retail,Retail,14,21305.02,5358.92,30099.89,1,58,17,6.57,1770.58,49.71,3.552,12.3,0
C-01662,Mountain North,Resort,Hospitality,24,37980.88,20982.34,185410.92,6,95,15,4.85,12360.73,47.787,28.868,51.9,1
C-01663,Mountain Central,Outdoor Retail,Retail,15,48132.99,19554.18,178663.95,1,27,14,4.5,12761.71,29.108,59.634,39.6,1
C-01664,Mountain North,Outdoor Retail,Retail,11,36126.1,17777.29,142139.63,3,20,5,4.39,28427.93,24.507,83.087,54.0,1
C-01665,Mountain Central,School District,Public Sector,20,28074.1,8866.47,75185.96,2,31,10,0.0,7518.6,80.757,32.076,34.4,0
C-01666,Mountain Central,Outdoor Retail,Retail,21,38384.97,17170.3,126619.55,4,51,30,4.61,4220.65,47.747,38.249,27.6,0
C-01667,Mountain Central,Outfitter,Recreation Services,35,62891.83,27958.29,309269.35,3,47,16,3.8,19329.33,50.97,3.119,32.9,1
C-01668,Mountain Central,School District,Public Sector,7,26696.83,9833.83,80035.83,4,43,6,0.03,13339.3,74.709,45.189,52.4,1
C-01669,Mountain Central,Outfitter,Recreation Services,47,64553.69,36413.24,407281.65,3,57,14,1.1,29091.55,44.637,52.699,68.2,1
C-01670,Mountain North,School District,Public Sector,17,15762.1,4365.22,16690.7,1,9,7,0.61,2384.39,26.476,35.688,32.0,0
C-01671,Desert Southwest,Outdoor Retail,Retail,23,27896.16,8226.78,54758.15,1,37,10,3.74,5475.82,51.298,24.208,36.8,0
C-01672,Mountain Central,School District,Public Sector,12,22806.68,7966.74,48329.49,1,33,11,0.94,4393.59,48.375,32.803,43.0,0
C-01673,Desert Southwest,Outdoor Retail,Retail,43,18728.86,9408.76,52913.41,3,27,10,3.61,5291.34,37.65,23.131,47.2,1
C-01674,Mountain North,Outdoor Retail,Retail,32,11981.33,2938.89,15053.81,3,97,13,3.9,1157.99,20.52,32.225,32.6,0
C-01675,Mountain Central,Resort,Hospitality,47,40832.79,19104.95,169130.56,2,5,14,6.73,12080.75,66.434,26.065,36.5,0
C-01676,Mountain Central,Resort,Hospitality,61,22293.79,8676.56,58997.18,3,66,6,3.57,9832.86,66.616,79.345,32.9,0
C-01677,Mountain Central,Outfitter,Recreation Services,27,25787.96,10852.94,90759.89,0,6,17,3.34,5338.82,50.185,14.588,27.5,0
C-01678,Mountain North,School District,Public Sector,100,67557.65,42330.16,475535.66,4,9,29,4.14,16397.78,36.017,27.717,76.9,1
C-01679,Desert Southwest,Outdoor Retail,Retail,21,25122.07,9172.07,69992.64,2,50,18,2.35,3888.48,76.87,18.349,27.3,0
C-01680,Mountain Central,Outfitter,Recreation Services,31,62192.95,37035.8,426049.43,0,18,15,3.2,28403.3,40.858,95.573,43.1,0
C-01681,Mountain Central,Outfitter,Recreation Services,21,18584.98,6267.42,41354.07,1,22,20,5.03,2067.7,60.206,20.612,16.3,0
C-01682,Mountain North,School District,Public Sector,66,62811.66,35980.71,339910.61,2,31,26,1.45,13073.49,48.652,97.032,64.1,0
C-01683,Mountain Central,Outdoor Retail,Retail,15,46003.95,17572.07,170890.93,3,121,13,3.69,13145.46,53.178,82.7,39.2,0
C-01684,Mountain Central,Outdoor Retail,Retail,21,13241.27,3777.95,16785.57,2,33,8,4.83,2098.2,33.494,79.416,23.7,0
C-01685,Mountain North,School District,Public Sector,11,42182.9,20253.26,182793.93,2,10,18,0.0,10155.22,59.79,62.206,49.9,0
C-01686,Mountain Central,Outdoor Retail,Retail,25,56127.96,29406.69,272440.59,0,51,19,2.65,14338.98,27.414,89.401,36.8,1
C-01687,Desert Southwest,Outfitter,Recreation Services,16,21554.62,11072.95,87559.14,0,77,14,6.37,6254.22,50.405,35.44,20.6,1
C-01688,Mountain Central,Outdoor Retail,Retail,16,14196.27,4268.61,19486.86,1,69,17,7.17,1146.29,58.948,12.986,20.2,0
C-01689,Mountain Central,Resort,Hospitality,7,29962.27,14465.33,107402.71,1,13,11,2.65,9763.88,31.138,55.337,35.9,0
C-01690,Desert Southwest,Outdoor Retail,Retail,54,20559.58,8421.31,56676.72,3,33,12,2.85,4723.06,56.042,44.295,42.3,0
C-01691,Mountain North,Outfitter,Recreation Services,56,31109.87,12623.64,81568.37,3,24,3,4.43,27189.46,43.266,97.839,35.0,1
C-01692,Desert Southwest,Outdoor Retail,Retail,25,123673.52,66986.28,743715.37,6,21,22,1.09,33805.24,50.363,52.629,92.0,1
C-01693,Desert Southwest,Outfitter,Recreation Services,113,17890.36,7346.91,61211.01,2,32,3,5.22,20403.67,50.128,9.931,29.0,0
C-01694,Mountain North,Outdoor Retail,Retail,51,20622.9,9679.76,50990.4,4,21,13,2.05,3922.34,41.658,53.377,40.2,0
C-01695,Mountain North,Outdoor Retail,Retail,31,13072.12,5311.0,28199.34,0,98,18,2.09,1566.63,60.355,67.699,22.8,0
C-01696,Desert Southwest,School District,Public Sector,57,46525.86,24667.73,232324.47,2,45,20,0.0,11616.22,49.537,25.662,45.4,0
C-01697,Mountain North,School District,Public Sector,35,11536.4,1905.98,4727.31,1,8,9,0.18,525.26,52.831,41.559,30.0,0
C-01698,Mountain Central,School District,Public Sector,22,46894.5,19260.8,161320.87,2,35,12,3.45,13443.41,13.156,55.967,45.4,0
C-01699,Mountain Central,Outdoor Retail,Retail,53,22922.89,11432.92,89161.37,2,31,7,5.3,12737.34,47.208,67.482,29.7,0
C-01700,Mountain Central,School District,Public Sector,53,12089.61,4612.46,17022.74,0,24,7,2.16,2431.82,43.773,59.141,21.4,0
C-01701,Desert Southwest,Outdoor Retail,Retail,61,50417.1,24000.82,213814.32,1,6,23,3.22,9296.27,56.472,50.232,37.1,0
C-01702,Mountain Central,School District,Public Sector,50,22885.83,10015.7,77623.04,1,36,11,4.39,7056.64,42.84,62.349,24.7,0
C-01703,Mountain North,Resort,Hospitality,23,58546.1,24521.06,202208.56,0,10,15,5.78,13480.57,30.695,43.254,32.0,0
C-01704,Mountain North,Outfitter,Recreation Services,24,39355.91,18568.79,157099.75,3,72,11,4.12,14281.8,50.107,30.956,42.4,1
C-01705,Mountain North,Outfitter,Recreation Services,97,44642.12,23114.54,256570.01,1,19,19,7.75,13503.68,67.507,85.795,24.4,0
C-01706,Mountain North,Outdoor Retail,Retail,12,32931.47,16760.54,135246.4,4,26,27,4.37,5009.13,38.173,68.338,34.9,0
C-01707,Desert Southwest,Outfitter,Recreation Services,26,23160.93,10704.66,69491.89,2,3,20,6.73,3474.59,21.498,58.868,31.5,1
C-01708,Mountain North,Outdoor Retail,Retail,13,33411.58,15271.11,138005.81,2,11,28,3.41,4928.78,68.445,24.04,31.0,0
C-01709,Desert Southwest,Outfitter,Recreation Services,25,56059.37,36339.62,337706.94,8,10,9,1.98,37522.99,47.243,67.338,74.3,1
C-01710,Desert Southwest,Resort,Hospitality,21,10829.63,3796.14,15435.4,1,47,13,2.83,1187.34,57.355,25.763,25.6,0
C-01711,Desert Southwest,Outdoor Retail,Retail,44,50334.19,23069.31,230435.7,3,58,17,3.95,13555.04,61.764,57.44,49.4,1
C-01712,Mountain Central,Outfitter,Recreation Services,31,20502.48,7384.39,43793.07,2,34,5,4.15,8758.61,59.727,40.332,27.1,1
C-01713,Mountain Central,Outdoor Retail,Retail,30,34432.46,17253.88,144295.32,2,23,23,5.85,6273.71,38.193,98.379,29.2,1
C-01714,Mountain North,Resort,Hospitality,22,18823.77,7408.01,48371.49,1,12,17,1.83,2845.38,56.401,92.566,22.2,1
C-01715,Mountain Central,School District,Public Sector,22,23995.51,6815.39,39240.92,0,39,9,1.24,4360.1,41.331,66.103,31.3,0
C-01716,Desert Southwest,Resort,Hospitality,24,49561.23,29213.74,293030.5,1,35,12,4.55,24419.21,59.182,34.575,47.0,0
C-01717,Mountain Central,School District,Public Sector,43,26663.96,9600.94,50894.67,2,5,13,3.66,3914.97,52.563,2.776,37.5,0
C-01718,Mountain Central,School District,Public Sector,18,21192.56,9192.88,65466.78,1,5,3,0.85,21822.26,48.517,20.078,36.6,0
C-01719,Mountain Central,Resort,Hospitality,29,30794.96,13199.78,115886.25,0,34,21,1.64,5518.39,49.273,30.078,31.6,0
C-01720,Desert Southwest,School District,Public Sector,48,63294.54,29704.06,288547.72,2,11,21,3.74,13740.37,44.309,80.029,51.7,0
C-01721,Mountain Central,Outfitter,Recreation Services,16,99503.83,58123.61,740700.14,2,103,22,4.73,33668.19,68.95,46.384,71.8,1
C-01722,Desert Southwest,Outdoor Retail,Retail,13,75134.15,49929.01,618163.23,2,42,49,0.3,12615.58,43.54,57.633,65.3,1
C-01723,Desert Southwest,School District,Public Sector,17,26333.46,13860.48,142954.13,0,17,17,3.47,8409.07,28.431,19.5,28.5,0
C-01724,Mountain Central,School District,Public Sector,8,37981.49,20520.41,164818.41,5,11,10,3.69,16481.84,45.248,18.981,60.3,1
C-01725,Mountain North,Outfitter,Recreation Services,68,51541.48,32359.95,347828.45,4,75,16,4.54,21739.28,62.981,81.736,52.0,1
C-01726,Mountain Central,Outdoor Retail,Retail,17,29292.05,14895.04,120869.81,4,13,10,1.98,12086.98,19.532,13.687,43.5,0
C-01727,Mountain Central,Outdoor Retail,Retail,18,23743.25,9562.07,60999.01,1,85,11,7.23,5545.36,34.895,0.519,21.0,0
C-01728,Mountain Central,Outdoor Retail,Retail,32,35265.16,11177.61,68769.12,2,25,21,5.06,3274.72,66.006,79.718,15.8,0
C-01729,Mountain North,Outfitter,Recreation Services,9,89746.32,59826.74,641394.98,0,36,33,6.92,19436.21,77.91,26.646,65.6,0
C-01730,Mountain North,Outdoor Retail,Retail,51,17541.38,4757.24,24776.33,1,23,15,4.83,1651.76,63.244,0.387,22.8,1
C-01731,Mountain Central,Outdoor Retail,Retail,31,17356.97,5739.43,33268.63,0,39,8,3.61,4158.58,60.368,76.299,9.4,0
C-01732,Mountain Central,Outfitter,Recreation Services,13,29961.21,16801.21,126950.35,2,23,13,5.56,9765.41,49.587,49.347,29.6,1
C-01733,Mountain Central,School District,Public Sector,61,30926.12,13474.96,104107.0,1,13,18,0.89,5783.72,52.469,15.572,35.3,0
C-01734,Mountain Central,Resort,Hospitality,18,125273.43,80948.61,893712.24,2,81,27,3.46,33100.45,71.681,93.714,89.9,0
C-01735,Mountain North,Outdoor Retail,Retail,6,21522.78,9707.41,58382.42,0,40,7,4.5,8340.35,34.699,87.175,18.7,0
C-01736,Mountain Central,School District,Public Sector,12,15815.49,5592.3,36573.83,2,27,15,1.93,2438.26,78.317,10.82,29.3,0
C-01737,Mountain Central,Resort,Hospitality,36,24588.93,12427.9,88925.29,1,26,22,4.51,4042.06,56.47,23.88,19.4,0
C-01738,Desert Southwest,Outdoor Retail,Retail,36,20657.15,7951.61,46710.29,2,56,16,3.8,2919.39,47.879,30.755,28.8,0
C-01739,Desert Southwest,School District,Public Sector,26,44768.43,19935.72,150434.31,5,27,8,4.34,18804.29,73.672,66.72,50.4,1
C-01740,Desert Southwest,Outfitter,Recreation Services,24,24670.04,9031.69,63169.51,2,37,17,4.03,3715.85,44.365,50.683,27.9,0
C-01741,Mountain North,Outdoor Retail,Retail,16,17478.62,6149.71,34641.55,3,38,9,4.86,3849.06,10.802,9.401,32.9,0
C-01742,Mountain Central,School District,Public Sector,10,66656.1,27400.71,319048.2,3,10,24,2.5,13293.67,73.793,79.476,60.2,0
C-01743,Mountain North,Outfitter,Recreation Services,8,15909.72,5319.53,34281.4,5,14,12,4.47,2856.78,43.498,57.987,42.0,1
C-01744,Desert Southwest,Outfitter,Recreation Services,23,67733.4,38812.34,369461.72,2,23,29,3.21,12740.06,30.532,84.675,45.6,0
C-01745,Mountain Central,Outdoor Retail,Retail,15,21693.53,7232.47,45488.78,3,7,6,5.99,7581.46,26.29,90.455,24.6,1
C-01746,Desert Southwest,Outdoor Retail,Retail,23,33060.01,11588.24,91493.34,3,11,16,4.88,5718.33,79.553,1.271,44.8,1
C-01747,Mountain Central,Outdoor Retail,Retail,10,38515.76,24249.8,221147.94,3,49,15,5.62,14743.2,50.951,95.162,46.9,1
C-01748,Mountain North,Resort,Hospitality,30,25901.6,12138.67,61110.98,0,55,13,4.44,4700.84,18.048,35.134,18.3,0
C-01749,Mountain Central,School District,Public Sector,48,35950.16,15868.18,120004.09,1,19,13,2.34,9231.08,64.062,88.966,39.9,1
C-01750,Desert Southwest,School District,Public Sector,12,42427.94,22854.88,189475.02,3,50,7,0.27,27067.86,56.645,49.699,54.9,0
C-01751,Mountain Central,Outfitter,Recreation Services,38,19623.13,9328.3,64155.04,0,45,17,5.29,3773.83,41.872,21.371,10.8,0
C-01752,Mountain Central,Resort,Hospitality,15,52181.34,29259.59,297438.45,1,30,24,3.14,12393.27,45.732,90.131,39.3,0
C-01753,Mountain North,Outdoor Retail,Retail,24,20344.76,8438.88,55791.52,1,63,4,4.69,13947.88,79.525,68.845,27.3,0
C-01754,Desert Southwest,Outdoor Retail,Retail,6,12479.94,2672.34,13114.74,1,7,12,7.29,1092.89,55.914,70.96,21.7,0
C-01755,Desert Southwest,Resort,Hospitality,16,30653.73,11193.99,71240.5,2,11,15,4.78,4749.37,38.741,63.264,29.8,0
C-01756,Mountain Central,Outdoor Retail,Retail,8,21050.91,7863.48,59457.81,6,41,7,4.73,8493.97,24.175,31.782,44.3,1
C-01757,Mountain Central,Outdoor Retail,Retail,45,20560.93,7641.17,49081.42,1,33,18,5.62,2726.75,53.12,54.351,20.6,0
C-01758,Mountain North,Outdoor Retail,Retail,39,15196.37,3350.87,17645.11,3,49,14,3.22,1260.36,56.325,66.675,27.9,0
C-01759,Mountain Central,Outdoor Retail,Retail,45,45147.94,20977.98,193356.42,2,41,16,5.07,12084.78,56.895,51.047,40.4,1
C-01760,Mountain Central,Resort,Hospitality,20,48150.45,25506.25,215172.16,2,35,8,4.01,26896.52,46.631,62.862,41.3,1
C-01761,Desert Southwest,Resort,Hospitality,40,19723.84,8174.07,56150.23,2,27,25,2.48,2246.01,54.402,77.066,33.6,0
C-01762,Mountain Central,Outdoor Retail,Retail,25,19486.43,6051.82,42499.19,2,12,12,2.12,3541.6,55.226,60.251,33.2,0
C-01763,Desert Southwest,Resort,Hospitality,17,41874.34,25189.35,203548.72,2,19,12,4.73,16962.39,63.753,8.652,45.3,1
C-01764,Mountain Central,Resort,Hospitality,19,20326.73,8778.24,48527.09,0,29,13,3.75,3732.85,44.03,17.833,25.9,0
C-01765,Mountain Central,Resort,Hospitality,14,45170.78,24917.36,257123.13,2,51,21,0.59,12243.96,65.9,95.303,43.5,0
C-01766,Mountain Central,School District,Public Sector,48,42604.61,19147.04,188450.92,0,7,18,2.58,10469.5,36.785,98.1,35.1,0
C-01767,Mountain Central,Resort,Hospitality,16,25901.64,8765.96,59074.77,2,12,23,1.47,2568.47,61.676,89.518,32.2,0
C-01768,Desert Southwest,Outdoor Retail,Retail,40,125634.34,92541.4,1197111.83,1,17,30,2.49,39903.73,60.846,14.277,97.7,0
C-01769,Mountain North,Outdoor Retail,Retail,29,71707.63,45946.28,491138.06,1,45,17,4.48,28890.47,35.1,9.877,55.1,0
C-01770,Mountain North,Outdoor Retail,Retail,69,40120.49,18308.33,145989.46,3,14,26,6.81,5614.98,38.838,20.418,33.9,0
C-01771,Mountain Central,Resort,Hospitality,51,34621.16,15993.64,149431.12,4,21,7,2.28,21347.3,21.505,12.042,50.4,1
C-01772,Mountain Central,Outdoor Retail,Retail,19,12152.28,4320.29,26531.86,7,49,7,0.58,3790.27,32.974,64.258,43.3,0
C-01773,Mountain North,Outdoor Retail,Retail,41,20397.39,7295.44,41094.86,1,66,17,6.41,2417.34,46.152,0.184,21.7,0
C-01774,Mountain North,Outdoor Retail,Retail,26,55809.74,27337.55,234215.48,4,14,34,3.23,6888.69,52.76,80.834,50.0,1
C-01775,Mountain Central,Outdoor Retail,Retail,26,36769.74,19690.2,136733.61,3,35,20,2.41,6836.68,54.575,26.543,37.9,1
C-01776,Mountain North,Resort,Hospitality,58,31170.9,9558.01,67959.32,2,20,8,0.0,8494.92,61.477,10.483,39.5,0
C-01777,Mountain Central,School District,Public Sector,69,66947.8,36587.71,403435.97,6,82,28,2.44,14408.43,57.172,22.728,67.8,1
C-01778,Mountain North,Outdoor Retail,Retail,52,24216.31,8418.8,52913.8,2,13,10,1.02,5291.38,54.559,66.229,31.3,0
C-01779,Mountain Central,Outdoor Retail,Retail,12,41009.4,24359.53,214945.53,3,47,15,1.45,14329.7,45.477,97.69,49.0,0
C-01780,Mountain Central,Outdoor Retail,Retail,34,29435.98,12529.6,109476.49,0,18,14,0.87,7819.75,36.591,17.274,15.2,0
C-01781,Desert Southwest,School District,Public Sector,63,26741.9,12386.87,110228.74,6,9,16,0.28,6889.3,53.921,39.144,66.8,0
C-01782,Desert Southwest,School District,Public Sector,100,44126.12,16975.17,160846.69,1,61,19,0.54,8465.62,52.026,17.031,40.8,0
C-01783,Desert Southwest,Outfitter,Recreation Services,54,36158.86,17491.69,183271.97,3,44,20,6.61,9163.6,41.652,62.636,32.0,0
C-01784,Mountain Central,School District,Public Sector,16,10677.11,2150.54,8161.86,1,31,11,5.2,741.99,63.75,7.545,23.1,0
C-01785,Mountain North,Outdoor Retail,Retail,45,45217.93,26061.33,264475.51,3,48,14,4.04,18891.11,78.512,64.431,54.6,0
C-01786,Desert Southwest,Outfitter,Recreation Services,40,15405.13,4753.99,24378.83,5,10,13,4.37,1875.29,45.491,72.58,30.4,1
C-01787,Mountain Central,Outdoor Retail,Retail,18,19675.08,7894.01,54086.39,2,36,8,5.29,6760.8,46.979,54.725,33.0,1
C-01788,Mountain Central,Resort,Hospitality,16,55776.67,28912.76,267269.72,0,27,7,3.83,38181.39,54.317,24.215,43.7,0
C-01789,Mountain Central,Outdoor Retail,Retail,45,96305.34,57365.09,607416.04,1,16,38,5.89,15984.63,53.922,83.706,69.3,0
C-01790,Desert Southwest,School District,Public Sector,18,26382.5,10056.3,62683.43,0,20,5,0.55,12536.69,56.694,98.43,33.9,0
C-01791,Mountain Central,Outdoor Retail,Retail,18,85717.49,64255.22,702544.26,4,36,31,3.18,22662.72,49.6,3.801,78.5,0
C-01792,Desert Southwest,Outdoor Retail,Retail,6,28078.36,12184.06,90298.01,4,132,15,4.63,6019.87,20.074,94.77,41.0,1
C-01793,Mountain Central,School District,Public Sector,40,62742.39,40167.02,364490.17,2,8,16,2.28,22780.64,68.868,10.936,67.7,0
C-01794,Mountain Central,Outdoor Retail,Retail,18,21280.19,10792.07,62871.56,1,19,8,4.62,7858.95,59.07,77.717,29.8,0
C-01795,Mountain North,Outdoor Retail,Retail,28,41459.23,21892.46,197021.25,2,35,23,6.15,8566.14,53.239,34.887,21.9,1
C-01796,Mountain Central,School District,Public Sector,17,14835.4,4133.32,23502.61,1,15,9,3.13,2611.4,56.941,57.437,27.6,0
C-01797,Mountain Central,School District,Public Sector,21,10434.33,3403.82,16320.93,3,23,24,2.12,680.04,95.589,47.02,27.4,1
C-01798,Desert Southwest,Outdoor Retail,Retail,49,26648.01,13831.84,113890.21,3,9,18,2.3,6327.23,61.791,21.01,31.5,0
C-01799,Desert Southwest,Resort,Hospitality,50,71606.87,42924.7,489713.74,6,112,26,0.85,18835.14,53.667,25.677,77.4,1
C-01800,Mountain Central,School District,Public Sector,23,33408.93,12757.76,100415.25,1,8,12,0.13,8367.94,49.453,87.663,37.3,0
C-01801,Mountain Central,School District,Public Sector,22,36355.47,18115.8,154434.91,4,99,16,2.72,9652.18,88.781,5.833,69.4,0
C-01802,Mountain Central,School District,Public Sector,22,8772.02,2038.65,10391.03,2,17,7,3.25,1484.43,42.992,64.191,19.8,0
C-01803,Mountain North,Resort,Hospitality,9,11985.83,3700.37,20181.94,5,37,9,3.13,2242.44,37.411,96.356,36.9,1
C-01804,Desert Southwest,Resort,Hospitality,31,32559.47,14404.05,122041.05,2,22,16,1.85,7627.57,17.578,82.329,40.6,1
C-01805,Mountain Central,Outdoor Retail,Retail,66,44612.07,25207.29,238961.25,3,6,17,6.16,14056.54,69.303,97.257,39.0,0
C-01806,Mountain Central,Outdoor Retail,Retail,58,14812.71,4968.2,32069.14,1,37,22,4.06,1457.69,65.3,73.314,19.5,0
C-01807,Desert Southwest,School District,Public Sector,21,21967.64,9372.18,68449.39,3,10,4,0.25,17112.35,56.827,88.766,46.5,1
C-01808,Mountain Central,Outdoor Retail,Retail,9,38947.36,18612.88,124968.71,5,39,17,2.51,7351.1,33.084,3.79,48.3,1
C-01809,Mountain Central,Resort,Hospitality,59,40573.91,19651.96,178400.12,3,31,7,3.51,25485.73,30.399,68.282,45.9,0
C-01810,Desert Southwest,Outdoor Retail,Retail,16,33727.0,14265.03,88880.49,2,38,13,7.21,6836.96,43.554,51.968,28.6,0
C-01811,Mountain Central,Outdoor Retail,Retail,15,13853.55,3589.03,18310.31,0,107,18,4.85,1017.24,46.593,74.137,19.4,0
C-01812,Mountain North,Outdoor Retail,Retail,16,29975.12,14371.86,110751.96,1,25,13,0.49,8519.38,76.427,81.061,35.7,0
C-01813,Mountain Central,Outfitter,Recreation Services,28,21836.1,7696.1,54285.91,2,51,10,5.09,5428.59,55.63,27.688,29.8,0
C-01814,Mountain Central,School District,Public Sector,56,12867.92,2892.91,12215.29,1,42,12,2.45,1017.94,57.692,99.466,23.9,0
C-01815,Mountain Central,Outdoor Retail,Retail,8,49459.68,23530.02,246510.61,3,62,24,2.39,10271.28,37.412,8.955,34.5,0
C-01816,Mountain Central,School District,Public Sector,11,29056.67,14615.23,149215.38,3,3,11,3.53,13565.03,44.226,18.404,50.7,0
C-01817,Desert Southwest,Resort,Hospitality,18,58489.91,31330.53,311468.26,1,23,20,2.4,15573.41,73.3,17.981,41.6,0
C-01818,Mountain North,Outdoor Retail,Retail,42,145566.88,109061.1,1460731.53,4,9,34,5.58,42962.69,47.728,99.968,121.2,0
C-01819,Mountain Central,Outfitter,Recreation Services,30,19852.06,9571.99,56486.92,2,47,16,5.94,3530.43,49.939,89.154,31.1,0
C-01820,Mountain Central,Outdoor Retail,Retail,5,26671.26,13493.68,88544.12,4,7,19,3.36,4660.22,59.324,55.162,39.2,1
C-01821,Mountain Central,Outdoor Retail,Retail,73,26371.73,16123.86,133842.12,3,55,13,2.82,10295.55,61.715,48.577,50.3,0
C-01822,Mountain Central,Outdoor Retail,Retail,109,74290.02,44326.63,459813.89,0,73,23,2.68,19991.91,10.606,45.29,53.2,0
C-01823,Desert Southwest,Outdoor Retail,Retail,16,52750.45,28033.9,304127.11,1,20,15,7.25,20275.14,63.718,14.969,37.2,0
C-01824,Desert Southwest,Outfitter,Recreation Services,55,20325.75,7406.73,43779.25,1,25,13,6.05,3367.63,15.361,33.932,20.5,1
C-01825,Mountain North,Outdoor Retail,Retail,14,99928.23,64340.52,792194.78,0,11,27,4.45,29340.55,57.047,17.475,55.3,0
C-01826,Mountain North,School District,Public Sector,17,15756.95,4629.22,25385.63,1,21,5,0.15,5077.13,45.961,56.498,40.5,0
C-01827,Mountain North,Resort,Hospitality,35,17790.03,6124.52,28944.53,1,50,11,1.93,2631.32,58.311,99.504,19.4,0
C-01828,Mountain North,Outdoor Retail,Retail,28,23182.86,11115.91,89525.75,0,24,21,0.14,4263.13,28.434,50.709,25.3,0
C-01829,Mountain Central,Outdoor Retail,Retail,52,30914.99,14357.55,110427.14,1,41,8,6.0,13803.39,68.486,28.003,32.7,0
C-01830,Mountain North,Resort,Hospitality,20,29768.64,15193.19,89996.93,1,13,10,5.12,8999.69,54.871,55.711,34.0,0
C-01831,Desert Southwest,Resort,Hospitality,15,17275.31,4259.68,29609.24,2,95,12,3.14,2467.44,35.711,91.072,40.6,0
C-01832,Mountain Central,Outfitter,Recreation Services,27,28336.1,10822.5,84982.6,0,4,13,4.34,6537.12,61.233,45.603,10.8,0
C-01833,Mountain North,School District,Public Sector,26,17706.32,5401.05,40523.0,1,39,13,2.69,3117.15,111.63,8.615,31.5,0
C-01834,Mountain North,Outdoor Retail,Retail,59,47934.49,23414.2,198108.24,5,0,31,4.68,6390.59,61.886,39.754,48.8,0
C-01835,Desert Southwest,Resort,Hospitality,15,21520.43,10466.81,76731.89,4,33,31,4.24,2475.22,36.379,66.653,43.4,1
C-01836,Mountain Central,School District,Public Sector,43,104781.39,58899.16,695463.55,3,22,37,0.0,18796.31,55.328,46.445,81.1,0
C-01837,Desert Southwest,Outdoor Retail,Retail,44,22085.7,8367.22,51623.21,1,31,13,3.7,3971.02,49.072,40.215,13.0,0
C-01838,Desert Southwest,School District,Public Sector,42,38288.82,15152.41,129715.67,1,35,20,0.92,6485.78,56.126,21.347,25.3,0
C-01839,Mountain Central,School District,Public Sector,37,18015.12,6775.78,31048.07,4,28,10,2.79,3104.81,40.971,4.233,38.9,0
C-01840,Mountain Central,Outdoor Retail,Retail,16,40522.15,19093.31,136491.26,1,55,16,6.41,8530.7,53.77,26.053,20.3,0
C-01841,Mountain Central,Outdoor Retail,Retail,5,31439.69,11763.28,100641.02,2,14,12,7.21,8386.75,36.909,78.236,27.0,0
C-01842,Mountain North,Outfitter,Recreation Services,36,32359.83,13331.22,125603.52,4,5,10,5.96,12560.35,58.653,2.357,24.8,1
C-01843,Mountain North,School District,Public Sector,2,18420.68,5885.9,36534.93,1,65,19,3.19,1922.89,39.211,74.284,29.6,0
C-01844,Mountain Central,Resort,Hospitality,67,79769.82,52297.47,601927.45,5,47,25,3.73,24077.1,41.769,50.467,73.2,1
C-01845,Mountain North,Resort,Hospitality,52,42749.35,18205.12,174599.28,2,24,13,4.65,13430.71,40.572,88.619,48.4,0
C-01846,Mountain North,School District,Public Sector,35,19183.67,7376.67,53878.28,0,13,17,0.36,3169.31,38.335,29.899,25.2,0
C-01847,Mountain Central,School District,Public Sector,23,16522.02,4966.46,26848.61,1,38,10,0.15,2684.86,83.557,21.214,33.9,0
C-01848,Mountain Central,School District,Public Sector,6,28628.29,11421.4,73756.75,2,31,10,0.41,7375.67,21.909,58.489,46.6,1
C-01849,Mountain North,Outdoor Retail,Retail,90,73957.06,43960.56,431024.35,3,76,16,5.96,26939.02,34.245,25.761,66.4,0
C-01850,Mountain Central,Resort,Hospitality,35,15212.86,5073.41,35422.58,0,7,20,4.92,1771.13,61.658,85.659,20.6,0
C-01851,Desert Southwest,Outdoor Retail,Retail,17,12556.2,3937.28,21193.77,1,6,17,5.59,1246.69,72.563,79.941,30.2,0
C-01852,Mountain Central,Outfitter,Recreation Services,27,32548.8,16429.51,141137.7,2,23,7,7.68,20162.53,34.164,42.782,25.1,0
C-01853,Mountain North,Outdoor Retail,Retail,36,32438.55,16466.19,120054.44,2,50,15,7.79,8003.63,76.382,64.801,26.0,0
C-01854,Mountain Central,Outfitter,Recreation Services,17,23364.16,9294.71,64302.38,2,31,16,6.86,4018.9,42.28,25.825,14.3,0
C-01855,Mountain Central,Outdoor Retail,Retail,21,25835.24,9288.2,65669.05,2,15,4,4.37,16417.26,38.681,49.826,41.1,0
C-01856,Mountain North,Outdoor Retail,Retail,67,55665.4,28421.09,302753.31,2,14,27,3.31,11213.09,60.34,41.02,48.2,0
C-01857,Mountain North,Outdoor Retail,Retail,100,64055.24,27706.26,255062.81,1,2,21,3.98,12145.85,6.662,82.782,41.5,0
C-01858,Mountain Central,Resort,Hospitality,69,34291.37,17122.44,143560.55,1,7,24,3.1,5981.69,50.71,77.568,34.1,0
C-01859,Mountain Central,Outdoor Retail,Retail,13,40163.38,18607.82,160669.25,0,15,7,4.03,22952.75,34.67,22.045,27.7,0
C-01860,Desert Southwest,School District,Public Sector,52,10766.77,1804.62,7603.66,2,30,38,1.8,200.1,28.762,81.985,17.1,0
C-01861,Desert Southwest,Resort,Hospitality,4,61961.16,33520.36,359494.62,0,120,12,1.35,29957.88,66.22,1.147,61.2,0
C-01862,Mountain North,Resort,Hospitality,33,34531.31,15687.62,114963.03,1,98,9,3.11,12773.67,26.31,91.433,34.9,0
C-01863,Mountain Central,School District,Public Sector,8,19884.47,7560.68,47143.6,1,116,7,0.2,6734.8,68.714,73.423,35.5,0
C-01864,Mountain Central,Outdoor Retail,Retail,30,17251.64,5907.94,35841.72,1,20,9,1.0,3982.41,57.035,78.308,27.2,0
C-01865,Mountain Central,School District,Public Sector,24,41134.17,19393.36,190469.13,1,33,12,2.49,15872.43,39.214,95.903,59.8,0
C-01866,Mountain North,Outfitter,Recreation Services,28,35474.13,12633.1,101221.92,2,44,6,1.69,16870.32,56.006,71.907,35.4,0
C-01867,Desert Southwest,Resort,Hospitality,29,21593.36,6989.33,45393.16,2,15,12,0.0,3782.76,47.042,21.385,28.2,0
C-01868,Mountain Central,School District,Public Sector,32,29730.95,13084.08,81035.08,1,11,28,4.58,2894.11,38.626,70.965,26.4,0
C-01869,Desert Southwest,Outdoor Retail,Retail,30,38083.9,17819.85,140476.63,2,83,20,4.0,7023.83,70.366,70.301,35.3,0
C-01870,Mountain North,School District,Public Sector,66,46788.17,26090.33,215197.17,2,10,17,0.0,12658.66,44.748,5.125,62.6,0
C-01871,Mountain Central,School District,Public Sector,49,21287.4,4899.63,30324.43,1,45,9,3.53,3369.38,38.018,49.808,10.1,0
C-01872,Desert Southwest,Outfitter,Recreation Services,13,21013.69,8680.72,65791.55,3,34,6,3.83,10965.26,45.136,11.699,35.4,0
C-01873,Mountain Central,School District,Public Sector,28,65832.3,37346.5,424974.01,2,42,22,4.53,19317.0,62.719,80.361,52.4,0
C-01874,Mountain North,Outdoor Retail,Retail,8,89726.75,63868.95,813967.44,3,60,30,2.33,27132.25,53.609,51.4,76.3,0
C-01875,Desert Southwest,Outdoor Retail,Retail,21,22258.0,9209.66,65099.95,1,22,10,3.79,6510.0,63.583,35.964,18.7,0
C-01876,Desert Southwest,Outdoor Retail,Retail,15,59002.8,29559.03,303249.0,1,48,35,4.4,8664.26,30.16,30.601,30.9,0
C-01877,Mountain Central,Outdoor Retail,Retail,32,28618.77,9806.83,74072.4,1,15,5,3.53,14814.48,46.01,66.339,17.3,1
C-01878,Mountain North,Resort,Hospitality,51,19478.58,7526.3,40051.27,1,74,15,1.1,2670.08,56.842,86.947,23.8,0
C-01879,Mountain Central,Resort,Hospitality,61,58078.53,34559.6,379966.02,2,19,29,3.0,13102.28,56.162,77.835,46.7,0
C-01880,Desert Southwest,School District,Public Sector,68,65196.42,41757.05,416547.41,2,26,21,1.84,19835.59,52.58,70.242,77.7,0
C-01881,Mountain North,School District,Public Sector,39,62717.67,34690.54,380141.74,1,26,21,0.25,18101.99,42.029,32.299,59.5,0
C-01882,Desert Southwest,School District,Public Sector,40,65912.91,38782.6,386122.06,4,48,23,0.0,16787.92,66.027,75.235,68.4,0
C-01883,Mountain Central,Outdoor Retail,Retail,63,32695.09,13762.23,86037.64,1,26,7,2.28,12291.09,38.075,59.889,32.9,0
C-01884,Desert Southwest,School District,Public Sector,21,28725.52,13353.35,110706.78,2,17,8,0.86,13838.35,88.884,22.766,37.8,0
C-01885,Mountain Central,Resort,Hospitality,44,45200.06,26147.06,254084.0,2,19,9,0.0,28231.56,60.374,12.139,52.5,0
C-01886,Mountain Central,Outdoor Retail,Retail,66,33024.87,12949.9,84804.07,3,46,10,5.31,8480.41,49.773,94.493,31.3,0
C-01887,Desert Southwest,Resort,Hospitality,49,52658.14,24180.97,190330.45,1,53,24,0.41,7930.44,41.202,83.094,43.0,0
C-01888,Mountain North,School District,Public Sector,26,17102.28,4931.18,23842.84,0,52,7,0.43,3406.12,32.701,21.109,33.5,0
C-01889,Mountain North,Resort,Hospitality,23,26441.65,9639.31,72994.6,2,115,17,6.12,4293.8,63.341,5.243,32.1,1
C-01890,Desert Southwest,School District,Public Sector,33,47378.05,19852.52,186702.67,2,23,12,0.69,15558.56,51.215,89.457,49.6,0
C-01891,Mountain Central,Outdoor Retail,Retail,33,60878.82,32606.43,297484.83,2,82,14,5.29,21248.92,43.384,61.632,47.5,0
C-01892,Desert Southwest,Outfitter,Recreation Services,56,43241.97,21461.62,177666.4,2,18,17,5.35,10450.96,71.65,22.166,38.3,0
C-01893,Mountain Central,Resort,Hospitality,92,23956.09,13363.79,95296.02,0,73,3,4.19,31765.34,63.476,62.371,32.7,0
C-01894,Mountain North,Resort,Hospitality,45,60268.66,33972.05,337751.08,2,109,26,6.6,12990.43,29.007,37.472,51.9,1
C-01895,Mountain Central,Outfitter,Recreation Services,12,33296.45,11384.89,87646.56,2,2,10,1.6,8764.66,74.568,6.139,44.1,1
C-01896,Mountain Central,Outdoor Retail,Retail,53,26699.37,9158.05,75201.55,1,16,16,5.59,4700.1,62.318,8.485,22.0,1
C-01897,Desert Southwest,Outdoor Retail,Retail,11,19714.37,8677.75,75589.29,1,43,13,4.8,5814.56,46.653,99.995,32.5,1
C-01898,Mountain North,Outdoor Retail,Retail,52,40331.31,16311.22,150107.0,1,66,23,0.75,6526.39,50.097,74.783,32.6,0
C-01899,Desert Southwest,Outdoor Retail,Retail,13,37432.09,17524.11,167513.04,2,36,13,5.85,12885.62,66.312,74.487,25.7,0
C-01900,Desert Southwest,School District,Public Sector,35,8011.57,1642.57,5419.65,2,38,13,2.22,416.9,21.738,50.314,43.5,1
C-01901,Mountain North,Outdoor Retail,Retail,9,23507.75,11715.5,89253.74,2,30,14,5.02,6375.27,63.676,5.974,29.5,0
C-01902,Mountain Central,Resort,Hospitality,43,22361.25,8933.67,57231.77,2,51,9,2.26,6359.09,53.495,90.468,27.1,1
C-01903,Mountain Central,Resort,Hospitality,34,23793.18,9393.11,64053.75,0,39,27,2.85,2372.36,65.659,69.6,32.6,0
C-01904,Desert Southwest,Resort,Hospitality,34,41624.57,14838.08,112717.88,1,21,12,2.96,9393.16,56.442,56.008,36.4,0
C-01905,Mountain Central,Outfitter,Recreation Services,5,8385.96,1634.65,6781.35,0,54,11,5.96,616.49,41.767,65.686,11.7,0
C-01906,Mountain Central,Resort,Hospitality,29,25613.78,11225.86,76420.19,1,1,9,3.51,8491.13,71.261,55.212,37.0,0
C-01907,Mountain Central,Resort,Hospitality,18,18650.86,6129.89,48525.47,1,32,10,2.75,4852.55,64.587,91.75,21.9,0
C-01908,Mountain Central,Outdoor Retail,Retail,75,30902.73,13885.09,94584.06,2,32,20,3.22,4729.2,63.865,76.635,38.8,0
C-01909,Mountain North,Outfitter,Recreation Services,26,50144.1,29859.94,326289.49,2,15,15,6.46,21752.63,35.115,70.887,38.9,0
C-01910,Desert Southwest,Outdoor Retail,Retail,14,7861.84,813.98,2000.0,3,36,16,6.45,125.0,47.401,23.424,17.0,0
C-01911,Desert Southwest,Outdoor Retail,Retail,16,16492.11,5875.44,40352.66,1,2,17,6.34,2373.69,36.09,65.3,11.6,0
C-01912,Mountain Central,Outfitter,Recreation Services,20,41028.1,16814.49,151666.2,2,22,10,5.36,15166.62,53.714,86.346,30.9,0
C-01913,Desert Southwest,School District,Public Sector,15,23031.85,9345.93,60054.85,1,7,12,4.31,5004.57,45.235,36.976,44.7,0
C-01914,Desert Southwest,Outdoor Retail,Retail,26,63122.17,35696.24,340312.0,1,9,18,4.94,18906.22,52.226,54.339,65.4,0
C-01915,Mountain Central,School District,Public Sector,6,40212.99,17713.59,136951.94,1,21,35,0.65,3912.91,33.206,38.734,43.5,0
C-01916,Mountain Central,Outdoor Retail,Retail,57,39259.24,15712.38,138978.08,0,38,7,0.88,19854.01,40.453,12.166,23.5,0
C-01917,Mountain North,Resort,Hospitality,17,23476.27,9145.04,45114.2,2,6,11,2.24,4101.29,47.748,37.557,25.5,0
C-01918,Mountain Central,Resort,Hospitality,15,44572.53,25449.15,217338.43,3,52,12,3.2,18111.54,40.71,43.134,50.4,1
C-01919,Mountain Central,Resort,Hospitality,52,82865.66,49385.71,560360.91,3,26,19,2.16,29492.68,30.458,76.417,65.3,0
C-01920,Mountain Central,Resort,Hospitality,67,38920.53,19422.03,197077.96,4,8,17,0.0,11592.82,32.362,1.361,37.4,1
C-01921,Desert Southwest,Outdoor Retail,Retail,45,28512.57,12283.74,84204.84,1,88,20,4.22,4210.24,53.23,7.214,28.1,0
C-01922,Mountain North,School District,Public Sector,41,44283.16,23656.82,205513.01,2,20,10,4.38,20551.3,63.397,75.707,43.5,0
C-01923,Mountain North,School District,Public Sector,19,87595.94,57806.15,613212.3,1,21,18,2.98,34067.35,55.096,82.463,74.9,0
C-01924,Mountain Central,Outdoor Retail,Retail,36,56783.09,25371.83,211807.94,4,26,24,3.37,8825.33,14.447,33.454,36.8,0
C-01925,Desert Southwest,Outfitter,Recreation Services,58,46680.46,18625.1,158732.98,2,26,11,2.06,14430.27,60.067,25.312,51.9,0
C-01926,Mountain North,Resort,Hospitality,17,19650.11,9004.0,61382.07,7,17,13,2.63,4721.7,74.496,4.435,48.6,1
C-01927,Mountain Central,Outdoor Retail,Retail,57,29074.8,17196.09,147708.55,0,69,15,5.64,9847.24,53.301,40.95,26.5,0
C-01928,Mountain North,School District,Public Sector,56,38092.12,16164.37,141983.97,2,33,23,2.8,6173.22,37.778,81.387,45.0,0
C-01929,Mountain Central,School District,Public Sector,34,49758.57,24095.31,194147.88,0,17,36,4.73,5393.0,47.187,73.484,34.9,0
C-01930,Mountain Central,School District,Public Sector,14,45703.92,25236.28,233399.25,2,34,11,3.24,21218.11,36.925,34.429,44.7,0
C-01931,Mountain North,Outdoor Retail,Retail,30,19097.91,5008.55,31428.82,1,25,8,5.78,3928.6,39.745,92.367,17.0,0
C-01932,Mountain North,Resort,Hospitality,25,19330.01,5609.37,29958.61,2,22,7,4.58,4279.8,65.23,83.424,34.8,0
C-01933,Mountain North,Resort,Hospitality,38,39242.95,19198.95,166377.92,2,27,5,6.31,33275.58,63.391,34.14,35.8,0
C-01934,Mountain Central,Outdoor Retail,Retail,12,53777.28,30129.61,291952.23,2,29,42,6.5,6951.24,40.837,99.412,37.9,0
C-01935,Mountain Central,School District,Public Sector,44,27176.22,12745.64,107313.88,2,11,9,0.95,11923.76,62.537,3.74,36.7,0
C-01936,Mountain Central,School District,Public Sector,43,25074.02,10499.62,76773.23,2,48,12,0.0,6397.77,59.331,93.31,40.1,0
C-01937,Mountain Central,Resort,Hospitality,11,22660.3,10497.61,76099.41,2,38,10,3.3,7609.94,23.909,0.279,26.6,1
C-01938,Mountain North,Outdoor Retail,Retail,30,17285.12,7128.24,39910.88,1,66,15,1.47,2660.73,43.563,35.597,20.8,0
C-01939,Desert Southwest,Outdoor Retail,Retail,16,26723.63,5876.41,33106.0,0,58,11,0.35,3009.64,28.7,53.685,22.5,0
C-01940,Mountain Central,School District,Public Sector,58,19968.51,6677.38,63185.62,5,58,9,0.72,7020.62,57.035,16.798,56.2,0
C-01941,Mountain North,Outdoor Retail,Retail,29,30784.41,16025.77,160847.21,0,12,9,0.97,17871.91,42.923,86.56,36.8,0
C-01942,Mountain North,School District,Public Sector,17,167304.1,130263.83,1655114.69,2,16,50,0.83,33102.29,60.927,56.772,144.7,0
C-01943,Mountain Central,School District,Public Sector,27,12322.95,3279.37,15163.69,0,39,18,5.94,842.43,44.077,18.472,24.1,0
C-01944,Mountain North,Outdoor Retail,Retail,12,22150.15,8058.76,34407.61,0,29,6,4.5,5734.6,71.978,76.759,23.6,0
C-01945,Desert Southwest,Outdoor Retail,Retail,27,31501.44,17501.05,146216.73,3,18,17,4.04,8600.98,62.049,35.997,35.9,0
C-01946,Mountain North,Resort,Hospitality,36,12132.57,2457.72,11899.03,2,25,7,3.22,1699.86,51.959,85.981,13.7,0
C-01947,Mountain Central,Outfitter,Recreation Services,23,43358.64,22827.41,186856.51,1,2,24,5.08,7785.69,47.874,49.271,33.2,0
C-01948,Mountain Central,Outdoor Retail,Retail,41,18218.46,5355.44,39242.37,4,66,11,5.9,3567.49,52.913,27.217,26.1,1
C-01949,Mountain Central,Outfitter,Recreation Services,34,28719.26,12323.75,109789.05,1,83,10,4.23,10978.91,62.827,40.222,28.3,0
C-01950,Mountain Central,Outfitter,Recreation Services,17,28855.84,9840.24,73800.08,1,32,18,4.03,4100.0,67.288,70.18,18.7,0
C-01951,Mountain North,Outdoor Retail,Retail,12,33041.19,15783.12,133491.71,1,31,18,3.49,7416.21,19.512,64.842,23.2,1
C-01952,Mountain North,Resort,Hospitality,44,22480.86,7257.81,64533.37,2,15,12,6.88,5377.78,67.686,80.404,27.4,0
C-01953,Mountain Central,Outdoor Retail,Retail,73,72822.85,37462.05,417126.26,2,12,20,5.07,20856.31,70.553,10.996,60.0,0
C-01954,Mountain Central,Outfitter,Recreation Services,102,66495.68,37512.38,455154.18,3,33,32,6.09,14223.57,47.371,23.564,45.7,0
C-01955,Desert Southwest,Outdoor Retail,Retail,15,25762.46,11159.54,79106.64,1,37,14,7.54,5650.47,65.138,70.963,27.7,0
C-01956,Mountain Central,School District,Public Sector,25,14986.75,6261.67,33754.9,2,12,19,1.65,1776.57,39.633,23.109,31.7,0
C-01957,Desert Southwest,Outfitter,Recreation Services,23,15315.67,6415.6,27539.86,4,23,8,5.61,3442.48,54.417,61.379,33.0,1
C-01958,Mountain Central,Outdoor Retail,Retail,46,56605.48,30921.01,322576.69,2,28,15,2.99,21505.11,70.03,69.126,47.3,0
C-01959,Desert Southwest,Resort,Hospitality,55,120662.53,84395.58,996174.93,0,11,27,1.86,36895.37,38.076,59.971,91.8,0
C-01960,Mountain Central,Resort,Hospitality,13,42640.24,19953.73,188429.55,4,37,34,1.07,5542.05,46.089,64.399,50.6,1
C-01961,Mountain Central,Outdoor Retail,Retail,49,23165.18,8888.42,71242.46,2,41,9,2.48,7915.83,51.781,94.627,33.8,0
C-01962,Mountain North,Outfitter,Recreation Services,31,17873.17,6704.47,42466.77,4,32,14,3.15,3033.34,29.223,65.627,30.5,1
C-01963,Desert Southwest,School District,Public Sector,27,31568.47,16499.29,132188.35,2,14,10,1.49,13218.84,45.356,52.572,44.3,0
C-01964,Mountain Central,Resort,Hospitality,30,50085.13,29471.48,277103.6,2,65,18,3.94,15394.64,48.496,75.754,34.2,0
C-01965,Mountain Central,Outdoor Retail,Retail,10,38357.42,18395.63,166563.39,2,19,15,2.39,11104.23,53.043,26.741,43.0,1
C-01966,Desert Southwest,Outdoor Retail,Retail,63,48055.41,25828.22,267487.69,2,35,12,3.92,22290.64,37.611,55.831,52.4,1
C-01967,Mountain North,Outdoor Retail,Retail,110,69026.37,46849.87,515220.83,0,24,31,3.31,16620.03,54.947,92.187,61.2,0
C-01968,Mountain North,School District,Public Sector,33,65018.88,40240.41,503453.95,4,69,33,5.14,15256.18,56.935,35.194,59.9,1
C-01969,Mountain Central,Resort,Hospitality,15,14762.95,4675.16,25361.3,0,25,9,3.16,2817.92,66.007,37.018,22.4,0
C-01970,Mountain Central,School District,Public Sector,18,15455.57,5308.82,32366.46,2,23,26,1.92,1244.86,68.627,89.59,39.9,0
C-01971,Desert Southwest,Outdoor Retail,Retail,26,56500.37,30429.86,279583.95,1,13,34,3.33,8223.06,79.944,49.079,43.8,0
C-01972,Desert Southwest,Outdoor Retail,Retail,30,38120.5,21727.99,176711.9,6,22,18,1.91,9817.33,65.071,59.774,55.2,1
C-01973,Mountain Central,Outdoor Retail,Retail,20,26316.73,11978.93,88330.37,2,19,8,2.23,11041.3,45.642,66.443,27.1,0
C-01974,Mountain Central,Outfitter,Recreation Services,51,36041.69,12963.63,87546.06,3,6,13,2.6,6734.31,53.605,54.655,36.1,0
C-01975,Mountain North,Outfitter,Recreation Services,7,25846.02,6804.77,40859.35,0,13,11,4.63,3714.49,37.942,6.153,19.5,0
C-01976,Mountain North,Outdoor Retail,Retail,17,12788.99,3378.27,21513.75,1,20,12,2.86,1792.81,58.514,37.45,27.8,0
C-01977,Mountain Central,Outdoor Retail,Retail,25,89258.54,58790.43,768272.1,1,14,17,4.74,45192.48,46.212,75.809,64.0,1
C-01978,Desert Southwest,Resort,Hospitality,27,11969.52,2900.36,14180.67,2,77,14,2.39,1012.9,56.229,22.248,26.8,1
C-01979,Mountain North,School District,Public Sector,13,41203.69,18033.1,165021.88,2,21,7,1.51,23574.55,27.305,49.733,46.3,0
C-01980,Mountain Central,Outdoor Retail,Retail,40,35173.32,17189.29,143987.23,2,25,12,0.51,11998.94,24.294,51.916,32.4,0
C-01981,Mountain North,Outdoor Retail,Retail,12,40566.32,19493.77,158999.37,2,70,19,7.1,8368.39,45.212,93.267,28.8,0
C-01982,Mountain Central,Outdoor Retail,Retail,31,14073.83,3350.6,16612.13,3,110,17,4.9,977.18,48.635,4.856,28.6,0
C-01983,Mountain Central,Outdoor Retail,Retail,69,36759.83,16045.43,111953.38,0,54,14,5.28,7996.67,56.141,71.568,14.9,0
C-01984,Mountain Central,Outfitter,Recreation Services,12,27329.38,10454.63,65024.55,1,42,9,8.54,7224.95,59.765,85.808,17.6,1
C-01985,Mountain North,Outdoor Retail,Retail,62,45841.1,19614.62,158200.06,1,13,13,2.32,12169.24,49.888,53.706,36.0,0
C-01986,Desert Southwest,Outfitter,Recreation Services,68,78300.86,46219.2,487018.12,2,31,22,7.86,22137.19,72.017,72.911,52.7,0
C-01987,Mountain Central,School District,Public Sector,12,11193.18,3433.72,12902.88,2,32,17,3.03,758.99,64.01,31.479,23.1,0
C-01988,Mountain Central,Outdoor Retail,Retail,32,59268.45,36922.21,422613.32,2,32,16,5.25,26413.33,39.243,61.093,31.9,0
C-01989,Mountain Central,Resort,Hospitality,13,32351.05,16148.5,139066.21,5,65,11,1.98,12642.38,68.99,93.077,59.0,0
C-01990,Desert Southwest,School District,Public Sector,7,44783.56,24046.31,195275.86,0,19,18,2.97,10848.66,58.971,82.404,36.1,0
C-01991,Desert Southwest,School District,Public Sector,27,23436.42,6384.03,41283.54,3,46,22,3.23,1876.52,71.967,87.542,39.5,0
C-01992,Desert Southwest,Outfitter,Recreation Services,14,31530.99,15932.44,161188.83,6,33,9,5.55,17909.87,51.314,17.156,47.4,1
C-01993,Mountain North,Outdoor Retail,Retail,25,31168.69,16364.18,122264.97,1,28,32,1.63,3820.78,52.002,20.093,26.3,0
C-01994,Mountain North,School District,Public Sector,52,15054.87,4792.95,26609.45,2,9,5,0.26,5321.89,55.703,90.8,35.9,0
C-01995,Desert Southwest,Resort,Hospitality,54,24992.58,10617.54,93313.03,1,6,7,2.08,13330.43,50.821,13.423,27.5,0
C-01996,Mountain Central,Outdoor Retail,Retail,39,10638.42,2187.07,9564.83,1,25,26,4.94,367.88,77.291,25.881,14.7,0
C-01997,Mountain North,Outdoor Retail,Retail,16,25266.24,8476.25,54256.49,1,33,2,6.92,27128.25,63.285,70.715,18.5,1
C-01998,Mountain Central,Outdoor Retail,Retail,29,41540.96,20676.86,205039.06,3,3,14,6.66,14645.65,49.601,22.23,29.5,1
C-01999,Mountain North,Resort,Hospitality,4,15347.27,4421.39,24158.97,4,67,11,1.83,2196.27,44.382,22.95,35.9,1
C-02000,Mountain Central,Outfitter,Recreation Services,34,42981.06,18974.39,190015.39,1,8,16,3.36,11875.96,36.033,34.519,28.6,0
C-02001,Mountain Central,Outdoor Retail,Retail,48,66518.39,35733.16,401997.82,2,21,15,6.28,26799.85,46.833,42.212,63.0,0
C-02002,Mountain North,Outdoor Retail,Retail,14,28008.42,14807.26,142710.82,1,48,12,3.62,11892.57,51.503,85.303,39.2,0
C-02003,Mountain Central,Outdoor Retail,Retail,45,37730.4,16641.16,154703.25,2,13,18,2.41,8594.63,39.579,21.239,40.5,0
C-02004,Mountain North,School District,Public Sector,26,23240.93,8766.06,79048.24,1,100,19,1.53,4160.43,66.05,81.543,37.8,0
C-02005,Mountain Central,Resort,Hospitality,55,40743.41,20430.43,157096.66,3,34,8,2.47,19637.08,62.541,90.698,50.5,0
C-02006,Desert Southwest,Outfitter,Recreation Services,13,28034.42,10766.15,91147.54,1,53,22,3.0,4143.07,72.808,46.502,23.7,0
C-02007,Mountain North,Outdoor Retail,Retail,12,107445.83,69241.63,812830.09,2,3,31,2.61,26220.33,60.523,27.886,81.3,0
C-02008,Mountain Central,School District,Public Sector,3,87193.29,50770.88,548119.12,3,19,15,3.86,36541.27,11.135,70.792,79.9,0
C-02009,Mountain North,Outdoor Retail,Retail,6,16191.48,3389.79,11763.42,2,64,15,3.73,784.23,65.542,72.262,27.3,0
C-02010,Mountain Central,Outdoor Retail,Retail,19,131882.66,106151.19,1560636.24,8,28,45,4.43,34680.81,68.515,59.036,134.5,0
C-02011,Mountain North,School District,Public Sector,31,64423.99,33571.1,328600.16,2,7,11,0.55,29872.74,81.036,78.274,57.4,0
C-02012,Desert Southwest,School District,Public Sector,22,79896.84,48471.39,461736.24,5,15,27,1.01,17101.34,23.292,25.339,88.9,0
C-02013,Mountain Central,Outfitter,Recreation Services,43,9041.95,1935.2,9593.85,3,30,14,6.03,685.27,71.454,29.168,27.2,1
C-02014,Mountain Central,School District,Public Sector,46,40366.5,17155.71,165300.25,0,60,13,2.43,12715.4,37.431,12.972,36.7,0
C-02015,Mountain Central,School District,Public Sector,14,27761.07,11603.83,76460.94,5,100,10,2.86,7646.09,18.732,87.536,51.5,1
C-02016,Mountain North,Outdoor Retail,Retail,23,23158.26,11420.82,75265.17,3,32,20,4.88,3763.26,44.211,25.688,21.6,0
C-02017,Mountain North,Outdoor Retail,Retail,43,76370.08,39985.96,410162.8,3,20,22,4.15,18643.76,58.285,94.384,46.3,0
C-02018,Mountain Central,School District,Public Sector,50,22273.22,6654.26,38585.53,0,11,15,2.81,2572.37,49.998,61.358,29.9,0
C-02019,Mountain Central,School District,Public Sector,20,21668.13,6768.51,33725.13,0,1,8,2.66,4215.64,77.02,56.66,17.8,0
C-02020,Mountain North,Outdoor Retail,Retail,24,9844.06,3080.3,15143.62,1,56,11,3.47,1376.69,35.299,87.44,26.2,0
C-02021,Desert Southwest,Outdoor Retail,Retail,17,18877.02,6993.38,45951.79,3,45,13,2.91,3534.75,52.754,22.836,36.2,0
C-02022,Desert Southwest,Resort,Hospitality,40,17569.45,7413.64,47275.87,1,1,5,3.74,9455.17,48.776,75.182,39.9,0
C-02023,Mountain North,Outdoor Retail,Retail,61,34109.53,9431.52,78256.05,0,9,27,0.26,2898.37,49.826,77.345,22.7,0
C-02024,Mountain North,Resort,Hospitality,32,59993.26,28811.99,285298.66,3,17,32,4.88,8915.58,46.084,2.83,42.6,0
C-02025,Desert Southwest,Outdoor Retail,Retail,24,36573.17,10988.11,80828.79,2,12,9,6.97,8980.98,45.742,96.995,20.6,0
C-02026,Desert Southwest,Outfitter,Recreation Services,27,18810.56,8289.28,62271.51,4,26,10,3.54,6227.15,39.695,40.021,28.2,1
C-02027,Desert Southwest,Outdoor Retail,Retail,25,43995.56,21489.71,179145.13,2,66,14,2.94,12796.08,36.914,26.763,38.5,0
C-02028,Mountain Central,Outdoor Retail,Retail,19,26020.59,9981.12,77230.04,1,21,7,2.67,11032.86,58.698,64.503,34.4,0
C-02029,Mountain North,Outdoor Retail,Retail,31,34656.53,16198.6,124669.39,2,39,7,4.95,17809.91,52.683,55.752,39.8,0
C-02030,Desert Southwest,Outdoor Retail,Retail,14,18358.6,7628.58,51373.45,0,12,5,3.79,10274.69,32.387,60.56,19.9,0
C-02031,Desert Southwest,Outfitter,Recreation Services,19,30422.15,7409.95,52948.33,1,32,10,5.06,5294.83,78.6,63.666,17.3,0
C-02032,Mountain Central,School District,Public Sector,23,65469.62,36294.87,393373.22,3,69,12,2.14,32781.1,34.89,14.45,56.9,0
C-02033,Desert Southwest,Outfitter,Recreation Services,46,52140.72,25828.7,267880.78,1,33,18,3.37,14882.27,75.069,96.571,44.5,0
C-02034,Mountain North,Outfitter,Recreation Services,20,31318.41,15706.42,81397.61,1,10,6,6.27,13566.27,31.523,76.132,41.5,0
C-02035,Mountain North,School District,Public Sector,25,75229.54,52595.25,629948.03,2,1,25,1.22,25197.92,59.877,24.124,57.1,0
C-02036,Mountain Central,Outdoor Retail,Retail,36,48799.45,26610.97,214682.05,4,26,23,3.28,9334.0,55.372,83.61,46.7,0
C-02037,Mountain Central,Resort,Hospitality,4,34495.3,14127.56,109278.65,2,33,10,4.56,10927.86,65.094,93.991,39.0,1
C-02038,Mountain Central,Outdoor Retail,Retail,16,42290.18,22370.02,224514.74,2,29,13,4.13,17270.36,42.432,51.298,31.4,0
C-02039,Mountain Central,Outdoor Retail,Retail,28,17609.2,5517.11,28129.52,0,46,18,3.96,1562.75,40.171,6.778,8.1,0
C-02040,Mountain Central,Outfitter,Recreation Services,12,15020.1,4460.83,26875.86,2,73,4,8.06,6718.97,69.785,10.139,20.0,1
C-02041,Mountain Central,Outdoor Retail,Retail,60,37487.43,19749.28,153686.48,2,51,14,5.34,10977.61,36.644,33.717,48.6,0
C-02042,Desert Southwest,School District,Public Sector,47,25602.09,11393.44,79319.88,6,6,13,4.26,6101.53,72.934,94.799,51.4,0
C-02043,Mountain Central,School District,Public Sector,36,41366.75,20570.59,190881.79,3,22,11,0.0,17352.89,32.953,77.742,46.9,0
C-02044,Mountain Central,Resort,Hospitality,30,37734.76,12190.3,102321.35,0,44,23,0.54,4448.75,40.466,66.449,27.7,0
C-02045,Mountain North,Resort,Hospitality,16,53158.85,29555.22,299718.13,0,78,13,2.17,23055.24,45.309,90.178,39.7,0
C-02046,Mountain Central,Outdoor Retail,Retail,21,27498.75,11448.38,68802.55,2,19,14,4.61,4914.47,25.92,58.406,19.9,0
C-02047,Mountain Central,Outdoor Retail,Retail,12,27980.11,11674.93,84725.57,1,39,9,2.0,9413.95,55.314,79.679,38.9,0
C-02048,Mountain Central,School District,Public Sector,12,37350.61,17625.97,148003.72,4,31,36,3.55,4111.21,48.492,12.702,48.8,1
C-02049,Mountain Central,School District,Public Sector,46,23443.98,10738.58,70341.73,0,31,14,1.57,5024.41,52.607,21.589,30.6,0
C-02050,Mountain North,Outdoor Retail,Retail,10,36841.27,13917.98,112794.97,2,9,17,6.88,6635.0,41.35,56.854,22.4,0
C-02051,Mountain Central,Outdoor Retail,Retail,21,28237.0,10956.64,81229.56,2,14,14,1.35,5802.11,49.572,83.859,30.2,1
C-02052,Mountain North,Outfitter,Recreation Services,41,38921.82,21639.15,152419.64,2,112,9,2.21,16935.52,67.821,68.394,28.2,1
C-02053,Mountain Central,School District,Public Sector,27,45618.52,22784.54,215588.86,1,18,15,1.13,14372.59,25.195,17.92,45.5,0
C-02054,Desert Southwest,School District,Public Sector,29,42877.27,23967.37,220134.81,2,12,11,1.57,20012.26,55.165,35.72,57.0,1
C-02055,Mountain Central,Outfitter,Recreation Services,29,27045.72,13692.87,120015.75,3,8,13,2.12,9231.98,50.104,43.227,29.7,0
C-02056,Mountain North,Outdoor Retail,Retail,2,28627.92,9535.05,53974.03,0,14,11,6.36,4906.73,25.357,17.462,16.4,0
C-02057,Mountain Central,Outdoor Retail,Retail,18,26050.8,13784.58,101307.23,1,27,18,3.85,5628.18,15.155,84.236,25.4,0
C-02058,Mountain Central,Outdoor Retail,Retail,18,31774.23,18358.88,151999.87,0,47,8,4.3,18999.98,55.035,43.082,29.2,1
C-02059,Mountain North,School District,Public Sector,35,20620.48,9480.37,57130.99,1,14,11,4.95,5193.73,61.021,15.188,30.8,1
C-02060,Mountain North,Outdoor Retail,Retail,21,33887.41,17972.9,135051.65,3,28,9,3.8,15005.74,56.625,68.34,32.6,0
C-02061,Mountain Central,Resort,Hospitality,50,131947.74,76253.25,995119.96,3,27,26,5.21,38273.84,78.703,17.946,94.7,1
C-02062,Desert Southwest,Outfitter,Recreation Services,97,33689.54,16510.13,143995.87,2,14,12,3.07,11999.66,26.27,97.199,34.2,0
C-02063,Mountain North,Outfitter,Recreation Services,19,59225.06,28553.91,269060.08,5,36,19,3.67,14161.06,60.048,10.155,51.4,0
C-02064,Mountain North,Outdoor Retail,Retail,28,20375.22,6788.73,45858.77,2,107,10,4.63,4585.88,25.07,53.341,24.0,0
C-02065,Mountain Central,Outdoor Retail,Retail,24,17365.93,7073.0,38257.46,0,13,18,0.43,2125.41,68.966,95.844,14.0,0
C-02066,Desert Southwest,Outfitter,Recreation Services,9,29728.94,10844.33,95410.81,2,26,13,5.97,7339.29,68.148,16.723,36.0,0
C-02067,Mountain Central,Outdoor Retail,Retail,49,29167.52,13541.87,134609.84,2,42,33,3.0,4079.09,44.511,95.943,45.6,0
C-02068,Desert Southwest,Outdoor Retail,Retail,28,29104.42,13221.08,116602.16,3,29,31,4.45,3761.36,80.203,23.113,18.6,0
C-02069,Mountain Central,Outfitter,Recreation Services,39,56078.71,29884.3,310172.17,1,56,15,3.32,20678.14,53.704,19.97,44.6,0
C-02070,Mountain Central,Resort,Hospitality,35,44140.77,21678.69,157113.05,2,91,9,6.83,17457.01,81.43,48.886,43.3,0
C-02071,Mountain North,School District,Public Sector,23,13866.7,6367.02,42591.72,4,21,11,4.02,3871.97,43.78,86.718,37.5,0
C-02072,Mountain North,Outfitter,Recreation Services,9,10246.83,2998.51,15765.27,2,16,9,5.52,1751.7,47.15,21.856,12.1,0
C-02073,Mountain Central,School District,Public Sector,28,73685.54,39579.56,428450.84,0,70,19,1.4,22550.04,16.166,98.123,60.4,0
C-02074,Mountain North,School District,Public Sector,71,64850.3,31956.63,321299.72,1,6,17,4.95,18899.98,21.408,95.498,53.8,0
C-02075,Mountain Central,Outdoor Retail,Retail,55,40817.69,26847.98,262410.69,2,73,9,3.13,29156.74,73.952,77.42,63.7,0
C-02076,Mountain Central,Outdoor Retail,Retail,21,41141.7,19332.41,114165.02,5,40,8,1.65,14270.63,51.085,1.63,55.0,0
C-02077,Mountain North,School District,Public Sector,4,59921.53,30984.59,294003.92,0,28,25,2.5,11760.16,37.968,69.994,40.8,0
C-02078,Mountain North,School District,Public Sector,6,19404.94,4253.64,33080.05,1,27,6,3.52,5513.34,42.806,5.235,44.4,0
C-02079,Mountain North,Outdoor Retail,Retail,1,15986.38,3765.63,22099.89,3,33,11,2.75,2009.08,46.718,62.541,23.3,1
C-02080,Mountain Central,School District,Public Sector,14,8732.63,1085.36,3385.88,0,32,7,2.13,483.7,41.425,90.044,19.7,0
C-02081,Mountain North,School District,Public Sector,22,20720.09,7779.72,54878.37,0,16,15,0.0,3658.56,40.663,93.745,35.2,0
C-02082,Mountain Central,Outfitter,Recreation Services,22,43498.86,24211.71,205333.37,0,13,21,4.36,9777.78,36.722,84.736,28.2,0
C-02083,Desert Southwest,School District,Public Sector,21,32462.13,11925.62,111100.12,1,33,12,3.12,9258.34,39.877,68.111,39.5,0
C-02084,Desert Southwest,School District,Public Sector,34,11373.13,3541.38,12151.72,0,96,8,2.14,1518.96,38.455,34.221,39.0,0
C-02085,Mountain Central,Resort,Hospitality,12,16647.08,5777.84,29303.39,3,49,7,0.27,4186.2,68.604,4.078,34.5,1
C-02086,Mountain North,Outdoor Retail,Retail,7,26042.41,11745.2,90403.13,1,19,14,2.31,6457.37,37.687,36.387,28.1,0
C-02087,Mountain Central,Outdoor Retail,Retail,12,20352.13,7269.38,47753.31,3,3,6,4.19,7958.88,32.049,83.084,30.5,0
C-02088,Mountain Central,School District,Public Sector,25,29004.07,13129.53,91021.63,0,72,19,3.81,4790.61,37.32,57.499,39.2,0
C-02089,Mountain Central,Outfitter,Recreation Services,34,36539.26,16020.67,116450.03,1,73,17,4.93,6850.0,42.128,4.223,13.5,0
C-02090,Mountain Central,Outdoor Retail,Retail,21,64324.41,31064.88,320763.88,4,60,17,6.13,18868.46,63.875,62.875,69.4,1
C-02091,Mountain Central,Outdoor Retail,Retail,11,20006.04,7432.72,48546.38,1,47,15,5.41,3236.43,53.212,6.86,12.9,0
C-02092,Mountain North,Outdoor Retail,Retail,33,14714.71,3879.16,23345.62,3,17,45,3.37,518.79,66.517,49.903,20.1,0
C-02093,Mountain Central,Outdoor Retail,Retail,41,32054.79,16766.77,156857.48,2,17,21,3.51,7469.4,33.371,98.79,32.0,0
C-02094,Mountain Central,Outdoor Retail,Retail,13,33701.87,16266.77,125754.62,3,17,10,6.66,12575.46,76.249,17.464,44.7,1
C-02095,Desert Southwest,Resort,Hospitality,79,18357.27,6264.24,42381.3,2,37,24,4.24,1765.89,60.905,74.265,26.9,0
C-02096,Desert Southwest,Outfitter,Recreation Services,7,29686.47,13143.68,95721.2,2,27,10,4.78,9572.12,53.043,45.797,38.8,1
C-02097,Mountain Central,Resort,Hospitality,33,113843.1,57006.03,648286.82,0,65,16,1.52,40517.93,24.87,58.322,74.0,0
C-02098,Mountain Central,School District,Public Sector,28,38218.38,17479.66,188505.35,1,18,12,2.49,15708.78,33.667,31.739,36.0,0
C-02099,Mountain Central,Outfitter,Recreation Services,10,34191.32,18065.71,155114.63,1,106,10,6.14,15511.46,31.057,25.143,23.5,1
C-02100,Mountain Central,Outdoor Retail,Retail,15,30435.0,11858.18,115692.31,0,26,12,3.68,9641.03,60.084,92.399,29.4,0
C-02101,Mountain Central,Outdoor Retail,Retail,42,44065.73,21461.67,202918.12,1,36,20,0.56,10145.91,59.574,89.649,44.7,0
C-02102,Mountain Central,Outdoor Retail,Retail,21,10160.23,2224.77,9175.27,2,84,21,2.17,436.92,57.189,66.459,21.1,0
C-02103,Desert Southwest,Outdoor Retail,Retail,46,73318.38,44312.96,538729.54,0,30,14,6.15,38480.68,36.868,79.671,73.9,0
C-02104,Mountain Central,Outdoor Retail,Retail,10,100683.01,61641.48,743689.56,1,45,20,6.33,37184.48,47.197,38.055,67.2,0
C-02105,Desert Southwest,Outdoor Retail,Retail,24,56405.86,32824.81,324179.59,4,34,14,5.04,23155.69,35.659,88.958,50.7,0
C-02106,Mountain Central,School District,Public Sector,5,38678.17,19290.34,180030.41,1,8,12,0.52,15002.53,48.373,66.764,41.3,0
C-02107,Mountain North,Outdoor Retail,Retail,44,26466.84,12595.83,89618.13,1,46,6,2.89,14936.35,15.626,70.69,24.8,0
C-02108,Mountain Central,Resort,Hospitality,53,37848.57,22463.4,157266.34,2,15,13,4.46,12097.41,61.324,46.597,37.1,1
C-02109,Desert Southwest,Outdoor Retail,Retail,5,26288.54,11332.5,69675.74,3,34,30,4.18,2322.52,48.342,34.419,32.7,0
C-02110,Desert Southwest,Outdoor Retail,Retail,15,45091.17,25129.36,252462.11,1,53,27,1.29,9350.45,57.07,12.595,41.0,0
C-02111,Mountain North,Resort,Hospitality,50,26819.09,14393.15,95111.67,0,55,11,2.22,8646.52,23.372,14.152,33.1,0
C-02112,Mountain North,Outdoor Retail,Retail,31,124627.21,75846.56,830786.49,3,73,27,5.36,30769.87,39.673,10.365,86.7,0
C-02113,Desert Southwest,Resort,Hospitality,15,56839.64,30471.77,314788.37,4,57,20,1.76,15739.42,62.298,7.406,55.7,1
C-02114,Mountain North,Outdoor Retail,Retail,31,45232.53,18064.82,151597.59,1,99,13,6.75,11661.35,28.698,1.415,23.7,0
C-02115,Mountain Central,School District,Public Sector,9,31003.98,13837.01,100790.73,2,18,2,4.63,50395.37,56.91,7.237,45.2,0
C-02116,Desert Southwest,Outfitter,Recreation Services,11,26665.65,9777.99,70886.66,1,48,18,5.42,3938.15,39.417,67.403,33.9,0
C-02117,Mountain Central,School District,Public Sector,15,33725.34,10148.1,59903.7,2,40,21,4.41,2852.56,39.098,16.793,31.6,0
C-02118,Mountain North,Outfitter,Recreation Services,30,39047.58,16414.44,138447.67,1,34,11,2.51,12586.15,66.651,87.763,25.3,1
C-02119,Mountain Central,Outdoor Retail,Retail,41,26079.88,9897.41,64294.4,0,44,10,5.07,6429.44,59.352,1.292,25.3,0
C-02120,Mountain Central,School District,Public Sector,3,56304.64,29193.36,269112.43,4,98,24,1.65,11213.02,24.252,98.872,61.2,0
C-02121,Mountain Central,Resort,Hospitality,17,75772.04,51786.6,538372.76,2,52,22,3.01,24471.49,52.049,18.692,62.4,0
C-02122,Mountain Central,Resort,Hospitality,4,26133.64,6723.02,40732.74,1,96,10,2.98,4073.27,66.202,18.389,36.9,0
C-02123,Mountain North,School District,Public Sector,43,86831.18,49702.69,636948.08,1,64,28,2.4,22748.15,46.836,46.807,78.8,0
C-02124,Mountain North,School District,Public Sector,35,52738.58,25345.2,223956.85,5,22,16,1.07,13997.3,57.765,78.686,62.0,0
C-02125,Mountain North,School District,Public Sector,91,66245.94,43752.79,574827.05,1,10,30,1.83,19160.9,59.077,49.215,51.8,0
C-02126,Mountain Central,Outfitter,Recreation Services,7,28090.24,11837.91,81646.53,1,38,4,4.22,20411.63,45.656,79.147,36.7,0
C-02127,Mountain North,Outfitter,Recreation Services,3,40020.96,21048.39,172613.24,2,14,18,2.03,9589.62,40.129,61.546,42.3,0
C-02128,Mountain Central,Resort,Hospitality,14,9273.91,1959.1,6191.37,0,54,14,4.84,442.24,23.441,67.559,11.2,0
C-02129,Desert Southwest,Outdoor Retail,Retail,29,22412.03,7296.96,26956.6,0,41,11,4.53,2450.6,63.273,49.366,8.4,0
C-02130,Mountain Central,Outfitter,Recreation Services,9,41134.57,18537.61,146501.56,3,29,12,2.03,12208.46,56.592,87.059,28.5,1
C-02131,Mountain North,Outdoor Retail,Retail,13,29230.41,13863.14,107077.62,4,45,8,4.9,13384.7,59.387,7.624,32.6,1
C-02132,Desert Southwest,Outfitter,Recreation Services,58,105492.39,68860.42,818451.24,3,18,28,7.06,29230.4,82.215,3.087,85.8,0
C-02133,Mountain North,Outdoor Retail,Retail,57,47570.78,21277.77,185140.45,3,19,7,2.99,26448.64,57.883,14.312,49.1,0
C-02134,Mountain Central,School District,Public Sector,18,32459.94,15359.76,153834.04,2,35,13,1.3,11833.39,58.787,92.701,43.2,1
C-02135,Desert Southwest,Outdoor Retail,Retail,54,27099.36,9152.45,72400.75,1,15,23,5.57,3147.86,65.417,63.955,30.6,0
C-02136,Mountain Central,Outdoor Retail,Retail,58,33935.34,16682.9,150563.72,3,22,17,4.49,8856.69,66.217,40.52,31.0,0
C-02137,Mountain Central,Resort,Hospitality,42,23405.72,10147.0,42824.95,2,62,10,7.72,4282.5,52.309,35.285,31.3,0
C-02138,Mountain Central,Outdoor Retail,Retail,32,40261.82,15353.22,125012.0,2,50,8,3.94,15626.5,49.045,54.313,41.4,1
C-02139,Mountain Central,Outfitter,Recreation Services,117,30052.57,14335.95,133565.04,2,11,9,5.47,14840.56,50.642,52.134,39.2,1
C-02140,Mountain North,Outdoor Retail,Retail,33,80863.68,53429.11,607217.66,1,35,23,1.95,26400.77,61.821,75.72,62.6,1
C-02141,Mountain North,Resort,Hospitality,55,21761.5,6720.67,50264.35,4,53,17,2.53,2956.73,29.929,80.868,31.6,1
C-02142,Mountain Central,Resort,Hospitality,6,35306.36,13777.97,123007.52,1,11,15,4.71,8200.5,49.792,40.807,31.0,0
C-02143,Mountain North,Outdoor Retail,Retail,72,31802.84,17017.18,137429.55,3,7,18,0.68,7634.98,42.301,31.892,43.1,0
C-02144,Mountain Central,Outdoor Retail,Retail,72,46511.53,24751.12,225946.67,1,57,19,3.32,11891.93,49.82,75.721,34.4,0
C-02145,Mountain North,Outfitter,Recreation Services,28,35698.54,17548.94,168621.35,2,29,18,5.73,9367.85,61.807,49.663,28.7,1
C-02146,Mountain North,Outdoor Retail,Retail,13,18284.01,7058.45,47652.84,0,16,14,7.06,3403.77,44.248,98.29,17.5,0
C-02147,Mountain North,Resort,Hospitality,44,21363.8,7512.87,60298.27,3,44,17,5.75,3546.96,29.299,29.136,35.3,0
C-02148,Mountain Central,Outdoor Retail,Retail,13,35035.4,18378.64,167815.82,0,65,14,3.34,11986.84,29.333,25.68,34.6,0
C-02149,Mountain North,Outfitter,Recreation Services,35,36060.91,17421.61,165967.01,0,10,9,5.66,18440.78,72.144,85.406,29.5,0
C-02150,Mountain Central,Outfitter,Recreation Services,7,16587.09,6346.37,34778.87,1,27,17,6.54,2045.82,39.68,66.906,20.6,0
C-02151,Desert Southwest,Outdoor Retail,Retail,41,42625.34,21727.77,193492.36,1,62,7,6.55,27641.77,64.852,80.188,34.4,0
C-02152,Desert Southwest,Outdoor Retail,Retail,96,17797.35,5403.85,33065.43,0,9,19,3.21,1740.29,52.402,69.328,27.7,0
C-02153,Mountain Central,School District,Public Sector,51,63719.38,32178.24,361330.55,2,52,19,1.84,19017.4,72.836,6.363,54.4,0
C-02154,Mountain Central,Resort,Hospitality,28,27899.52,11339.71,80900.42,1,70,22,2.7,3677.29,70.377,9.693,38.5,0
C-02155,Mountain Central,School District,Public Sector,26,22296.51,7380.42,40404.6,2,6,3,2.22,13468.2,37.443,26.004,41.0,0
C-02156,Mountain Central,Outdoor Retail,Retail,27,27001.54,10484.92,61512.45,2,103,4,1.31,15378.11,50.097,7.143,34.4,0
C-02157,Mountain Central,Outfitter,Recreation Services,47,34296.99,13744.87,95757.6,0,8,17,5.13,5632.8,56.491,30.513,11.9,0
C-02158,Mountain Central,Outdoor Retail,Retail,45,25001.9,9432.25,57132.05,2,43,23,3.97,2484.0,31.721,49.795,33.9,0
C-02159,Desert Southwest,Outfitter,Recreation Services,18,51140.07,28431.28,297958.96,4,31,8,4.21,37244.87,58.903,57.662,52.6,1
C-02160,Mountain Central,Outfitter,Recreation Services,28,73430.66,38924.81,400884.96,0,34,19,7.38,21099.21,52.074,82.623,38.9,0
C-02161,Mountain North,Outdoor Retail,Retail,8,10683.76,1877.52,7094.77,1,34,5,3.9,1418.95,34.456,72.151,16.0,0
C-02162,Desert Southwest,Outdoor Retail,Retail,32,23893.82,9366.92,82589.64,2,36,22,5.59,3754.07,66.934,33.336,24.0,0
C-02163,Desert Southwest,Outdoor Retail,Retail,24,46637.12,27813.45,298741.15,2,7,29,8.49,10301.42,54.623,62.566,32.3,0
C-02164,Desert Southwest,School District,Public Sector,9,26630.98,9956.14,62766.69,2,27,13,4.94,4828.21,40.769,35.951,41.2,0
C-02165,Mountain North,Resort,Hospitality,13,33041.81,16137.87,134264.31,1,11,19,3.86,7066.54,45.779,26.255,30.5,0
C-02166,Mountain North,Outfitter,Recreation Services,30,30175.93,11798.1,89851.04,3,12,12,5.7,7487.59,46.805,99.506,25.6,0
C-02167,Mountain Central,School District,Public Sector,4,38283.78,16173.98,131603.89,3,38,10,3.19,13160.39,50.027,52.185,38.4,0
C-02168,Desert Southwest,Outdoor Retail,Retail,32,35013.31,14153.09,110835.97,0,23,7,4.58,15833.71,48.205,30.056,30.0,0
C-02169,Mountain Central,Outdoor Retail,Retail,5,102483.66,73628.94,872248.75,1,26,22,4.57,39647.67,76.512,12.271,80.5,0
C-02170,Desert Southwest,Outdoor Retail,Retail,14,10666.44,3825.83,20947.17,2,87,12,3.99,1745.6,73.235,94.947,19.9,1
C-02171,Mountain Central,Outfitter,Recreation Services,41,30051.15,12575.57,95239.31,2,71,14,6.4,6802.81,51.285,38.364,29.6,1
C-02172,Mountain Central,Outfitter,Recreation Services,39,45868.24,23519.9,189661.57,1,26,12,4.89,15805.13,48.767,98.665,32.0,0
C-02173,Mountain Central,School District,Public Sector,26,45773.56,24093.94,226199.31,1,52,15,1.31,15079.95,78.776,57.568,47.9,1
C-02174,Desert Southwest,School District,Public Sector,23,13393.73,3485.56,14117.72,3,13,6,0.0,2352.95,55.654,11.212,45.5,0
C-02175,Mountain Central,Outdoor Retail,Retail,20,53167.26,33968.7,328874.68,1,56,23,2.76,14298.9,42.561,35.832,39.7,0
C-02176,Mountain Central,School District,Public Sector,10,46692.85,22022.15,214646.04,3,14,7,1.13,30663.72,69.183,99.306,60.7,0
C-02177,Mountain North,Resort,Hospitality,51,37808.53,12904.74,111142.51,2,48,11,2.15,10103.86,58.768,73.031,26.5,0
C-02178,Mountain North,School District,Public Sector,21,37662.62,17305.57,126326.69,1,39,13,3.1,9717.44,58.362,77.465,37.8,0
C-02179,Mountain North,School District,Public Sector,28,80921.59,45414.75,476392.22,2,47,24,5.87,19849.68,64.709,78.376,65.5,1
C-02180,Mountain North,Outdoor Retail,Retail,16,17111.99,5624.02,39501.37,1,33,9,6.38,4389.04,58.767,12.877,20.8,0
C-02181,Mountain North,Outdoor Retail,Retail,8,28658.65,12474.04,122208.36,2,37,12,4.7,10184.03,59.927,91.703,16.9,0
C-02182,Mountain North,School District,Public Sector,22,28165.12,9636.01,77727.53,2,48,11,0.0,7066.14,37.82,35.43,44.2,0
C-02183,Mountain North,Outdoor Retail,Retail,20,43914.65,22683.54,222655.39,3,66,12,6.37,18554.62,37.301,69.123,47.6,1
C-02184,Mountain Central,School District,Public Sector,7,54759.15,22434.73,195220.35,0,14,24,4.38,8134.18,53.375,41.536,46.5,0
C-02185,Mountain Central,School District,Public Sector,71,25359.72,8077.86,63051.46,1,11,11,1.78,5731.95,42.515,31.251,28.0,0
C-02186,Mountain Central,School District,Public Sector,16,23289.02,7761.1,62353.07,0,90,11,0.01,5668.46,50.812,88.218,44.3,0
C-02187,Mountain North,Outfitter,Recreation Services,13,23533.82,8984.84,49968.17,3,47,4,5.1,12492.04,68.701,79.218,44.1,0
C-02188,Mountain Central,School District,Public Sector,25,21403.65,9184.26,58900.87,0,29,11,2.73,5354.62,55.187,44.257,22.9,0
C-02189,Mountain North,School District,Public Sector,28,54599.39,19802.19,160992.91,3,31,22,4.88,7317.86,30.763,59.771,44.5,0
C-02190,Mountain Central,Outfitter,Recreation Services,61,47454.85,26268.08,224110.78,2,34,36,4.63,6225.3,55.849,54.313,37.6,1
C-02191,Mountain Central,Outdoor Retail,Retail,40,26586.13,12724.61,96982.44,3,65,28,3.36,3463.66,30.918,84.388,30.9,0
C-02192,Mountain North,Outdoor Retail,Retail,17,38046.25,18500.1,158173.93,5,41,20,4.05,7908.7,44.059,80.262,39.5,1
C-02193,Mountain North,Outdoor Retail,Retail,40,38390.67,19595.06,173454.27,1,39,20,3.27,8672.71,64.7,33.765,28.2,0
C-02194,Mountain Central,Outfitter,Recreation Services,81,44453.06,21182.8,210444.9,4,30,9,7.06,23382.77,48.978,23.252,41.8,1
C-02195,Mountain North,School District,Public Sector,55,123338.1,72320.76,855265.39,3,14,20,4.31,42763.27,41.078,41.761,98.4,0
C-02196,Mountain North,Resort,Hospitality,27,71615.5,42992.38,385655.24,1,96,17,1.0,22685.6,30.807,86.393,59.4,0
C-02197,Mountain Central,Outdoor Retail,Retail,28,52081.83,26140.25,245420.29,1,11,13,3.58,18878.48,54.287,99.076,55.8,0
C-02198,Mountain North,Outdoor Retail,Retail,36,8037.83,1550.43,5882.8,0,10,22,4.81,267.4,73.07,21.637,10.2,0
C-02199,Desert Southwest,Outdoor Retail,Retail,42,20776.6,10461.57,71904.03,3,81,11,2.93,6536.73,40.709,53.977,17.4,0
C-02200,Desert Southwest,Outdoor Retail,Retail,29,38958.2,19225.32,125183.39,3,51,18,0.45,6954.63,55.953,17.501,57.6,1
C-02201,Mountain North,Outfitter,Recreation Services,34,21491.9,9207.51,61716.44,0,42,5,7.54,12343.29,45.99,38.325,23.4,1
C-02202,Mountain Central,Outdoor Retail,Retail,37,70752.85,39213.29,415890.87,0,29,25,4.33,16635.63,57.418,21.685,40.6,0
C-02203,Mountain North,School District,Public Sector,15,41185.4,21184.24,156578.87,1,151,17,1.09,9210.52,66.618,69.159,51.7,0
C-02204,Mountain Central,Resort,Hospitality,23,53032.79,28450.3,284408.98,2,17,17,3.88,16729.94,71.623,67.341,42.8,0
C-02205,Desert Southwest,Resort,Hospitality,11,30779.17,15107.94,110007.26,4,21,10,2.49,11000.73,39.402,16.553,48.5,1
C-02206,Mountain Central,Resort,Hospitality,13,15920.61,4496.53,27825.33,2,23,21,2.81,1325.02,69.382,55.118,8.8,0
C-02207,Mountain North,Outdoor Retail,Retail,82,33567.21,15527.05,116067.74,0,85,6,4.05,19344.62,70.598,75.821,25.3,0
C-02208,Mountain North,Resort,Hospitality,45,52026.32,28509.28,298788.77,2,20,21,1.62,14228.04,62.054,38.864,49.2,0
C-02209,Mountain Central,School District,Public Sector,25,91687.38,55049.64,632488.82,3,28,28,1.64,22588.89,77.876,15.333,79.2,0
C-02210,Mountain North,Outdoor Retail,Retail,18,128982.56,79291.89,960909.52,1,62,38,0.53,25287.09,41.512,62.868,91.3,0
C-02211,Mountain Central,Outdoor Retail,Retail,6,6859.36,1905.8,4702.12,2,19,11,2.51,427.47,72.117,77.186,31.8,0
C-02212,Mountain Central,School District,Public Sector,42,33945.52,11721.39,111997.28,3,48,14,1.47,7999.81,45.07,66.093,42.2,0
C-02213,Mountain Central,Resort,Hospitality,14,16660.32,5849.79,40973.74,1,2,4,0.0,10243.43,51.279,26.737,26.8,0
C-02214,Mountain Central,Outfitter,Recreation Services,37,25801.23,7510.16,42131.26,0,6,13,3.86,3240.87,59.972,85.392,23.7,0
C-02215,Desert Southwest,Outdoor Retail,Retail,33,23391.45,9068.71,84124.23,0,50,9,3.33,9347.14,43.15,55.064,18.6,0
C-02216,Mountain North,Outdoor Retail,Retail,39,46774.92,25456.51,198927.01,4,27,16,4.72,12432.94,55.934,69.444,44.0,1
C-02217,Mountain Central,Resort,Hospitality,11,21007.66,10327.77,76833.52,1,6,27,3.62,2845.69,49.679,15.427,14.4,0
C-02218,Desert Southwest,Outfitter,Recreation Services,12,243450.48,199127.87,2869260.89,1,46,66,8.22,43473.65,66.96,15.677,178.8,0
C-02219,Mountain Central,Outdoor Retail,Retail,21,33520.21,13869.84,93096.31,1,32,17,2.9,5476.25,50.457,19.722,22.7,0
C-02220,Desert Southwest,Outdoor Retail,Retail,25,82383.93,60535.33,698464.28,2,33,34,5.33,20543.07,23.018,59.263,73.4,1
C-02221,Mountain Central,Outfitter,Recreation Services,18,16795.29,5622.83,27021.23,3,63,16,5.37,1688.83,38.944,1.906,21.3,1
C-02222,Mountain North,Outdoor Retail,Retail,38,104726.45,72273.7,893480.14,1,55,23,2.86,38846.96,52.459,9.615,64.6,0
C-02223,Desert Southwest,Resort,Hospitality,4,25929.91,10416.74,65276.72,1,64,15,2.12,4351.78,61.298,46.563,29.4,0
C-02224,Mountain Central,School District,Public Sector,33,55334.4,23574.6,263180.55,3,36,30,3.58,8772.68,67.383,88.196,53.6,1
C-02225,Mountain Central,Resort,Hospitality,30,50936.35,25362.84,229808.03,0,7,17,5.98,13518.12,45.599,19.995,29.6,1
C-02226,Mountain Central,School District,Public Sector,3,11174.46,3166.33,17032.27,0,10,21,2.07,811.06,51.743,26.549,21.3,0
C-02227,Desert Southwest,Resort,Hospitality,73,83714.56,59143.47,666065.13,3,40,23,3.91,28959.35,59.207,59.391,70.4,1
C-02228,Mountain Central,Resort,Hospitality,34,33820.61,18195.57,170875.34,2,31,5,1.11,34175.07,51.225,63.156,43.7,0
C-02229,Desert Southwest,School District,Public Sector,86,37556.76,18255.22,172130.11,1,84,14,0.0,12295.01,23.406,98.469,56.2,0
C-02230,Desert Southwest,Outdoor Retail,Retail,10,32657.73,12476.11,118395.69,2,19,11,3.38,10763.24,69.746,87.092,24.5,0
C-02231,Desert Southwest,Outdoor Retail,Retail,25,25313.09,10564.97,75320.55,2,40,16,6.93,4707.53,55.281,48.863,43.2,0
C-02232,Mountain Central,Outdoor Retail,Retail,28,33654.6,14166.36,99508.7,4,8,12,2.4,8292.39,46.16,8.126,30.6,0
C-02233,Mountain Central,Resort,Hospitality,11,34899.58,13260.19,116601.62,0,104,14,1.26,8328.69,58.055,95.598,28.0,0
C-02234,Mountain North,School District,Public Sector,41,26323.34,11182.45,78676.55,3,48,7,0.0,11239.51,53.589,14.438,45.1,0
C-02235,Mountain Central,Outdoor Retail,Retail,6,46497.39,25550.32,240233.93,1,74,10,3.79,24023.39,32.171,9.233,36.4,0
C-02236,Desert Southwest,Outdoor Retail,Retail,7,16975.44,4991.42,24239.07,2,43,11,4.57,2203.55,65.172,85.397,25.8,0
C-02237,Desert Southwest,School District,Public Sector,12,55894.68,27489.69,269894.12,1,51,20,4.46,13494.71,58.454,31.183,45.0,0
C-02238,Mountain Central,School District,Public Sector,6,28441.39,11904.52,81094.15,1,20,21,1.89,3861.63,60.002,15.962,42.2,0
C-02239,Desert Southwest,Outdoor Retail,Retail,1,16109.1,7025.84,42378.71,1,10,15,3.94,2825.25,59.88,27.647,19.7,0
C-02240,Mountain Central,Resort,Hospitality,50,47209.28,28543.03,273422.67,3,2,14,7.17,19530.19,62.16,3.96,40.3,0
C-02241,Mountain North,Outfitter,Recreation Services,72,45118.95,25434.98,218340.46,2,47,12,8.02,18195.04,33.408,51.433,36.3,0
C-02242,Mountain Central,Outdoor Retail,Retail,66,98767.78,56773.89,631169.63,4,20,25,4.23,25246.79,51.425,96.28,74.1,1
C-02243,Mountain Central,Outdoor Retail,Retail,49,61017.05,29540.42,346248.14,3,39,32,4.97,10820.25,77.844,0.036,44.7,0
C-02244,Mountain Central,School District,Public Sector,68,30878.93,14680.45,120647.25,0,35,9,2.72,13405.25,57.837,70.543,29.2,0
C-02245,Mountain North,Outdoor Retail,Retail,49,47393.13,20618.31,180762.22,1,35,11,5.12,16432.93,47.631,88.101,22.6,0
C-02246,Mountain Central,Resort,Hospitality,34,31677.16,14930.83,98870.64,1,47,10,4.14,9887.06,57.853,34.006,41.3,0
C-02247,Mountain North,Resort,Hospitality,42,30017.17,11871.07,89627.88,0,30,19,1.53,4717.26,48.466,73.664,19.3,0
C-02248,Mountain North,Outfitter,Recreation Services,50,32666.31,17682.2,142910.08,2,55,21,4.54,6805.24,42.429,64.853,28.8,0
C-02249,Desert Southwest,Resort,Hospitality,20,20534.07,8941.2,73834.49,6,58,6,3.15,12305.75,62.118,97.986,58.2,0
C-02250,Mountain North,Resort,Hospitality,14,42229.41,22690.0,241871.07,1,52,15,3.91,16124.74,59.203,24.993,44.7,1
C-02251,Mountain North,School District,Public Sector,72,59868.3,31324.47,360754.62,0,28,16,2.39,22547.16,33.392,42.959,54.9,0
C-02252,Mountain Central,School District,Public Sector,36,17708.92,8207.76,48688.59,4,14,14,2.25,3477.76,47.033,94.99,49.4,0
C-02253,Mountain Central,Outdoor Retail,Retail,73,66364.71,38446.26,429378.92,2,23,37,4.03,11604.84,49.625,69.265,51.0,0
C-02254,Mountain Central,Outdoor Retail,Retail,33,17233.44,5243.34,30923.25,1,53,40,7.35,773.08,36.456,64.14,15.6,0
C-02255,Mountain Central,Outdoor Retail,Retail,10,27571.38,12530.01,92352.65,1,33,9,4.28,10261.41,64.659,11.279,31.6,0
C-02256,Desert Southwest,Resort,Hospitality,28,24585.01,8960.87,88106.0,1,62,9,4.4,9789.56,63.566,89.59,27.6,0
C-02257,Mountain North,Outdoor Retail,Retail,18,41614.8,19792.97,169632.4,1,60,7,4.03,24233.2,50.465,91.447,36.6,0
C-02258,Mountain Central,Outdoor Retail,Retail,5,37011.25,18000.05,160384.07,1,60,15,4.09,10692.27,14.455,42.077,37.2,0
C-02259,Desert Southwest,Outdoor Retail,Retail,23,53539.81,27703.34,284117.56,3,8,8,4.3,35514.69,44.494,20.087,55.2,0
C-02260,Mountain North,Resort,Hospitality,31,75758.48,37667.46,361967.72,0,62,31,2.36,11676.38,50.376,36.037,49.0,0
C-02261,Mountain Central,Outfitter,Recreation Services,21,47981.99,21392.4,202845.47,0,45,18,8.54,11269.19,37.53,21.517,23.4,0
C-02262,Mountain North,Resort,Hospitality,33,42631.67,20953.61,206501.18,2,9,23,0.0,8978.31,88.121,2.748,29.8,0
C-02263,Mountain Central,Outdoor Retail,Retail,32,29303.94,12766.7,102806.39,2,40,21,4.26,4895.54,73.093,64.429,29.1,0
C-02264,Mountain North,Outdoor Retail,Retail,17,66747.76,33670.17,289662.33,2,20,22,3.27,13166.47,78.263,3.205,50.6,0
C-02265,Desert Southwest,Outdoor Retail,Retail,28,23751.64,9592.58,72042.76,2,81,8,2.19,9005.34,46.173,46.571,35.2,0
C-02266,Mountain Central,Outfitter,Recreation Services,5,29653.38,16068.81,145203.57,1,26,16,6.44,9075.22,53.697,2.797,27.0,0
C-02267,Desert Southwest,School District,Public Sector,24,37195.53,18946.02,169849.99,1,78,23,0.44,7384.78,41.04,99.359,46.6,1
C-02268,Mountain North,Outdoor Retail,Retail,44,20802.23,6810.97,39492.04,1,74,13,2.67,3037.85,38.112,82.913,22.4,0
C-02269,Desert Southwest,Outdoor Retail,Retail,10,33077.47,11344.8,98726.87,1,10,8,6.84,12340.86,103.896,60.337,20.2,0
C-02270,Desert Southwest,Resort,Hospitality,9,46213.67,20663.24,161654.6,2,30,7,4.74,23093.51,31.632,82.137,30.5,1
C-02271,Desert Southwest,Outdoor Retail,Retail,20,27000.21,9894.32,72369.0,2,21,9,3.31,8041.0,46.557,11.944,17.5,0
C-02272,Mountain Central,Resort,Hospitality,22,33078.06,17846.26,160076.44,4,32,15,3.35,10671.76,82.466,77.789,45.0,1
C-02273,Desert Southwest,School District,Public Sector,27,40405.7,19395.41,175404.42,1,21,17,2.44,10317.91,58.025,30.62,36.3,0
C-02274,Desert Southwest,Outdoor Retail,Retail,39,157754.2,116222.18,1670744.29,1,17,57,2.28,29311.3,43.713,62.266,132.7,0
C-02275,Desert Southwest,Outdoor Retail,Retail,28,18293.95,8544.09,57940.15,1,51,7,2.81,8277.16,13.943,58.602,34.3,0
C-02276,Desert Southwest,Outdoor Retail,Retail,40,30378.32,15134.45,115798.86,2,31,12,3.72,9649.9,42.759,2.656,33.5,0
C-02277,Mountain North,Outdoor Retail,Retail,40,18880.06,7105.71,59863.47,0,23,8,1.31,7482.93,42.027,3.836,29.5,0
C-02278,Mountain North,Outfitter,Recreation Services,31,52729.37,26386.1,231721.52,2,32,17,2.82,13630.68,39.38,19.887,43.8,0
C-02279,Desert Southwest,School District,Public Sector,34,66064.61,41679.91,463743.38,2,44,17,2.79,27279.02,45.458,69.987,61.6,0
C-02280,Mountain Central,Resort,Hospitality,12,64531.25,33642.44,344914.6,3,27,23,5.72,14996.29,41.016,59.212,52.4,0
C-02281,Desert Southwest,Outdoor Retail,Retail,41,24448.57,10741.48,76605.9,2,35,18,0.64,4255.88,20.199,72.032,23.6,0
C-02282,Mountain Central,School District,Public Sector,59,121870.69,86231.67,1173435.86,0,39,47,2.44,24966.72,30.847,27.727,95.0,0
C-02283,Mountain North,School District,Public Sector,39,28483.47,13626.35,92910.35,0,22,5,3.2,18582.07,45.185,14.5,28.7,0
C-02284,Mountain Central,Outfitter,Recreation Services,48,24105.14,11994.95,81255.96,3,40,21,5.68,3869.33,67.579,87.509,36.4,1
C-02285,Mountain Central,Resort,Hospitality,25,13384.17,3871.05,18550.13,0,4,9,1.48,2061.13,52.643,65.803,20.5,0
C-02286,Desert Southwest,Outdoor Retail,Retail,27,49523.33,24134.34,210202.72,1,26,14,4.9,15014.48,64.553,32.056,33.4,0
C-02287,Mountain Central,School District,Public Sector,74,57080.47,30281.5,312483.06,1,29,10,3.75,31248.31,57.016,19.46,46.8,0
C-02288,Desert Southwest,Outdoor Retail,Retail,37,32577.64,16958.0,134556.02,3,11,31,6.37,4340.52,49.942,77.875,30.7,1
C-02289,Mountain Central,Outdoor Retail,Retail,33,73367.94,47909.08,489879.4,0,9,26,5.86,18841.52,45.434,99.333,44.7,0
C-02290,Desert Southwest,School District,Public Sector,25,24580.73,8915.69,68818.76,3,24,15,4.13,4587.92,32.148,42.048,28.1,1
C-02291,Desert Southwest,Resort,Hospitality,42,28937.81,13354.73,123706.79,3,41,9,4.02,13745.2,50.706,39.817,37.3,1
C-02292,Desert Southwest,School District,Public Sector,35,38073.83,19650.18,163306.75,1,21,8,0.52,20413.34,49.558,51.165,51.4,0
C-02293,Desert Southwest,Outdoor Retail,Retail,3,21505.05,9029.79,62000.88,0,9,19,4.21,3263.2,50.199,6.806,13.7,0
C-02294,Desert Southwest,Resort,Hospitality,68,41149.07,20616.43,162347.79,3,53,13,4.46,12488.29,80.359,60.699,44.6,0
C-02295,Desert Southwest,Outdoor Retail,Retail,6,31172.99,11892.99,90896.85,2,22,12,0.0,7574.74,45.67,29.196,35.5,0
C-02296,Mountain North,Outdoor Retail,Retail,32,57241.42,25351.92,243276.97,1,44,14,5.65,17376.93,49.969,13.275,28.9,0
C-02297,Mountain North,School District,Public Sector,11,34366.21,11672.46,95846.43,5,21,11,2.87,8713.31,54.507,65.157,48.6,0
C-02298,Mountain North,Outdoor Retail,Retail,5,5833.68,908.55,2643.62,1,57,13,5.54,203.36,39.472,13.644,12.5,0
C-02299,Mountain Central,School District,Public Sector,49,21891.58,6538.46,46363.88,2,16,24,3.82,1931.83,58.598,21.752,17.3,0
C-02300,Mountain North,Resort,Hospitality,16,45969.55,21558.52,222818.33,3,20,10,3.83,22281.83,73.465,18.015,43.0,1
C-02301,Mountain North,School District,Public Sector,13,51941.97,40841.19,361122.46,0,40,14,1.98,25794.46,45.272,92.111,57.2,0
C-02302,Mountain Central,School District,Public Sector,18,32957.79,17637.19,116881.81,3,50,28,3.12,4174.35,67.763,13.922,48.5,0
C-02303,Mountain Central,Outdoor Retail,Retail,40,29048.04,13229.52,116133.49,2,19,24,5.21,4838.9,70.972,9.528,29.3,0
C-02304,Mountain North,Outdoor Retail,Retail,60,41383.51,21983.47,210312.64,2,46,19,4.52,11069.09,37.374,28.552,36.0,0
C-02305,Desert Southwest,School District,Public Sector,17,9238.71,1526.04,4736.62,2,24,10,3.49,473.66,29.067,57.268,33.9,0
C-02306,Mountain Central,Outfitter,Recreation Services,39,39090.78,19166.12,157770.82,2,15,9,4.38,17530.09,81.284,23.6,22.9,0
C-02307,Mountain North,Resort,Hospitality,52,24643.48,12791.6,96337.63,3,9,8,3.28,12042.2,70.287,92.856,22.6,1
C-02308,Mountain North,Outfitter,Recreation Services,30,128808.05,94536.76,1043925.07,0,29,28,4.86,37283.04,53.56,44.932,85.9,0
C-02309,Desert Southwest,Outfitter,Recreation Services,13,57957.74,32411.95,350511.04,4,13,22,4.95,15932.32,50.526,27.674,53.1,0
C-02310,Desert Southwest,Outdoor Retail,Retail,22,79543.04,48131.18,472973.21,4,42,19,5.84,24893.33,72.256,43.498,67.2,1
C-02311,Desert Southwest,School District,Public Sector,22,15264.49,6203.66,32729.99,0,58,25,4.7,1309.2,55.581,54.757,22.0,0
C-02312,Desert Southwest,Outdoor Retail,Retail,52,16519.57,2870.73,10625.61,2,29,15,4.43,708.37,36.721,99.296,14.2,0
C-02313,Mountain Central,Outdoor Retail,Retail,53,47121.66,22923.17,231076.1,1,18,15,3.76,15405.07,57.426,13.243,28.0,0
C-02314,Mountain Central,School District,Public Sector,5,26312.1,12087.96,64885.63,3,26,7,2.11,9269.38,49.059,75.037,31.9,1
C-02315,Mountain Central,Outdoor Retail,Retail,77,26523.32,14192.62,98860.97,2,43,9,6.95,10984.55,47.481,1.993,44.1,0
C-02316,Mountain Central,Resort,Hospitality,106,67864.72,38683.49,387373.94,1,9,12,2.22,32281.16,41.321,30.45,57.2,0
C-02317,Mountain Central,School District,Public Sector,18,30031.81,9532.21,62055.18,2,16,2,3.64,31027.59,35.51,94.956,43.5,0
C-02318,Mountain North,Resort,Hospitality,46,44567.78,23752.33,229101.74,4,22,19,2.86,12057.99,42.764,24.882,51.5,0
C-02319,Mountain Central,School District,Public Sector,6,64520.51,36783.55,390842.76,1,18,19,1.09,20570.67,42.616,91.781,62.4,0
C-02320,Mountain Central,Resort,Hospitality,19,15983.12,6026.57,24427.38,2,5,22,5.0,1110.34,50.745,84.213,23.5,0
C-02321,Mountain North,School District,Public Sector,14,32483.02,11710.29,101931.15,0,53,7,0.7,14561.59,16.922,96.203,41.4,0
C-02322,Mountain Central,Outdoor Retail,Retail,14,70617.07,48401.63,437256.81,4,12,30,5.63,14575.23,54.991,71.395,66.4,1
C-02323,Mountain Central,Outdoor Retail,Retail,17,48289.81,28917.88,300805.26,3,23,9,2.43,33422.81,54.055,43.772,45.4,0
C-02324,Mountain North,Resort,Hospitality,22,31857.45,13139.85,93059.76,2,18,9,4.94,10339.97,48.133,86.569,38.1,0
C-02325,Desert Southwest,Resort,Hospitality,22,23538.63,7478.99,58912.05,3,48,11,1.43,5355.64,32.078,48.199,24.9,0
C-02326,Desert Southwest,School District,Public Sector,92,19196.54,7575.85,49995.52,2,43,12,0.0,4166.29,45.031,48.063,43.1,1
C-02327,Mountain Central,Outfitter,Recreation Services,14,38436.47,18599.09,174630.48,1,51,12,7.26,14552.54,53.859,30.158,23.6,0
C-02328,Desert Southwest,Outdoor Retail,Retail,28,18774.55,8834.58,70673.31,3,30,16,3.61,4417.08,34.192,48.105,36.0,0
C-02329,Desert Southwest,Outfitter,Recreation Services,19,42663.77,18790.43,169618.16,2,13,15,5.74,11307.88,55.015,78.642,35.6,1
C-02330,Mountain Central,Outdoor Retail,Retail,25,41318.48,17756.61,149865.34,2,15,11,3.9,13624.12,41.26,54.922,30.0,0
C-02331,Mountain North,Outdoor Retail,Retail,22,35945.68,18370.82,169429.94,4,25,14,5.27,12102.14,26.556,48.84,58.5,0
C-02332,Mountain Central,Outdoor Retail,Retail,74,111500.12,60298.68,677191.99,0,40,23,2.95,29443.13,48.414,55.28,66.4,0
C-02333,Desert Southwest,Outdoor Retail,Retail,58,15503.68,2960.91,12770.72,1,19,20,3.47,638.54,39.242,67.971,25.1,0
C-02334,Desert Southwest,Resort,Hospitality,25,32111.39,18167.24,148070.92,1,65,10,2.92,14807.09,59.817,54.423,38.4,0
C-02335,Desert Southwest,Resort,Hospitality,13,46514.61,19257.96,157006.69,0,15,11,2.91,14273.34,57.478,89.198,36.2,0
C-02336,Mountain North,Outdoor Retail,Retail,29,38651.46,19918.72,160686.53,2,37,15,2.53,10712.44,30.777,22.533,42.9,0
C-02337,Mountain North,Outfitter,Recreation Services,39,29452.11,9859.55,51203.86,1,9,27,7.94,1896.44,62.432,63.471,19.7,0
C-02338,Mountain Central,Resort,Hospitality,29,87587.8,51851.64,626516.31,4,4,19,4.64,32974.54,64.427,70.504,81.6,0
C-02339,Desert Southwest,Outfitter,Recreation Services,28,18179.14,6152.93,35813.84,1,29,12,4.45,2984.49,40.94,13.773,33.9,0
C-02340,Mountain Central,Resort,Hospitality,27,20324.95,7428.9,47677.82,2,92,12,4.11,3973.15,54.954,67.408,28.2,0
C-02341,Mountain North,Outdoor Retail,Retail,35,73639.37,43721.48,488947.38,3,10,27,7.14,18109.16,64.492,55.536,56.7,1
C-02342,Mountain North,Outdoor Retail,Retail,44,36359.48,16362.77,130189.4,0,30,13,4.53,10014.57,40.853,69.336,21.7,0
C-02343,Mountain Central,Outdoor Retail,Retail,15,29143.78,13853.45,97173.2,1,164,28,4.17,3470.47,47.431,45.287,11.7,0
C-02344,Mountain North,Resort,Hospitality,8,8144.43,1123.06,2131.21,2,33,13,6.3,163.94,59.266,9.882,10.3,0
C-02345,Mountain North,Outdoor Retail,Retail,71,49594.03,25218.6,229162.71,1,38,34,3.06,6740.08,34.347,7.569,37.3,0
C-02346,Mountain North,Outdoor Retail,Retail,73,61301.64,33063.6,288906.69,3,50,22,2.88,13132.12,64.645,27.863,58.6,0
C-02347,Desert Southwest,School District,Public Sector,34,38872.03,17559.92,134061.61,0,27,12,3.55,11171.8,49.468,97.259,28.9,0
C-02348,Mountain Central,Outdoor Retail,Retail,13,23517.69,9765.09,68143.1,2,60,20,5.0,3407.15,30.066,58.423,27.0,0
C-02349,Mountain Central,Outdoor Retail,Retail,11,32826.32,16919.8,156539.92,0,44,15,3.3,10435.99,46.281,63.848,36.1,1
C-02350,Mountain North,Outdoor Retail,Retail,19,27360.65,13648.34,109417.86,1,15,16,5.99,6838.62,60.859,1.783,28.9,0
C-02351,Mountain Central,Outfitter,Recreation Services,20,23773.64,9004.62,65928.79,2,39,6,8.64,10988.13,33.68,18.443,20.1,1
C-02352,Mountain North,Outdoor Retail,Retail,103,33622.12,15497.56,133238.68,2,50,15,5.52,8882.58,22.767,48.704,34.6,1
C-02353,Mountain North,School District,Public Sector,57,63208.78,34620.87,347419.98,2,68,18,0.0,19301.11,40.895,6.978,75.6,0
C-02354,Desert Southwest,Resort,Hospitality,108,97739.87,66075.21,774995.98,2,53,24,4.03,32291.5,39.6,54.869,71.9,0
C-02355,Mountain Central,School District,Public Sector,29,61213.57,34758.63,350106.26,0,29,20,2.81,17505.31,31.843,65.193,45.4,0
C-02356,Mountain North,School District,Public Sector,26,39084.8,17864.57,151063.3,0,13,6,0.0,25177.22,44.758,65.046,47.3,0
C-02357,Desert Southwest,Outdoor Retail,Retail,24,37430.62,20002.65,149462.16,3,25,7,4.29,21351.74,58.672,39.395,41.3,0
C-02358,Desert Southwest,Outfitter,Recreation Services,20,26663.62,10351.09,75833.12,2,40,3,6.21,25277.71,41.372,36.665,40.5,0
C-02359,Mountain Central,School District,Public Sector,48,116888.23,74627.26,874856.17,1,31,35,1.94,24995.89,59.081,70.449,79.2,0
C-02360,Mountain North,Resort,Hospitality,12,75289.55,53519.44,690937.27,2,7,18,6.17,38385.4,49.965,23.137,72.2,0
C-02361,Mountain North,School District,Public Sector,22,21263.22,10508.88,58895.29,2,10,31,1.42,1899.85,61.398,78.184,22.2,0
C-02362,Mountain Central,School District,Public Sector,20,30658.93,12485.89,95216.89,1,25,15,4.75,6347.79,48.277,79.331,43.8,0
C-02363,Mountain Central,Outdoor Retail,Retail,39,44254.11,16991.53,160966.99,2,40,13,1.43,12382.08,70.513,68.691,33.7,0
C-02364,Mountain Central,School District,Public Sector,9,13225.36,5548.72,27171.02,2,20,19,2.44,1430.05,63.744,63.878,31.7,0
C-02365,Mountain Central,Outfitter,Recreation Services,12,27974.72,13057.01,97905.43,0,30,11,4.24,8900.49,70.027,43.764,21.8,0
C-02366,Desert Southwest,Outdoor Retail,Retail,24,17434.84,4812.88,25089.68,0,38,7,3.12,3584.24,38.575,75.59,27.1,0
C-02367,Desert Southwest,School District,Public Sector,36,51101.84,25379.96,257183.26,2,58,23,0.66,11181.88,42.05,62.992,51.9,0
C-02368,Desert Southwest,School District,Public Sector,34,13558.39,3876.87,20807.11,0,57,14,2.94,1486.22,59.809,55.389,27.3,0
C-02369,Mountain Central,Outdoor Retail,Retail,14,34728.05,15934.44,108164.57,1,4,5,4.52,21632.91,31.583,59.233,28.3,0
C-02370,Desert Southwest,Outdoor Retail,Retail,44,29204.54,11353.22,82672.1,2,39,13,4.27,6359.39,32.682,80.175,20.5,0
C-02371,Desert Southwest,Outfitter,Recreation Services,36,35162.37,13847.39,115627.39,1,24,4,5.55,28906.85,62.637,61.419,30.3,0
C-02372,Mountain North,Outdoor Retail,Retail,33,21291.43,8818.66,56837.68,3,26,16,4.53,3552.36,61.689,92.678,39.1,1
C-02373,Mountain Central,Outdoor Retail,Retail,10,54128.91,25856.38,237624.02,2,23,30,3.22,7920.8,25.12,13.752,36.9,0
C-02374,Mountain Central,Outfitter,Recreation Services,8,42816.65,19156.01,131711.6,4,65,13,5.76,10131.66,71.676,28.201,40.7,1
C-02375,Mountain North,Resort,Hospitality,18,22299.36,9883.12,86937.35,2,53,7,1.4,12419.62,62.414,30.674,26.9,1
C-02376,Mountain North,Outfitter,Recreation Services,17,40291.76,20916.2,205152.93,1,21,11,4.59,18650.27,37.594,88.768,45.6,0
C-02377,Desert Southwest,Outdoor Retail,Retail,64,33618.6,13108.69,96423.49,1,29,15,1.48,6428.23,68.755,82.587,28.8,0
C-02378,Desert Southwest,School District,Public Sector,43,18259.3,8043.03,61016.17,5,126,11,1.35,5546.92,38.235,81.105,66.0,1
C-02379,Mountain Central,Resort,Hospitality,56,24247.25,9284.75,73350.08,1,62,8,2.66,9168.76,59.769,57.567,37.6,0
C-02380,Mountain North,Outdoor Retail,Retail,42,35747.17,19204.76,155161.79,4,50,10,2.32,15516.18,32.714,86.281,47.6,0
C-02381,Mountain North,Resort,Hospitality,9,7855.72,1944.24,6864.02,1,12,13,2.85,528.0,63.658,81.673,15.4,0
C-02382,Mountain Central,Outdoor Retail,Retail,22,28828.64,13408.83,103201.52,1,38,17,3.61,6070.68,79.648,81.848,27.3,0
C-02383,Mountain Central,Outdoor Retail,Retail,45,23441.98,9560.52,53223.19,3,27,20,5.98,2661.16,60.267,38.048,34.2,0
C-02384,Mountain North,Resort,Hospitality,26,86017.34,47856.08,494794.89,4,16,17,0.23,29105.58,51.634,36.893,68.2,0
C-02385,Desert Southwest,Outdoor Retail,Retail,22,40666.36,16768.17,158593.76,0,36,10,2.82,15859.38,60.728,20.567,28.5,0
C-02386,Mountain Central,Outfitter,Recreation Services,15,16300.29,9557.07,46351.39,1,41,19,4.99,2439.55,37.306,71.979,22.8,0
C-02387,Mountain North,Outdoor Retail,Retail,91,73780.0,48191.35,583893.66,2,11,34,0.63,17173.34,63.052,73.83,60.3,0
C-02388,Desert Southwest,Resort,Hospitality,6,24704.52,10199.41,71786.95,3,57,18,3.1,3988.16,82.742,95.554,46.6,0
C-02389,Mountain Central,Resort,Hospitality,31,23127.91,12281.81,93800.69,2,27,6,3.22,15633.45,81.1,15.969,49.0,0
C-02390,Desert Southwest,School District,Public Sector,29,54506.89,33883.21,283526.72,1,67,17,4.22,16678.04,45.192,27.962,56.5,0
C-02391,Mountain Central,School District,Public Sector,17,48503.61,25677.48,239911.9,2,12,13,0.0,18454.76,38.347,36.16,56.3,0
C-02392,Desert Southwest,Outfitter,Recreation Services,37,33065.86,14214.4,114527.04,2,5,32,5.49,3578.97,35.041,27.712,16.1,0
C-02393,Mountain Central,School District,Public Sector,11,17180.55,4900.82,32518.98,0,103,24,1.81,1354.96,25.926,44.734,32.6,0
C-02394,Desert Southwest,Outfitter,Recreation Services,16,27287.37,12181.22,93725.18,1,37,21,5.96,4463.1,16.871,90.521,18.7,0
C-02395,Mountain North,Resort,Hospitality,83,44880.47,24103.29,237149.28,4,62,11,0.32,21559.03,50.711,20.885,50.3,0
C-02396,Mountain North,Outfitter,Recreation Services,62,62573.2,33264.71,359440.5,1,50,41,4.39,8766.84,38.333,64.974,32.5,1
C-02397,Mountain North,Outdoor Retail,Retail,10,21919.39,3165.61,19718.07,2,11,10,1.98,1971.81,55.624,33.075,24.7,0
C-02398,Mountain North,School District,Public Sector,28,46758.2,30606.42,308915.32,2,42,16,1.81,19307.21,26.004,47.444,66.9,0
C-02399,Mountain Central,Outdoor Retail,Retail,14,66497.95,32911.52,366168.06,2,100,10,2.12,36616.81,63.196,63.663,50.4,0
C-02400,Desert Southwest,Resort,Hospitality,38,43385.82,23707.28,246321.82,1,33,15,4.89,16421.45,51.369,21.629,38.3,1
C-02401,Desert Southwest,Outdoor Retail,Retail,51,21498.84,8082.09,34277.55,4,24,15,7.35,2285.17,42.797,32.637,39.0,1
C-02402,Mountain North,Resort,Hospitality,43,38423.97,17412.65,156872.98,0,44,8,3.02,19609.12,47.635,76.117,31.3,0
C-02403,Mountain Central,Outdoor Retail,Retail,38,33768.94,14510.81,108337.81,1,59,30,0.25,3611.26,57.531,29.9,41.1,0
C-02404,Mountain Central,Resort,Hospitality,39,24363.55,7769.14,51340.85,1,32,6,4.86,8556.81,59.965,86.192,24.1,0
C-02405,Mountain North,Resort,Hospitality,41,56987.46,35898.6,349855.79,2,40,21,2.55,16659.8,49.92,31.464,52.0,1
C-02406,Desert Southwest,Outfitter,Recreation Services,32,23047.5,7671.48,35601.53,1,17,8,6.76,4450.19,63.837,55.643,20.3,0
C-02407,Mountain Central,Resort,Hospitality,30,47272.47,20911.27,163376.53,2,3,27,3.65,6050.98,56.783,69.859,45.7,0
C-02408,Desert Southwest,Outdoor Retail,Retail,5,27835.41,12469.73,84015.28,2,12,5,5.93,16803.06,47.384,21.862,38.3,1
C-02409,Desert Southwest,Resort,Hospitality,29,50897.75,22147.97,192387.57,2,56,19,2.21,10125.66,47.442,66.436,38.3,0
C-02410,Mountain North,School District,Public Sector,19,41659.02,18515.58,161012.94,0,25,13,0.0,12385.61,47.084,77.254,34.7,0
C-02411,Mountain North,Outdoor Retail,Retail,58,18727.25,5878.74,40941.29,1,26,20,5.35,2047.06,63.051,57.443,15.8,0
C-02412,Desert Southwest,School District,Public Sector,10,12057.28,3716.06,14787.45,1,26,20,1.38,739.37,38.031,52.387,15.9,0
C-02413,Mountain Central,Outfitter,Recreation Services,60,104549.95,71118.95,898819.44,5,44,36,4.68,24967.21,62.121,72.128,85.1,0
C-02414,Mountain North,School District,Public Sector,11,20298.21,8840.96,53982.53,6,32,8,4.28,6747.82,53.294,30.183,37.5,1
C-02415,Mountain Central,School District,Public Sector,120,58680.46,33087.45,322858.33,2,46,11,1.06,29350.76,39.369,21.912,76.9,0
C-02416,Mountain Central,School District,Public Sector,56,58688.41,30942.8,295576.12,2,20,22,2.83,13435.28,54.468,28.38,39.9,0
C-02417,Mountain North,Outfitter,Recreation Services,58,160987.1,112530.9,1643649.26,3,17,48,6.34,34242.69,31.219,75.319,112.5,0
C-02418,Mountain Central,School District,Public Sector,6,13232.98,4053.94,24486.27,1,27,6,1.74,4081.04,51.665,85.853,32.7,0
C-02419,Mountain Central,Outdoor Retail,Retail,17,45982.28,20902.95,181448.42,3,50,18,4.07,10080.47,45.542,40.311,42.5,0
C-02420,Mountain Central,School District,Public Sector,21,31948.24,12137.84,101501.38,2,19,9,1.75,11277.93,38.101,75.422,36.2,0
C-02421,Mountain North,Outfitter,Recreation Services,54,63047.51,35860.79,372789.84,1,14,18,2.8,20710.55,43.993,9.096,39.3,0
C-02422,Mountain Central,School District,Public Sector,20,37422.6,21276.86,214423.78,1,39,18,2.35,11912.43,48.625,20.293,32.8,0
C-02423,Desert Southwest,Outdoor Retail,Retail,30,57499.1,25689.43,232177.46,1,56,17,5.32,13657.5,51.342,76.921,48.1,1
C-02424,Mountain Central,Outfitter,Recreation Services,14,35540.64,16049.97,114611.02,0,52,10,7.89,11461.1,36.905,65.193,17.0,0
C-02425,Mountain North,Resort,Hospitality,34,28844.79,9407.3,74383.95,1,43,8,3.23,9297.99,35.442,63.791,24.9,0
C-02426,Mountain Central,Resort,Hospitality,9,15442.0,5912.14,33566.0,2,71,5,3.62,6713.2,28.733,45.396,30.5,0
C-02427,Mountain North,School District,Public Sector,75,27895.22,11348.85,103727.74,3,32,11,0.0,9429.79,41.24,71.373,47.2,0
C-02428,Desert Southwest,Outdoor Retail,Retail,26,27680.38,10977.97,77467.02,1,7,10,8.09,7746.7,84.166,12.402,13.9,0
C-02429,Mountain Central,Outfitter,Recreation Services,19,15918.21,4892.71,28865.37,1,82,12,6.78,2405.45,68.576,69.153,19.2,1
C-02430,Mountain Central,School District,Public Sector,3,55109.1,38873.41,411700.7,4,32,27,0.94,15248.17,55.406,37.667,65.8,1
C-02431,Desert Southwest,Outdoor Retail,Retail,9,36030.85,13799.93,108735.07,0,120,19,3.47,5722.9,25.758,49.234,42.6,0
C-02432,Desert Southwest,School District,Public Sector,40,39324.76,19320.53,159077.18,1,77,21,0.0,7575.1,65.003,99.714,38.6,0
C-02433,Mountain North,Resort,Hospitality,14,20401.35,10000.3,59322.27,2,38,6,2.64,9887.05,33.589,13.099,31.6,1
C-02434,Mountain Central,Outdoor Retail,Retail,17,54518.97,22852.69,226985.35,1,33,16,7.1,14186.58,33.978,18.824,26.5,0
C-02435,Mountain North,Resort,Hospitality,25,32376.84,13256.3,90161.27,1,33,11,4.16,8196.48,26.568,70.299,31.9,0
C-02436,Mountain North,Resort,Hospitality,18,51226.19,26372.37,296011.07,2,32,10,1.43,29601.11,27.491,66.998,49.6,0
C-02437,Mountain North,Resort,Hospitality,26,8972.14,2509.52,12996.78,2,33,32,2.81,406.15,41.661,59.682,24.4,0
C-02438,Mountain Central,School District,Public Sector,28,13675.75,2135.64,11205.11,1,40,14,0.04,800.36,46.985,11.337,21.5,0
C-02439,Mountain North,Outdoor Retail,Retail,19,19132.55,5129.95,23611.68,1,38,9,4.24,2623.52,59.603,75.88,22.0,0
C-02440,Mountain North,Resort,Hospitality,22,41835.78,21878.91,202725.45,5,89,34,0.5,5962.51,54.098,95.37,57.5,1
C-02441,Mountain North,Resort,Hospitality,25,31451.87,15164.64,118529.05,1,55,9,3.37,13169.89,32.095,87.494,32.8,0
C-02442,Desert Southwest,Outdoor Retail,Retail,34,70198.65,49466.71,504242.0,2,26,22,4.6,22920.09,55.208,77.0,70.2,1
C-02443,Mountain North,Outdoor Retail,Retail,29,34087.1,11508.94,94954.28,1,8,4,2.23,23738.57,50.664,12.136,39.3,0
C-02444,Mountain Central,Outdoor Retail,Retail,23,8599.01,2694.21,11656.81,1,21,6,4.54,1942.8,43.685,4.119,17.9,0
C-02445,Mountain Central,Outdoor Retail,Retail,12,66442.58,36360.92,388903.21,4,38,17,4.11,22876.66,41.884,26.442,45.7,1
C-02446,Desert Southwest,School District,Public Sector,23,28948.15,11280.81,97793.9,3,38,13,1.69,7522.61,32.927,80.397,53.5,0
C-02447,Desert Southwest,Resort,Hospitality,12,88647.76,48773.1,504268.24,2,11,14,6.29,36019.16,43.343,80.856,64.4,1
C-02448,Mountain North,Outfitter,Recreation Services,26,34523.54,13524.01,94356.76,0,36,11,3.65,8577.89,63.677,6.808,20.9,0
C-02449,Mountain North,Resort,Hospitality,50,55857.7,21528.73,187126.41,2,31,15,5.89,12475.09,46.046,12.141,36.6,0
C-02450,Mountain Central,Outfitter,Recreation Services,53,14373.52,5332.6,24402.56,1,17,9,5.84,2711.4,27.481,98.497,33.4,0
C-02451,Mountain Central,Outdoor Retail,Retail,17,62323.0,42088.99,430546.7,3,28,17,3.27,25326.28,71.721,29.088,52.8,0
C-02452,Mountain Central,Outfitter,Recreation Services,11,90632.92,53457.1,652326.83,2,13,16,6.5,40770.43,41.168,89.145,64.8,1
C-02453,Mountain Central,Outfitter,Recreation Services,31,13344.5,4183.27,19380.88,2,61,10,5.97,1938.09,38.17,77.327,19.3,1
C-02454,Mountain Central,Outfitter,Recreation Services,42,19559.22,7868.2,54698.11,2,75,9,5.25,6077.57,43.882,38.444,28.8,0
C-02455,Mountain North,Outdoor Retail,Retail,13,32777.15,12004.02,71451.28,2,43,15,5.95,4763.42,37.595,72.691,36.6,1
C-02456,Mountain Central,Outdoor Retail,Retail,10,31466.75,15273.37,109022.28,2,15,7,2.72,15574.61,49.436,84.472,28.7,0
C-02457,Mountain North,Outdoor Retail,Retail,9,13481.13,2689.02,16653.09,1,9,15,2.71,1110.21,53.544,27.361,16.0,0
C-02458,Mountain Central,Outdoor Retail,Retail,3,27275.38,10754.14,69768.69,0,57,11,6.99,6342.61,74.763,6.188,33.9,0
C-02459,Mountain North,Outdoor Retail,Retail,16,32477.74,15961.58,138145.38,2,28,13,4.5,10626.57,65.292,68.176,40.7,0
C-02460,Mountain Central,Outdoor Retail,Retail,57,50892.58,26484.89,304757.18,4,22,19,6.97,16039.85,35.975,72.304,50.4,1
C-02461,Mountain North,Outdoor Retail,Retail,14,22784.63,6664.95,46205.06,2,13,7,6.01,6600.72,54.604,47.155,31.4,1
C-02462,Mountain Central,School District,Public Sector,34,70785.74,43150.71,530688.56,1,4,40,0.48,13267.21,66.245,74.626,49.7,0
C-02463,Mountain Central,Outdoor Retail,Retail,34,33846.21,15733.55,129369.81,4,23,4,5.23,32342.45,24.671,15.451,37.4,0
C-02464,Mountain Central,Outfitter,Recreation Services,22,41112.32,22730.2,201316.29,1,53,6,7.77,33552.72,46.192,51.236,39.0,1
C-02465,Desert Southwest,Outdoor Retail,Retail,72,18450.76,5035.86,27542.98,1,19,5,5.95,5508.6,45.214,85.761,28.1,0
C-02466,Mountain Central,School District,Public Sector,36,27343.54,11156.01,81042.62,0,66,14,0.0,5788.76,45.303,51.078,45.7,0
C-02467,Mountain Central,School District,Public Sector,49,31975.74,11814.9,80427.05,1,57,16,0.0,5026.69,38.992,97.994,31.9,0
C-02468,Mountain Central,Outfitter,Recreation Services,19,36494.5,16835.05,136028.29,0,32,5,5.97,27205.66,22.658,67.03,22.9,0
C-02469,Mountain North,Outdoor Retail,Retail,15,15427.56,5520.0,23774.1,1,48,8,2.97,2971.76,59.301,73.178,23.8,0
C-02470,Mountain North,Outdoor Retail,Retail,12,33570.44,15750.5,133878.68,0,21,14,2.34,9562.76,15.97,41.661,8.2,0
C-02471,Mountain North,School District,Public Sector,6,5305.66,1549.37,2000.0,1,52,15,0.42,133.33,62.421,28.743,40.4,0
C-02472,Mountain Central,Outdoor Retail,Retail,16,69931.47,37510.76,433615.15,2,7,16,0.0,27100.95,56.725,39.091,59.4,1
C-02473,Mountain North,Outfitter,Recreation Services,12,17961.44,6311.3,48266.24,0,34,10,3.19,4826.62,35.531,64.941,12.7,0
C-02474,Desert Southwest,Resort,Hospitality,29,18239.41,6545.58,53447.89,2,25,5,4.95,10689.58,55.045,52.853,19.0,0
C-02475,Desert Southwest,Resort,Hospitality,16,34325.5,14637.94,124617.43,2,51,4,7.48,31154.36,29.198,42.238,42.4,0
C-02476,Mountain Central,School District,Public Sector,11,31836.67,12582.22,110242.78,4,68,10,1.5,11024.28,51.293,49.069,58.0,0
C-02477,Mountain Central,Outdoor Retail,Retail,32,49094.38,29197.07,288436.9,2,62,9,2.34,32048.54,40.697,71.969,56.6,0
C-02478,Mountain Central,School District,Public Sector,25,35850.01,16306.44,129465.29,3,28,11,0.0,11769.57,53.244,38.815,47.5,0
C-02479,Desert Southwest,Outdoor Retail,Retail,16,35939.56,18312.71,109369.29,3,19,15,2.42,7291.29,68.328,28.954,34.3,0
C-02480,Mountain Central,Outdoor Retail,Retail,30,44778.52,23896.01,206548.9,7,26,10,4.26,20654.89,34.327,95.45,60.6,1
C-02481,Mountain Central,Outdoor Retail,Retail,19,15110.68,6779.37,49444.78,0,20,22,2.7,2247.49,81.94,77.902,19.8,0
C-02482,Mountain Central,School District,Public Sector,35,36553.66,14130.97,105221.45,0,44,10,3.27,10522.14,65.113,58.156,33.4,0
C-02483,Mountain Central,Outdoor Retail,Retail,5,8252.44,1282.25,4960.75,0,115,5,5.31,992.15,54.959,73.2,12.5,0
C-02484,Mountain North,Outfitter,Recreation Services,26,26907.34,10518.05,80587.75,0,31,16,3.46,5036.73,27.634,29.138,25.4,0
C-02485,Mountain Central,School District,Public Sector,11,19890.15,5438.52,30298.41,3,28,43,2.94,704.61,33.181,15.258,21.1,0
C-02486,Desert Southwest,Outdoor Retail,Retail,37,9890.52,1686.82,8761.46,0,24,6,5.0,1460.24,72.019,88.88,17.8,0
C-02487,Mountain North,Outdoor Retail,Retail,9,90099.64,56251.16,603774.42,1,15,21,3.5,28751.16,28.579,86.182,68.3,0
C-02488,Desert Southwest,Outdoor Retail,Retail,12,51675.51,29115.68,270659.65,5,42,16,5.78,16916.23,37.734,76.022,52.8,1
C-02489,Desert Southwest,School District,Public Sector,35,97888.07,72169.93,758621.03,4,117,28,3.27,27093.61,38.598,68.024,106.8,0
C-02490,Mountain North,Outfitter,Recreation Services,6,57300.55,25502.03,238142.96,4,37,19,4.96,12533.84,28.556,11.826,43.0,0
C-02491,Desert Southwest,Outfitter,Recreation Services,11,20053.91,6691.72,42993.28,1,19,12,4.26,3582.77,52.196,26.724,11.9,0
C-02492,Mountain Central,School District,Public Sector,2,24121.04,9700.24,70535.59,2,23,14,2.54,5038.26,58.999,45.193,49.9,0
C-02493,Mountain North,Outdoor Retail,Retail,14,70243.09,35140.11,360960.23,4,16,18,3.78,20053.35,15.531,83.329,50.5,0
C-02494,Desert Southwest,Outdoor Retail,Retail,24,50569.53,26967.41,236250.71,3,35,12,4.42,19687.56,90.227,51.944,53.3,0
C-02495,Mountain North,School District,Public Sector,37,17829.25,5953.2,42111.8,3,48,16,2.64,2631.99,67.789,12.195,33.8,0
C-02496,Desert Southwest,School District,Public Sector,4,34724.41,21301.6,186635.94,2,9,11,2.83,16966.9,17.303,38.846,56.7,0
C-02497,Mountain Central,Outdoor Retail,Retail,17,44296.06,16701.99,118201.84,1,37,19,4.06,6221.15,62.177,12.818,21.6,0
C-02498,Mountain Central,Outdoor Retail,Retail,36,16625.89,5357.41,30213.06,4,50,21,5.17,1438.72,45.171,75.81,30.9,0
C-02499,Desert Southwest,Outdoor Retail,Retail,8,29192.5,9955.88,89122.75,3,27,6,2.17,14853.79,67.668,26.335,39.8,0
C-02500,Mountain Central,School District,Public Sector,24,34680.1,14715.02,108217.9,2,85,11,3.14,9837.99,49.467,59.696,50.3,0
C-02501,Mountain Central,Resort,Hospitality,34,48714.91,28605.72,305328.48,2,59,19,4.01,16069.92,44.466,64.449,39.6,0
C-02502,Mountain Central,Outdoor Retail,Retail,37,24264.28,11466.75,89971.22,2,18,5,4.63,17994.24,34.903,41.294,23.9,0
C-02503,Mountain Central,Outdoor Retail,Retail,28,22296.28,8351.45,55807.02,4,49,4,2.82,13951.76,51.424,35.544,41.6,0
C-02504,Mountain Central,Resort,Hospitality,27,14144.85,5856.08,41992.78,3,30,14,0.55,2999.48,64.027,77.938,32.8,0
C-02505,Mountain Central,School District,Public Sector,13,17308.92,5726.83,38247.14,3,53,7,5.01,5463.88,54.001,66.716,38.4,1
C-02506,Mountain Central,Outdoor Retail,Retail,15,19173.32,6585.32,43547.6,1,25,8,7.06,5443.45,38.489,35.797,38.9,0
C-02507,Desert Southwest,Outfitter,Recreation Services,6,42781.51,25909.22,250584.47,9,11,16,6.58,15661.53,44.182,23.596,65.0,1
C-02508,Desert Southwest,Resort,Hospitality,5,48653.88,26833.01,259948.96,2,42,22,3.34,11815.86,42.453,66.847,46.6,0
C-02509,Desert Southwest,School District,Public Sector,19,40467.88,21715.93,174906.31,2,33,20,5.23,8745.32,56.809,89.718,51.9,0
C-02510,Desert Southwest,Outdoor Retail,Retail,13,56832.3,29735.25,280661.34,0,57,19,4.1,14771.65,51.03,85.181,49.2,1
C-02511,Mountain Central,School District,Public Sector,34,24661.07,10564.25,72660.95,2,21,15,0.0,4844.06,41.628,20.55,41.9,0
C-02512,Mountain Central,Outdoor Retail,Retail,20,30416.47,15517.17,119258.08,3,55,12,5.84,9938.17,30.855,25.627,44.9,0
C-02513,Mountain North,Outdoor Retail,Retail,71,11895.98,2823.51,16422.41,2,17,3,3.01,5474.14,54.603,72.338,15.2,1
C-02514,Mountain Central,Outfitter,Recreation Services,7,26473.98,15173.54,121997.08,3,38,13,7.74,9384.39,42.528,38.671,36.3,0
C-02515,Mountain Central,Resort,Hospitality,30,50248.89,21177.76,212292.85,2,40,30,2.63,7076.43,24.474,3.885,43.2,0
C-02516,Mountain Central,Outfitter,Recreation Services,6,17019.01,3638.9,23281.73,3,33,15,4.87,1552.12,72.806,22.178,36.0,1
C-02517,Mountain Central,School District,Public Sector,89,37883.41,21117.07,183777.92,0,10,7,3.85,26253.99,30.286,98.793,37.6,0
C-02518,Mountain Central,School District,Public Sector,70,42951.83,26912.43,270172.85,1,71,12,3.72,22514.4,39.881,92.712,57.7,0
C-02519,Desert Southwest,Outdoor Retail,Retail,18,19241.28,6456.36,45769.17,1,24,9,3.93,5085.46,81.735,68.957,26.0,0
C-02520,Mountain North,Resort,Hospitality,11,10633.08,4265.55,17285.54,0,37,7,1.35,2469.36,34.403,64.604,25.1,0
C-02521,Desert Southwest,School District,Public Sector,20,39404.94,13428.39,111993.13,2,72,9,0.6,12443.68,51.509,44.991,40.7,0
C-02522,Desert Southwest,School District,Public Sector,18,77170.52,41381.61,398119.92,2,98,17,4.9,23418.82,54.46,61.66,67.9,0
C-02523,Desert Southwest,Resort,Hospitality,27,32542.23,17709.11,144032.43,2,40,12,4.19,12002.7,46.707,69.544,40.3,0
C-02524,Desert Southwest,School District,Public Sector,32,15130.09,4643.96,23879.58,2,49,5,2.71,4775.92,86.705,73.572,28.8,1
C-02525,Desert Southwest,Outdoor Retail,Retail,8,31735.13,14952.89,148207.1,1,14,20,1.89,7410.36,80.707,60.555,28.7,0
C-02526,Mountain North,Outdoor Retail,Retail,16,43095.9,23016.2,214673.45,0,19,20,2.64,10733.67,55.376,28.183,27.9,1
C-02527,Mountain Central,Outdoor Retail,Retail,18,28926.64,11762.12,98331.0,4,11,5,2.36,19666.2,44.014,69.368,37.3,1
C-02528,Mountain North,Outfitter,Recreation Services,44,31351.2,14462.08,120487.15,1,73,13,5.28,9268.24,66.445,81.233,24.8,0
C-02529,Mountain Central,Outdoor Retail,Retail,43,55146.69,27606.61,239159.09,1,15,10,5.78,23915.91,47.467,60.08,35.7,0
C-02530,Mountain Central,Resort,Hospitality,35,30803.35,11177.5,73253.52,0,25,14,0.81,5232.39,56.642,16.095,35.2,0
C-02531,Mountain North,Outdoor Retail,Retail,45,64792.51,40617.4,448407.66,0,55,14,2.81,32029.12,35.617,50.464,56.2,0
C-02532,Desert Southwest,Outdoor Retail,Retail,37,29215.74,14058.83,113652.86,5,60,10,1.64,11365.29,66.9,82.334,45.9,1
C-02533,Mountain Central,Outdoor Retail,Retail,75,113061.98,74983.07,887012.16,2,82,28,5.69,31679.01,52.417,52.952,92.5,0
C-02534,Mountain Central,Resort,Hospitality,15,58366.37,29563.02,252728.32,0,8,11,1.06,22975.3,61.905,83.99,47.3,0
C-02535,Mountain North,Outdoor Retail,Retail,87,63640.46,35436.49,433751.93,3,20,29,4.2,14956.96,52.478,93.448,46.0,0
C-02536,Mountain North,Outdoor Retail,Retail,11,41105.39,16523.96,160242.1,3,64,23,3.46,6967.05,61.753,47.576,19.6,0
C-02537,Mountain Central,Resort,Hospitality,33,39092.35,20388.7,157958.95,2,10,7,1.98,22565.56,71.384,37.871,54.5,1
C-02538,Desert Southwest,Outdoor Retail,Retail,13,48296.02,20547.55,121078.37,0,51,14,2.03,8648.46,34.688,32.971,40.5,0
C-02539,Mountain North,Outdoor Retail,Retail,13,94084.47,73710.71,860584.5,0,105,33,0.0,26078.32,50.359,6.193,89.1,0
C-02540,Desert Southwest,Resort,Hospitality,32,23333.11,5851.14,41325.43,1,23,4,1.97,10331.36,63.254,37.246,27.5,0
C-02541,Mountain Central,Outdoor Retail,Retail,60,61080.63,35299.41,372376.06,2,49,21,2.08,17732.19,12.935,54.685,55.7,0
C-02542,Mountain North,Resort,Hospitality,17,58859.33,33332.65,365097.25,1,50,19,3.88,19215.64,55.324,69.398,41.7,0
C-02543,Mountain Central,School District,Public Sector,24,14864.39,4572.59,12582.72,2,25,16,1.51,786.42,58.937,94.996,33.4,0
C-02544,Mountain Central,School District,Public Sector,31,32800.23,16132.0,133212.55,2,7,7,2.57,19030.36,47.52,61.228,39.1,0
C-02545,Mountain North,Outfitter,Recreation Services,36,22450.62,5794.65,36886.51,2,31,7,3.5,5269.5,46.859,75.888,25.5,1
C-02546,Desert Southwest,Outdoor Retail,Retail,25,15990.47,3970.87,23311.88,2,49,16,3.53,1456.99,49.786,7.499,36.8,0
C-02547,Mountain North,Resort,Hospitality,22,41404.33,19504.72,176511.11,0,39,10,1.23,17651.11,60.192,77.059,21.7,0
C-02548,Mountain North,School District,Public Sector,89,23216.71,8148.1,55807.6,2,25,14,2.25,3986.26,11.504,69.542,37.0,0
C-02549,Desert Southwest,Outfitter,Recreation Services,48,73201.81,44265.39,476271.26,3,25,22,6.05,21648.69,45.617,75.748,72.0,1
C-02550,Mountain North,Outdoor Retail,Retail,5,31134.65,9650.35,68143.95,0,14,12,1.18,5678.66,40.333,93.781,24.6,0
C-02551,Mountain Central,School District,Public Sector,6,40521.43,15946.67,146718.25,3,19,11,0.48,13338.02,61.48,17.922,53.9,0
C-02552,Mountain North,School District,Public Sector,25,68382.06,32795.49,309006.19,1,14,31,2.9,9967.94,82.486,62.343,41.5,0
C-02553,Mountain North,Outdoor Retail,Retail,25,77394.38,42745.51,483535.62,5,27,26,6.07,18597.52,67.53,79.463,62.9,1
C-02554,Desert Southwest,School District,Public Sector,15,54145.17,29169.86,240471.03,3,29,10,2.31,24047.1,44.814,3.862,59.3,0
C-02555,Mountain Central,Outdoor Retail,Retail,21,45629.59,26351.0,233743.12,2,48,6,3.91,38957.19,30.702,0.935,37.9,0
C-02556,Mountain Central,Outdoor Retail,Retail,29,67568.91,38744.71,404946.41,2,30,12,3.79,33745.53,22.594,59.182,55.9,0
C-02557,Mountain Central,Outfitter,Recreation Services,75,24740.06,8645.38,45229.5,3,15,13,6.92,3479.19,77.716,93.626,26.9,0
C-02558,Desert Southwest,School District,Public Sector,20,13554.86,3699.39,13775.37,2,37,8,1.89,1721.92,70.338,89.268,26.6,1
C-02559,Mountain North,Resort,Hospitality,28,55971.87,31477.23,309516.13,1,11,27,4.67,11463.56,47.122,43.212,46.9,0
C-02560,Mountain Central,Resort,Hospitality,18,60062.47,33244.2,377296.91,0,74,14,4.76,26949.78,45.069,10.323,53.9,0
C-02561,Mountain Central,School District,Public Sector,23,8169.07,2259.71,8954.03,4,35,24,7.21,373.08,41.376,4.735,27.3,0
C-02562,Mountain Central,School District,Public Sector,9,34726.93,14374.15,97966.12,1,14,6,4.31,16327.69,65.012,95.375,41.5,0
C-02563,Desert Southwest,Outfitter,Recreation Services,35,38638.64,16620.68,127938.58,2,73,15,5.6,8529.24,33.2,63.833,33.6,0
C-02564,Desert Southwest,Outdoor Retail,Retail,46,36650.54,11888.97,97977.55,1,34,13,6.45,7536.73,51.583,66.689,12.0,1
C-02565,Desert Southwest,School District,Public Sector,14,24922.86,6638.99,39801.14,1,45,11,1.33,3618.29,57.15,33.804,35.7,0
C-02566,Mountain Central,Resort,Hospitality,24,23493.78,10950.45,70016.68,0,21,9,5.11,7779.63,65.881,32.085,28.7,0
C-02567,Desert Southwest,Resort,Hospitality,50,38309.65,16688.15,122293.31,4,40,16,2.11,7643.33,45.683,41.427,43.2,0
C-02568,Mountain North,School District,Public Sector,48,28458.45,12057.29,97905.76,4,22,21,0.0,4662.18,68.015,92.55,45.1,1
C-02569,Mountain Central,Resort,Hospitality,66,49803.55,30481.33,339211.46,3,19,16,2.94,21200.72,53.434,3.76,54.4,0
C-02570,Mountain Central,Outdoor Retail,Retail,11,14150.75,3414.24,17820.08,1,22,8,2.26,2227.51,51.39,2.263,13.6,0
C-02571,Mountain North,Outfitter,Recreation Services,20,17296.61,6090.71,34823.54,3,52,5,5.1,6964.71,20.633,95.086,32.6,1
C-02572,Desert Southwest,Resort,Hospitality,2,29913.79,14606.21,127521.39,1,62,12,1.75,10626.78,58.559,66.847,43.9,0
C-02573,Mountain Central,Outdoor Retail,Retail,10,55836.54,34302.71,367179.45,0,61,47,5.37,7812.33,46.525,98.397,36.3,0
C-02574,Mountain Central,Resort,Hospitality,6,17497.79,8062.76,45564.92,1,13,13,3.99,3504.99,27.786,16.143,26.5,0
C-02575,Mountain North,Resort,Hospitality,33,31618.64,15068.45,95912.86,2,63,5,2.89,19182.57,36.304,49.151,43.3,0
C-02576,Mountain Central,Resort,Hospitality,37,44263.11,13821.43,129297.0,1,55,5,2.65,25859.4,34.94,97.092,32.6,0
C-02577,Mountain Central,Outdoor Retail,Retail,90,56350.74,36906.59,356374.04,3,68,23,6.61,15494.52,49.801,7.869,51.3,1
C-02578,Mountain North,Outdoor Retail,Retail,58,33502.5,16204.28,122000.46,4,95,14,5.73,8714.32,45.854,26.389,31.7,1
C-02579,Mountain North,Outdoor Retail,Retail,16,17817.13,6312.46,41028.7,0,66,12,3.1,3419.06,30.362,15.021,18.4,0
C-02580,Mountain Central,Outdoor Retail,Retail,44,20636.65,7073.36,41293.67,4,31,22,1.56,1876.98,31.544,85.551,29.0,0
C-02581,Mountain Central,Outfitter,Recreation Services,42,32872.36,13149.42,93714.86,3,37,13,5.79,7208.84,53.96,87.827,14.4,0
C-02582,Mountain North,School District,Public Sector,18,51091.18,23624.94,180711.76,1,83,27,3.0,6693.03,52.119,93.126,46.9,0
C-02583,Desert Southwest,Outdoor Retail,Retail,64,37753.24,16742.78,140383.86,2,29,20,2.77,7019.19,45.733,76.852,25.2,0
C-02584,Desert Southwest,Outfitter,Recreation Services,82,39676.77,18767.32,173497.67,2,21,21,3.97,8261.79,65.894,94.196,38.9,0
C-02585,Mountain Central,Outdoor Retail,Retail,76,20546.67,5929.81,36733.16,1,44,16,3.42,2295.82,76.718,20.399,25.3,0
C-02586,Mountain North,Outfitter,Recreation Services,49,42914.37,25095.67,213762.62,1,49,16,3.4,13360.16,70.01,56.145,38.3,1
C-02587,Mountain North,Outfitter,Recreation Services,32,48302.79,25828.51,245566.38,1,83,23,4.87,10676.8,57.883,88.178,30.8,0
C-02588,Mountain Central,Outdoor Retail,Retail,57,45215.84,20934.27,153707.45,2,19,13,5.24,11823.65,37.813,51.662,51.6,0
C-02589,Mountain North,Outdoor Retail,Retail,43,33469.88,15973.2,127726.28,1,22,29,4.99,4404.35,45.052,47.844,28.7,0
C-02590,Mountain Central,School District,Public Sector,58,29255.42,13781.45,115277.3,5,70,20,0.0,5763.86,56.801,41.475,45.4,1
C-02591,Mountain Central,Resort,Hospitality,20,26045.25,11125.77,96840.75,2,62,14,0.0,6917.2,23.443,35.053,38.7,0
C-02592,Mountain North,Outdoor Retail,Retail,31,45747.63,21684.28,161435.78,3,53,13,6.63,12418.14,49.661,3.648,29.7,1
C-02593,Mountain Central,Outdoor Retail,Retail,10,31312.1,14037.46,94422.19,1,32,14,4.66,6744.44,29.989,64.182,34.2,0
C-02594,Desert Southwest,Outdoor Retail,Retail,25,71794.53,40302.95,406796.81,2,82,14,3.29,29056.91,82.643,12.968,55.8,0
C-02595,Desert Southwest,School District,Public Sector,26,30215.4,15330.67,128891.38,5,17,20,4.56,6444.57,69.462,68.1,34.9,1
C-02596,Mountain Central,Resort,Hospitality,57,30421.05,16188.42,127676.19,2,10,10,2.48,12767.62,61.983,51.688,43.2,0
C-02597,Mountain Central,Resort,Hospitality,18,15176.11,4190.73,23730.69,2,53,6,4.31,3955.12,50.433,52.743,31.2,0
C-02598,Desert Southwest,Outdoor Retail,Retail,15,23896.66,8531.69,46938.85,1,32,5,3.16,9387.77,54.219,19.092,25.0,0
C-02599,Desert Southwest,School District,Public Sector,15,97001.69,60943.24,602385.24,3,77,13,1.08,46337.33,53.215,82.127,92.0,0
C-02600,Mountain Central,Outdoor Retail,Retail,36,49953.75,27193.06,287644.47,0,49,13,1.62,22126.5,34.169,14.301,48.1,0
C-02601,Mountain Central,Outdoor Retail,Retail,18,64782.4,44750.28,391241.43,1,27,19,4.48,20591.65,18.312,6.8,44.7,0
C-02602,Mountain North,Outdoor Retail,Retail,48,11952.97,4257.37,27162.78,3,20,6,3.64,4527.13,43.254,12.594,23.5,1
C-02603,Mountain Central,Outdoor Retail,Retail,27,70934.83,34854.64,337939.86,2,8,16,3.36,21121.24,41.308,25.007,48.4,0
C-02604,Mountain Central,Outdoor Retail,Retail,59,71331.74,41790.17,456162.12,4,28,24,3.08,19006.76,61.839,75.449,62.1,0
C-02605,Mountain North,School District,Public Sector,30,28277.61,12565.14,95451.91,2,30,28,4.3,3409.0,42.806,24.03,44.0,0
C-02606,Mountain North,School District,Public Sector,6,24260.3,7666.52,65148.87,1,19,11,2.0,5922.62,25.229,44.304,27.3,0
C-02607,Mountain Central,School District,Public Sector,10,45102.45,22481.22,192395.65,1,95,25,3.66,7695.83,45.146,22.287,40.9,0
C-02608,Mountain North,Outdoor Retail,Retail,25,25466.99,6772.88,51394.81,1,13,10,0.98,5139.48,66.083,81.602,20.2,0
C-02609,Mountain Central,Resort,Hospitality,50,43853.17,24527.74,178555.26,2,40,13,3.12,13735.02,57.394,95.828,40.1,0
C-02610,Mountain Central,Outdoor Retail,Retail,7,10383.89,2865.5,10969.24,3,6,31,2.6,353.85,78.047,34.366,26.6,0
C-02611,Mountain Central,School District,Public Sector,8,27052.34,8122.81,63218.11,2,43,9,0.0,7024.23,44.065,24.936,38.3,0
C-02612,Desert Southwest,Resort,Hospitality,5,81212.04,46162.42,499649.22,1,131,14,3.14,35689.23,55.623,55.753,58.8,1
C-02613,Mountain Central,Resort,Hospitality,32,62769.47,42274.18,395992.0,3,38,25,2.09,15839.68,50.082,45.676,49.0,1
C-02614,Desert Southwest,Resort,Hospitality,8,31608.14,10719.19,79121.56,0,15,13,2.62,6086.27,42.224,64.031,36.5,0
C-02615,Desert Southwest,Resort,Hospitality,44,36829.29,13568.4,101060.38,0,42,11,2.06,9187.31,55.449,54.282,24.8,0
C-02616,Mountain North,Resort,Hospitality,22,33281.27,11646.03,111425.27,3,12,19,3.03,5864.49,49.406,8.831,25.9,0
C-02617,Desert Southwest,School District,Public Sector,21,45631.92,20219.41,150380.1,1,7,11,2.36,13670.92,25.859,77.469,43.2,0
C-02618,Desert Southwest,School District,Public Sector,5,35575.91,17956.95,124751.91,0,18,15,4.0,8316.79,66.129,12.935,25.3,0
C-02619,Mountain Central,School District,Public Sector,29,66076.14,37628.99,433082.16,3,25,12,2.98,36090.18,61.278,31.839,69.5,0
C-02620,Mountain North,Outfitter,Recreation Services,35,27483.14,11038.46,67556.97,1,43,17,6.42,3973.94,45.185,37.668,6.5,0
C-02621,Mountain North,School District,Public Sector,40,13157.46,4027.25,25890.28,2,3,12,1.47,2157.52,57.981,64.484,35.3,0
C-02622,Mountain Central,School District,Public Sector,18,47035.32,20674.0,179577.38,1,10,19,1.71,9451.44,47.308,45.671,42.9,0
C-02623,Mountain North,Outdoor Retail,Retail,37,76931.83,49303.44,528210.42,1,29,32,5.94,16506.58,29.387,68.642,55.3,0
C-02624,Mountain North,School District,Public Sector,22,13046.19,2672.68,14575.0,2,5,13,3.31,1121.15,54.77,72.931,29.4,0
C-02625,Mountain Central,School District,Public Sector,77,97454.72,63653.27,749942.08,0,43,20,1.82,37497.1,35.321,80.268,83.0,0
C-02626,Mountain North,School District,Public Sector,75,29022.7,7407.54,50412.4,2,32,22,0.66,2291.47,45.681,96.47,24.7,0
C-02627,Mountain North,Outdoor Retail,Retail,40,13709.84,4062.17,22218.84,4,83,2,6.21,11109.42,40.386,91.772,36.4,1
C-02628,Mountain North,Outfitter,Recreation Services,42,22129.21,10448.23,75920.77,1,17,19,0.76,3995.83,48.042,11.248,23.4,0
C-02629,Desert Southwest,School District,Public Sector,57,22322.01,10810.22,62341.29,4,3,13,3.76,4795.48,36.364,28.508,48.1,0
C-02630,Desert Southwest,Outdoor Retail,Retail,19,20250.02,8796.61,66539.74,2,27,11,6.19,6049.07,62.899,88.426,29.0,1
C-02631,Mountain North,Outdoor Retail,Retail,35,26204.21,12124.32,98660.34,1,75,16,5.55,6166.27,55.49,11.525,10.4,0
C-02632,Mountain North,Outfitter,Recreation Services,75,87253.86,53900.58,628879.1,3,28,18,4.84,34937.73,52.767,49.815,70.3,1
C-02633,Desert Southwest,Outfitter,Recreation Services,29,37886.49,15225.59,156638.28,2,12,12,4.04,13053.19,54.368,96.192,41.5,0
C-02634,Mountain North,Resort,Hospitality,37,18295.26,8584.38,50257.51,0,33,12,0.11,4188.13,47.861,57.465,17.3,0
C-02635,Desert Southwest,School District,Public Sector,15,39163.37,22219.36,207069.6,2,52,8,0.0,25883.7,43.259,17.252,57.8,0
C-02636,Desert Southwest,School District,Public Sector,2,17871.03,7134.19,45160.15,0,14,5,5.11,9032.03,56.197,38.409,18.5,0
C-02637,Mountain North,Resort,Hospitality,52,46988.29,25905.95,222732.73,1,9,23,2.09,9684.03,43.842,82.923,39.8,0
C-02638,Desert Southwest,Outfitter,Recreation Services,16,16419.38,5703.51,36776.35,4,36,5,5.81,7355.27,32.768,52.747,26.4,1
C-02639,Desert Southwest,Outdoor Retail,Retail,79,81250.05,44785.86,535390.03,1,80,28,6.3,19121.07,67.946,21.334,49.8,0
C-02640,Desert Southwest,Resort,Hospitality,8,30745.87,12228.58,99590.28,2,29,40,1.78,2489.76,53.854,25.692,30.9,0
C-02641,Mountain North,Outdoor Retail,Retail,60,32665.58,15075.28,123707.73,1,8,15,3.97,8247.18,85.276,27.374,35.4,0
C-02642,Mountain North,Outdoor Retail,Retail,33,28384.33,10812.02,77885.06,2,24,14,2.05,5563.22,39.666,92.028,39.6,0
C-02643,Mountain Central,Outfitter,Recreation Services,34,35619.47,17164.04,158993.35,1,41,23,3.99,6912.75,58.024,58.483,26.2,0
C-02644,Mountain North,School District,Public Sector,63,53738.5,31260.16,326975.18,1,90,19,2.22,17209.22,44.767,67.243,54.1,0
C-02645,Mountain Central,Outfitter,Recreation Services,59,76370.73,41144.66,442259.54,2,11,18,6.67,24569.97,41.57,89.474,56.8,0
C-02646,Mountain Central,Outdoor Retail,Retail,31,43099.52,25036.93,226225.87,1,68,14,1.31,16158.99,61.411,44.002,51.1,1
C-02647,Mountain North,School District,Public Sector,23,47630.12,26213.98,288064.07,2,24,11,0.58,26187.64,53.574,9.32,58.6,0
C-02648,Mountain Central,Outfitter,Recreation Services,45,70545.39,34947.35,395982.66,1,48,13,4.68,30460.2,55.848,72.054,46.5,0
C-02649,Desert Southwest,Resort,Hospitality,50,66208.71,40065.21,473829.26,2,25,33,3.83,14358.46,49.677,70.11,59.3,0
C-02650,Mountain Central,Resort,Hospitality,20,28927.57,13362.95,93799.29,2,123,22,1.96,4263.6,66.41,39.802,40.5,0
C-02651,Mountain Central,Outfitter,Recreation Services,21,59980.76,36744.15,433973.68,4,27,25,0.0,17358.95,50.684,31.903,62.6,0
C-02652,Mountain Central,Resort,Hospitality,96,24245.14,11385.09,82821.98,2,111,13,4.68,6370.92,78.8,87.992,27.2,0
C-02653,Mountain Central,School District,Public Sector,32,59956.96,35674.68,385165.3,1,40,11,0.0,35015.03,60.825,0.58,50.7,1
C-02654,Mountain North,Outfitter,Recreation Services,13,68253.26,40454.9,382592.59,1,32,15,4.77,25506.17,96.666,95.104,50.3,0
C-02655,Mountain Central,Outdoor Retail,Retail,25,39257.7,17336.44,146801.78,1,8,10,9.18,14680.18,56.559,50.681,27.7,0
C-02656,Desert Southwest,Outdoor Retail,Retail,52,33237.55,16320.72,112927.96,1,48,11,2.05,10266.18,31.807,14.85,37.3,0
C-02657,Mountain North,School District,Public Sector,48,36306.33,14489.67,126178.35,2,10,14,2.79,9012.74,50.273,39.808,39.8,0
C-02658,Mountain North,Outfitter,Recreation Services,18,12177.66,3371.55,17016.48,1,16,10,4.7,1701.65,37.359,86.386,15.9,0
C-02659,Mountain North,Outfitter,Recreation Services,30,33056.89,13794.81,113305.5,1,103,10,0.17,11330.55,45.308,39.192,25.4,1
C-02660,Mountain Central,Outdoor Retail,Retail,10,12255.03,3096.5,12132.27,0,46,19,3.39,638.54,28.098,49.254,19.6,0
C-02661,Mountain North,Outfitter,Recreation Services,40,16683.57,7044.14,48156.82,0,61,11,6.41,4377.89,63.239,55.74,20.2,0
C-02662,Desert Southwest,School District,Public Sector,11,36814.78,19974.04,190234.32,2,37,25,6.17,7609.37,52.627,44.688,49.6,0
C-02663,Mountain Central,School District,Public Sector,28,42408.78,22266.65,228708.81,3,57,11,3.6,20791.71,38.044,96.669,44.2,0
C-02664,Mountain Central,Outfitter,Recreation Services,39,42061.88,19884.73,176224.82,1,22,17,2.87,10366.17,65.184,39.013,30.8,1
C-02665,Desert Southwest,Outdoor Retail,Retail,8,35818.57,16362.58,163178.67,2,18,18,3.61,9065.48,46.072,69.369,29.3,1
C-02666,Mountain North,Outdoor Retail,Retail,67,84901.5,49252.44,532954.96,3,190,21,4.0,25378.81,39.862,82.883,79.2,0
C-02667,Mountain Central,Outdoor Retail,Retail,14,59883.21,30507.22,245916.37,2,13,7,6.75,35130.91,49.899,43.756,38.3,0
C-02668,Mountain Central,School District,Public Sector,8,19122.57,4745.54,35322.22,0,34,4,0.86,8830.56,36.932,38.282,23.8,0
C-02669,Mountain North,School District,Public Sector,33,147197.56,102721.91,1244232.53,1,47,35,2.79,35549.5,24.06,41.003,124.2,0
C-02670,Desert Southwest,Outfitter,Recreation Services,55,36868.29,16985.38,153225.54,0,62,8,4.28,19153.19,39.53,36.28,33.8,0
C-02671,Desert Southwest,Outdoor Retail,Retail,36,40372.06,18956.02,178210.66,2,48,15,4.23,11880.71,57.217,76.304,38.6,1
C-02672,Mountain Central,Outdoor Retail,Retail,6,63084.91,37653.66,400833.68,2,46,23,5.03,17427.55,34.631,7.903,55.8,0
C-02673,Mountain North,Resort,Hospitality,22,59085.9,37552.54,316630.02,2,3,18,4.32,17590.56,47.802,3.655,44.2,0
C-02674,Desert Southwest,School District,Public Sector,43,33293.19,12386.99,91408.95,1,21,32,3.96,2856.53,66.613,97.411,33.3,0
C-02675,Desert Southwest,School District,Public Sector,49,126009.97,68050.43,907993.3,1,47,20,0.79,45399.67,53.208,22.773,85.2,0
C-02676,Mountain Central,Outfitter,Recreation Services,35,31309.75,12833.45,117927.13,1,35,14,4.08,8423.37,47.423,56.532,29.1,0
C-02677,Mountain Central,Outdoor Retail,Retail,18,13395.66,5215.54,26062.18,1,29,2,3.89,13031.09,18.916,34.399,25.0,0
C-02678,Mountain North,School District,Public Sector,13,24134.76,8081.62,64695.63,3,11,30,1.14,2156.52,32.493,62.056,34.3,0
C-02679,Mountain Central,Resort,Hospitality,34,30701.96,13352.25,78368.81,5,12,9,0.65,8707.65,58.442,56.593,47.7,0
C-02680,Desert Southwest,Outdoor Retail,Retail,17,52955.39,25396.77,228897.17,0,16,20,3.93,11444.86,43.4,64.902,33.9,0
C-02681,Mountain North,Outdoor Retail,Retail,12,66330.85,41932.09,460756.52,2,31,16,4.22,28797.28,51.968,72.885,53.2,0
C-02682,Mountain Central,Resort,Hospitality,2,64126.13,28101.0,238523.95,0,17,21,0.51,11358.28,50.114,7.62,54.2,0
C-02683,Mountain North,Outfitter,Recreation Services,72,49292.18,24457.64,233158.4,0,79,23,3.67,10137.32,36.556,71.599,31.4,0
C-02684,Mountain North,Outdoor Retail,Retail,33,48989.31,21821.6,240986.42,3,55,38,5.11,6341.75,49.935,19.058,39.9,0
C-02685,Mountain North,Outdoor Retail,Retail,48,51079.93,26993.55,291205.31,2,27,13,4.59,22400.41,64.905,53.322,40.7,0
C-02686,Mountain North,School District,Public Sector,25,27376.81,12225.16,88545.49,0,45,4,1.22,22136.37,61.184,62.865,51.1,0
C-02687,Mountain North,School District,Public Sector,63,23345.2,8874.78,54406.54,1,26,5,1.74,10881.31,58.865,25.85,28.6,0
C-02688,Desert Southwest,Outdoor Retail,Retail,16,30433.85,7802.5,60983.38,0,85,18,5.18,3387.97,39.648,66.252,23.7,0
C-02689,Mountain Central,School District,Public Sector,19,49883.01,29748.35,272570.69,4,23,18,2.81,15142.82,53.394,18.506,46.5,1
C-02690,Desert Southwest,School District,Public Sector,35,23690.18,10408.93,88629.94,0,28,8,2.82,11078.74,28.886,27.479,31.1,0
C-02691,Mountain Central,Outdoor Retail,Retail,43,7131.32,1335.6,2000.0,5,15,14,2.71,142.86,66.549,91.29,23.5,1
C-02692,Desert Southwest,Outdoor Retail,Retail,24,88670.73,52043.6,636379.9,3,23,25,4.89,25455.2,49.647,9.547,62.5,1
C-02693,Desert Southwest,Outdoor Retail,Retail,24,36527.55,21799.57,165303.54,6,7,15,4.79,11020.24,43.835,91.758,49.7,1
C-02694,Desert Southwest,School District,Public Sector,12,27636.7,11555.38,85827.07,0,90,6,1.31,14304.51,46.989,78.595,42.2,0
C-02695,Desert Southwest,Outfitter,Recreation Services,14,24592.41,11094.35,94673.53,1,23,7,6.75,13524.79,46.224,70.015,14.8,1
C-02696,Mountain North,Resort,Hospitality,9,49693.02,29530.71,292339.76,1,22,12,1.64,24361.65,7.539,44.507,45.4,0
C-02697,Mountain Central,Resort,Hospitality,40,16293.59,6550.14,54432.44,3,32,18,0.78,3024.02,55.763,49.316,26.6,0
C-02698,Mountain North,Outdoor Retail,Retail,48,25456.03,13456.66,121083.47,0,10,11,4.3,11007.59,66.865,11.042,27.5,0
C-02699,Mountain Central,Outfitter,Recreation Services,28,48689.33,29646.49,323843.42,1,16,28,6.52,11565.84,40.34,70.665,49.5,0
C-02700,Mountain Central,Outdoor Retail,Retail,15,15519.72,6440.83,38212.57,2,20,7,5.76,5458.94,52.216,48.733,23.1,1
C-02701,Mountain North,School District,Public Sector,55,24908.97,9771.5,64787.05,1,16,10,0.76,6478.71,30.472,30.045,27.4,0
C-02702,Mountain Central,Resort,Hospitality,37,9384.38,2447.35,7535.87,3,15,11,5.23,685.08,46.538,44.735,23.6,0
C-02703,Mountain Central,Resort,Hospitality,47,54227.19,33144.25,323089.32,4,43,21,1.02,15385.21,41.914,36.992,69.3,0
C-02704,Mountain Central,School District,Public Sector,22,7975.49,1869.19,4361.26,1,37,18,3.17,242.29,40.189,76.773,20.5,0
C-02705,Mountain Central,Outfitter,Recreation Services,23,37176.1,19270.78,163790.06,1,12,13,6.13,12599.24,54.413,50.586,17.3,0
C-02706,Mountain North,Resort,Hospitality,58,83880.99,56477.22,673240.64,3,6,29,3.9,23215.19,62.259,43.389,58.7,0
C-02707,Mountain Central,School District,Public Sector,4,22616.88,9490.65,65784.76,2,18,15,4.26,4385.65,76.289,37.827,43.4,0
C-02708,Desert Southwest,Resort,Hospitality,13,10335.42,3717.06,13666.26,1,27,8,3.85,1708.28,53.428,40.525,29.2,1
C-02709,Mountain North,Outdoor Retail,Retail,56,44896.2,21022.02,220788.55,1,22,20,3.71,11039.43,66.88,92.816,22.6,0
C-02710,Mountain Central,School District,Public Sector,22,27062.18,7824.19,47803.89,2,11,7,2.18,6829.13,37.209,69.213,32.4,0
C-02711,Mountain Central,Outdoor Retail,Retail,18,14724.88,3714.86,21878.77,2,5,13,4.88,1682.98,53.769,58.893,19.5,1
C-02712,Mountain Central,Outdoor Retail,Retail,16,24800.46,9734.71,64177.09,1,31,3,5.57,21392.36,31.703,68.439,16.1,1
C-02713,Mountain Central,Outdoor Retail,Retail,27,27538.71,11856.81,96277.0,2,9,18,4.37,5348.72,67.479,67.304,32.0,0
C-02714,Desert Southwest,Resort,Hospitality,60,63652.59,28169.85,246242.56,1,28,15,0.93,16416.17,73.877,98.141,45.1,0
C-02715,Mountain North,School District,Public Sector,19,35519.92,14825.01,105164.27,5,27,16,0.71,6572.77,37.699,88.941,47.1,0
C-02716,Desert Southwest,Outfitter,Recreation Services,13,8988.93,1687.97,5163.46,1,6,4,6.59,1290.86,55.828,88.643,12.1,0
C-02717,Mountain North,Resort,Hospitality,29,67658.81,33798.64,404061.4,2,49,12,6.47,33671.78,19.62,18.163,58.8,1
C-02718,Mountain Central,Outfitter,Recreation Services,13,25189.51,12612.02,104273.09,4,12,6,3.95,17378.85,53.279,14.068,38.7,1
C-02719,Mountain Central,Resort,Hospitality,27,23663.83,6325.24,38734.16,1,61,9,2.72,4303.8,37.14,69.372,23.5,0
C-02720,Desert Southwest,School District,Public Sector,8,21063.2,5661.74,29468.25,2,41,5,0.0,5893.65,53.375,63.724,38.7,0
C-02721,Mountain Central,School District,Public Sector,47,47132.5,14997.38,111126.25,2,77,19,0.0,5848.75,46.736,33.591,40.3,0
C-02722,Mountain Central,Outdoor Retail,Retail,35,34760.95,11773.42,97205.62,2,53,12,3.08,8100.47,23.994,42.674,30.5,1
C-02723,Mountain Central,Outfitter,Recreation Services,51,52476.81,21429.01,180182.3,2,61,19,4.46,9483.28,74.525,47.812,34.9,0
C-02724,Mountain Central,Outfitter,Recreation Services,55,38065.56,16865.07,137299.01,0,22,6,5.41,22883.17,56.57,24.004,20.0,0
C-02725,Mountain North,School District,Public Sector,49,83799.78,47579.23,500557.82,3,2,29,1.3,17260.61,31.476,84.496,71.7,1
C-02726,Mountain North,Outdoor Retail,Retail,15,35359.75,21034.62,186522.5,3,12,13,3.76,14347.88,28.167,65.968,37.8,1
C-02727,Mountain North,Outdoor Retail,Retail,36,7796.55,2015.34,10314.67,2,40,11,6.85,937.7,53.754,8.355,24.9,1
C-02728,Desert Southwest,Resort,Hospitality,13,60913.34,36553.96,391632.95,3,56,25,3.46,15665.32,38.175,13.91,57.6,0
C-02729,Mountain North,School District,Public Sector,10,45891.66,23298.5,226780.52,0,24,11,0.0,20616.41,53.313,43.251,46.1,0
C-02730,Mountain Central,Outfitter,Recreation Services,10,34478.55,14384.61,141061.79,0,31,28,4.09,5037.92,44.598,37.141,17.2,0
C-02731,Mountain North,Outfitter,Recreation Services,19,21943.09,7419.18,51442.22,1,45,11,5.17,4676.57,45.001,74.655,16.5,0
C-02732,Mountain Central,Outdoor Retail,Retail,19,53286.22,33785.21,306436.73,5,33,14,3.72,21888.34,47.226,48.137,64.7,0
C-02733,Mountain Central,School District,Public Sector,17,13789.17,5111.74,21251.75,0,8,13,2.73,1634.75,47.232,60.342,25.7,0
C-02734,Desert Southwest,Outdoor Retail,Retail,9,25693.08,12163.67,96454.27,4,16,12,3.62,8037.86,66.986,39.122,42.3,1
C-02735,Mountain Central,Outdoor Retail,Retail,12,12126.6,3291.01,11424.51,0,19,6,2.69,1904.08,53.472,89.089,19.9,0
C-02736,Mountain Central,Resort,Hospitality,37,58445.06,33764.59,335676.48,3,33,19,1.81,17667.18,52.857,30.283,45.7,0
C-02737,Mountain North,Resort,Hospitality,30,29349.56,9615.4,55813.29,1,54,10,5.45,5581.33,38.653,32.019,31.3,1
C-02738,Mountain Central,Outfitter,Recreation Services,14,36467.49,16893.6,152357.08,2,19,18,4.64,8464.28,21.784,68.349,35.6,1
C-02739,Desert Southwest,Outfitter,Recreation Services,28,31420.44,12292.71,88387.7,0,26,11,6.21,8035.25,35.989,50.387,13.5,0
C-02740,Desert Southwest,Outdoor Retail,Retail,34,27171.68,9451.17,75851.88,4,33,16,3.28,4740.74,42.732,15.664,35.6,1
C-02741,Mountain Central,School District,Public Sector,58,14316.41,4905.33,23072.78,1,8,3,4.61,7690.93,48.377,87.219,33.8,0
C-02742,Mountain Central,Outdoor Retail,Retail,48,25595.69,9307.61,73597.53,3,13,12,2.82,6133.13,51.914,39.573,31.4,0
C-02743,Desert Southwest,School District,Public Sector,68,75311.43,54574.55,654258.32,2,66,19,0.16,34434.65,69.596,19.459,87.8,0
C-02744,Mountain North,Outdoor Retail,Retail,17,23631.05,8945.95,52644.86,0,59,6,7.58,8774.14,47.06,84.736,23.5,0
C-02745,Desert Southwest,Outdoor Retail,Retail,17,23129.34,11749.65,78369.97,2,14,15,3.02,5224.66,40.578,14.744,32.4,0
C-02746,Mountain Central,Outdoor Retail,Retail,54,20637.01,9016.66,40097.53,2,38,16,2.76,2506.1,38.952,64.619,28.1,0
C-02747,Mountain Central,School District,Public Sector,79,65830.16,30789.88,331192.42,0,2,41,1.66,8077.86,37.479,16.571,46.8,0
C-02748,Mountain North,Outdoor Retail,Retail,33,105751.14,71282.93,839337.62,2,23,34,6.71,24686.4,55.221,28.606,73.8,1
C-02749,Mountain Central,Outdoor Retail,Retail,63,94456.36,48759.12,535845.62,3,2,13,4.74,41218.89,48.021,40.781,68.5,1
C-02750,Mountain Central,Outdoor Retail,Retail,27,16160.75,3230.25,24755.13,0,61,10,7.24,2475.51,47.281,91.849,23.4,0
C-02751,Mountain North,Resort,Hospitality,43,34299.08,14174.86,120192.76,3,36,8,1.26,15024.1,43.271,0.206,35.3,1
C-02752,Desert Southwest,School District,Public Sector,15,39872.26,21383.89,196472.48,1,41,16,3.5,12279.53,71.73,13.658,38.8,0
C-02753,Mountain North,Resort,Hospitality,73,22979.37,7578.48,51708.7,0,28,7,2.03,7386.96,46.86,54.307,24.7,0
C-02754,Mountain Central,School District,Public Sector,24,47400.06,22349.49,209852.48,1,143,11,2.11,19077.5,58.411,66.971,39.9,0
C-02755,Mountain North,School District,Public Sector,9,43457.28,19228.03,207739.18,1,76,18,2.69,11541.07,43.842,50.651,38.0,0
C-02756,Mountain North,Outdoor Retail,Retail,56,22176.32,9981.21,48636.16,0,66,10,5.26,4863.62,52.881,25.825,21.3,0
C-02757,Mountain Central,Resort,Hospitality,58,59967.56,31953.08,314330.83,2,24,13,3.35,24179.29,42.262,66.99,48.3,1
C-02758,Mountain Central,School District,Public Sector,20,49731.23,25131.36,229585.92,0,43,18,2.18,12754.77,47.72,85.51,43.9,0
C-02759,Mountain North,School District,Public Sector,5,30459.22,14963.54,126154.3,5,7,17,3.1,7420.84,8.936,1.037,56.0,0
C-02760,Desert Southwest,Outdoor Retail,Retail,16,37254.47,20489.16,150416.42,4,33,15,0.7,10027.76,70.227,42.453,46.2,0
C-02761,Desert Southwest,School District,Public Sector,22,28318.51,11802.91,93910.96,4,45,9,2.28,10434.55,42.88,92.64,55.9,0
C-02762,Desert Southwest,Outdoor Retail,Retail,40,35945.23,15273.53,129978.33,1,6,10,3.51,12997.83,33.516,72.137,34.2,0
C-02763,Desert Southwest,Outdoor Retail,Retail,61,41531.96,19604.87,160535.52,3,82,14,2.16,11466.82,33.311,37.515,36.2,0
C-02764,Mountain Central,Outdoor Retail,Retail,18,33802.64,18896.3,163402.66,2,32,8,4.45,20425.33,44.209,98.755,40.7,0
C-02765,Mountain Central,School District,Public Sector,31,21301.62,5772.73,40189.29,1,73,11,1.16,3653.57,38.568,35.511,25.0,0
C-02766,Mountain North,School District,Public Sector,7,12053.53,3848.11,23026.29,1,30,13,5.75,1771.25,33.414,14.908,21.3,0
C-02767,Mountain Central,Outdoor Retail,Retail,11,33872.4,15153.51,105256.27,1,15,12,2.81,8771.36,29.173,86.807,36.1,0
C-02768,Mountain Central,Outdoor Retail,Retail,46,54395.51,25391.92,217402.68,0,76,12,4.64,18116.89,61.039,28.721,35.4,0
C-02769,Mountain Central,Outdoor Retail,Retail,15,27913.21,11863.93,102677.57,4,42,6,2.91,17112.93,82.059,57.471,38.8,0
C-02770,Mountain Central,School District,Public Sector,21,22586.63,7578.69,53705.36,2,86,15,0.32,3580.36,25.156,44.846,34.7,0
C-02771,Mountain North,School District,Public Sector,20,75954.32,44284.36,475661.92,1,3,15,0.0,31710.79,81.211,19.098,71.0,0
C-02772,Mountain Central,School District,Public Sector,41,18397.32,7800.18,49434.13,2,30,9,1.17,5492.68,41.594,63.301,37.1,0
C-02773,Desert Southwest,Outdoor Retail,Retail,12,14303.47,3018.5,11037.8,1,31,7,3.29,1576.83,45.594,14.326,20.7,0
C-02774,Desert Southwest,Outfitter,Recreation Services,24,34810.16,16305.85,141489.32,1,15,10,7.29,14148.93,34.806,31.76,26.7,0
C-02775,Mountain Central,Outdoor Retail,Retail,54,117289.54,60163.82,669357.38,4,43,18,1.46,37186.52,30.804,39.132,74.0,0
C-02776,Mountain North,School District,Public Sector,12,17397.23,7218.98,43042.81,3,49,9,3.59,4782.53,49.182,9.862,44.7,0
C-02777,Mountain North,Outdoor Retail,Retail,8,27939.55,7737.52,47902.69,3,40,12,2.96,3991.89,65.32,75.489,46.3,1
C-02778,Mountain North,Outfitter,Recreation Services,24,14706.69,4664.23,29499.42,4,13,11,4.72,2681.77,39.428,33.43,23.9,0
C-02779,Desert Southwest,Outdoor Retail,Retail,3,16253.43,4429.22,22386.22,0,43,20,6.74,1119.31,48.593,23.691,24.8,0
C-02780,Desert Southwest,School District,Public Sector,4,36984.01,14909.96,103008.51,0,33,14,1.23,7357.75,57.063,83.715,39.7,0
C-02781,Mountain North,Outdoor Retail,Retail,49,27841.46,9525.99,57307.4,1,20,5,4.3,11461.48,35.972,61.827,31.2,1
C-02782,Mountain North,Outdoor Retail,Retail,26,23764.88,8752.21,52868.9,0,54,14,3.35,3776.35,66.677,17.529,23.3,0
C-02783,Mountain North,School District,Public Sector,14,65227.34,29005.42,332418.75,1,34,17,1.72,19554.04,61.49,38.39,69.1,0
C-02784,Desert Southwest,School District,Public Sector,13,22020.23,6489.26,37634.55,3,9,10,3.94,3763.46,60.309,73.248,35.1,0
C-02785,Mountain North,School District,Public Sector,17,39225.69,21070.88,192362.68,1,49,23,0.0,8363.59,74.203,62.224,40.5,0
C-02786,Mountain Central,Resort,Hospitality,37,9985.74,3327.8,18892.87,1,27,7,4.02,2698.98,45.664,15.643,26.3,0
C-02787,Mountain Central,School District,Public Sector,58,91731.09,49338.51,571927.38,4,24,19,2.86,30101.44,60.536,68.915,92.5,0
C-02788,Desert Southwest,Outfitter,Recreation Services,6,40742.12,20171.56,166764.57,0,43,23,0.0,7250.63,64.537,75.443,37.1,0
C-02789,Mountain North,School District,Public Sector,29,19821.95,8424.5,55785.72,1,87,16,5.79,3486.61,47.788,72.195,28.5,0
C-02790,Mountain Central,Outdoor Retail,Retail,19,24933.93,8757.09,65272.25,0,33,8,3.72,8159.03,70.682,88.299,11.5,0
C-02791,Mountain Central,Outdoor Retail,Retail,8,43310.72,14999.94,111168.22,5,20,15,2.41,7411.21,62.703,47.626,43.4,1
C-02792,Mountain Central,Outdoor Retail,Retail,43,44857.24,23010.44,180031.66,0,34,23,3.58,7827.46,85.808,99.377,24.0,0
C-02793,Mountain North,Outfitter,Recreation Services,63,32831.25,16195.22,147274.23,0,101,20,6.46,7363.71,58.71,94.602,32.8,1
C-02794,Mountain Central,Resort,Hospitality,70,25587.91,12183.18,83947.2,1,92,17,6.27,4938.07,62.866,96.054,19.2,0
C-02795,Mountain North,Outdoor Retail,Retail,41,22809.72,11683.58,85253.83,2,66,28,0.15,3044.78,26.51,15.128,37.3,0
C-02796,Mountain Central,School District,Public Sector,12,23543.74,8451.68,63426.61,4,87,14,5.22,4530.47,51.806,92.789,43.6,1
C-02797,Mountain North,Outfitter,Recreation Services,32,41362.01,17078.24,154953.86,0,24,27,2.67,5739.03,22.615,87.672,30.2,0
C-02798,Mountain Central,Outfitter,Recreation Services,14,39893.15,23530.94,223610.85,4,8,19,4.49,11768.99,62.157,43.202,51.1,1
C-02799,Desert Southwest,Resort,Hospitality,36,78177.93,49647.45,572733.16,1,39,22,2.94,26033.33,55.669,77.48,55.3,0
C-02800,Mountain Central,Resort,Hospitality,21,37583.51,17843.57,160564.1,2,5,9,3.15,17840.46,52.383,38.28,26.5,0
C-02801,Mountain North,Resort,Hospitality,23,50295.55,26575.19,237103.37,3,27,10,4.31,23710.34,54.104,67.353,42.0,0
C-02802,Mountain Central,Resort,Hospitality,41,37248.07,14676.06,112206.98,0,8,8,1.6,14025.87,54.466,40.24,33.6,0
C-02803,Mountain Central,Resort,Hospitality,7,18991.05,6393.59,41096.79,1,28,10,3.73,4109.68,53.748,57.649,23.2,0
C-02804,Desert Southwest,Outfitter,Recreation Services,11,25525.73,9650.46,66348.77,1,18,24,6.57,2764.53,59.907,61.249,27.6,1
C-02805,Desert Southwest,Outdoor Retail,Retail,50,86863.27,50181.87,562661.21,0,33,32,3.93,17583.16,27.127,18.59,48.2,0
C-02806,Mountain Central,Outfitter,Recreation Services,9,32455.22,17825.58,166516.01,0,34,24,4.33,6938.17,54.207,85.692,22.5,0
C-02807,Mountain Central,School District,Public Sector,24,25255.39,8787.36,75854.14,5,15,13,4.27,5834.93,66.645,82.246,39.4,0
C-02808,Mountain Central,Outdoor Retail,Retail,37,24660.43,10734.32,73918.52,2,14,18,4.32,4106.58,55.386,58.207,28.0,0
C-02809,Mountain Central,Resort,Hospitality,49,15644.87,4198.92,24303.45,2,84,6,2.65,4050.57,39.229,11.581,36.4,0
C-02810,Mountain North,Outdoor Retail,Retail,76,70336.18,35355.56,380275.9,3,40,26,4.46,14626.0,44.422,90.395,59.6,0
C-02811,Mountain Central,School District,Public Sector,30,24338.62,10590.19,84351.79,0,12,9,1.42,9372.42,48.919,97.129,29.9,0
C-02812,Mountain North,Outdoor Retail,Retail,11,51948.35,22918.98,220518.57,2,23,27,6.83,8167.35,39.66,98.127,32.1,0
C-02813,Mountain Central,Outfitter,Recreation Services,17,57649.76,31292.47,327048.4,2,21,12,2.76,27254.03,60.642,13.73,42.6,0
C-02814,Mountain Central,Outdoor Retail,Retail,26,44276.07,26493.75,251932.31,1,7,10,5.39,25193.23,60.982,19.472,41.4,0
C-02815,Mountain North,Resort,Hospitality,5,37640.64,12951.33,76127.09,0,49,7,0.64,10875.3,32.836,40.875,34.1,0
C-02816,Mountain Central,Outdoor Retail,Retail,28,17772.09,5271.42,32967.02,3,12,12,5.23,2747.25,47.441,5.389,14.1,0
C-02817,Mountain North,Resort,Hospitality,17,55647.78,24908.67,209438.62,0,22,13,0.72,16110.66,42.897,18.152,39.6,0
C-02818,Mountain Central,School District,Public Sector,16,54347.98,31186.93,257300.53,1,31,9,0.89,28588.95,83.677,0.842,68.4,0
C-02819,Mountain North,School District,Public Sector,50,50133.11,18080.04,122760.2,2,27,15,1.59,8184.01,47.789,13.722,52.5,0
C-02820,Mountain North,Outdoor Retail,Retail,49,15791.49,5478.68,34761.14,1,17,15,4.82,2317.41,49.029,6.202,12.5,0
C-02821,Desert Southwest,Outdoor Retail,Retail,7,18633.5,6584.19,36873.99,2,18,12,4.52,3072.83,54.092,75.083,34.3,0
C-02822,Mountain North,Outfitter,Recreation Services,58,8206.01,2638.92,10891.96,0,51,11,4.41,990.18,56.876,80.994,19.9,0
C-02823,Mountain North,Outdoor Retail,Retail,94,78760.02,48649.13,554788.51,1,9,18,3.63,30821.58,61.686,31.359,55.2,0
C-02824,Mountain Central,School District,Public Sector,33,23982.77,8588.8,69019.39,2,49,2,2.28,34509.7,36.814,67.929,33.8,0
C-02825,Mountain North,Outdoor Retail,Retail,23,18607.84,7975.7,49290.65,2,26,7,5.26,7041.52,62.042,21.035,30.3,0
C-02826,Mountain Central,School District,Public Sector,1,25688.72,10270.96,50399.24,1,104,13,1.02,3876.86,39.819,68.267,47.1,0
C-02827,Mountain North,Resort,Hospitality,7,44849.03,14991.0,133047.61,0,6,7,2.0,19006.8,46.044,98.077,20.3,0
C-02828,Mountain Central,Outdoor Retail,Retail,26,15167.34,5467.74,20588.6,0,13,9,5.48,2287.62,51.224,86.856,12.4,0
C-02829,Mountain Central,Resort,Hospitality,64,48524.63,27938.29,245967.72,1,31,22,3.4,11180.35,48.159,72.705,43.9,0
C-02830,Mountain Central,Outfitter,Recreation Services,6,41140.68,17470.31,157183.43,2,29,9,4.75,17464.83,29.666,14.974,27.0,0
C-02831,Mountain North,School District,Public Sector,12,30938.07,16769.92,134335.65,3,35,26,3.72,5166.76,53.891,10.6,43.5,0
C-02832,Desert Southwest,School District,Public Sector,37,21254.43,5893.51,46792.71,2,3,10,4.03,4679.27,73.795,74.051,34.5,0
C-02833,Mountain Central,Resort,Hospitality,37,32243.58,18695.22,198596.44,2,32,12,1.85,16549.7,56.706,52.993,44.9,0
C-02834,Mountain Central,Resort,Hospitality,9,41427.83,19912.92,166562.9,1,22,23,1.24,7241.87,72.917,32.913,46.1,0
C-02835,Mountain North,School District,Public Sector,8,86111.23,51344.9,577137.46,1,16,20,0.0,28856.87,72.302,19.988,84.2,0
C-02836,Mountain Central,Outfitter,Recreation Services,47,23005.87,8576.46,64742.01,1,19,22,5.73,2942.82,110.131,34.293,23.0,0
C-02837,Mountain North,Outdoor Retail,Retail,9,23822.37,9205.58,63473.9,1,133,10,4.38,6347.39,54.387,44.491,21.9,0
C-02838,Mountain Central,Resort,Hospitality,66,24144.18,8515.46,47128.71,2,42,25,4.49,1885.15,53.227,91.971,25.3,0
C-02839,Mountain Central,Outdoor Retail,Retail,45,14968.58,4434.27,28108.67,3,39,4,4.71,7027.17,48.857,53.715,34.1,1
C-02840,Mountain Central,Outdoor Retail,Retail,19,34351.94,12676.29,91544.24,1,35,16,2.93,5721.52,29.333,99.345,32.8,0
C-02841,Mountain North,Resort,Hospitality,13,64745.45,39560.11,414759.13,0,12,23,2.98,18033.01,69.77,91.578,48.5,1
C-02842,Mountain North,Outfitter,Recreation Services,37,11091.85,3517.89,17213.32,1,88,8,1.26,2151.67,74.499,65.74,28.8,0
C-02843,Mountain North,Outdoor Retail,Retail,20,41537.29,26301.3,255144.73,0,41,11,1.03,23194.98,60.086,99.87,29.4,0
C-02844,Mountain Central,Outfitter,Recreation Services,13,46685.25,19022.74,168349.46,3,24,12,2.58,14029.12,49.715,9.403,25.6,1
C-02845,Desert Southwest,Outdoor Retail,Retail,28,56449.65,33093.73,369285.34,3,9,15,5.96,24619.02,55.862,48.575,56.5,1
C-02846,Mountain North,Resort,Hospitality,1,22978.16,12541.6,98899.18,2,9,9,2.68,10988.8,54.724,5.675,43.9,0
C-02847,Desert Southwest,Outdoor Retail,Retail,24,24447.76,6031.43,37265.03,1,38,14,5.47,2661.79,38.425,56.611,25.0,1
C-02848,Mountain North,Outdoor Retail,Retail,8,26859.85,9431.06,65795.81,2,85,5,5.36,13159.16,69.917,56.177,27.2,0
C-02849,Mountain North,Outdoor Retail,Retail,9,22835.13,7662.02,40349.75,2,19,9,1.42,4483.31,64.206,61.617,25.9,0
C-02850,Desert Southwest,Outdoor Retail,Retail,30,38020.14,15314.9,105311.73,2,77,5,2.04,21062.35,57.67,6.052,35.0,0
C-02851,Mountain North,School District,Public Sector,12,21648.95,8319.21,68324.66,1,33,12,0.0,5693.72,43.226,70.485,38.2,0
C-02852,Mountain Central,Outdoor Retail,Retail,26,41046.75,18872.85,173319.35,6,14,7,5.08,24759.91,71.988,41.419,39.0,0
C-02853,Desert Southwest,Outdoor Retail,Retail,23,45853.21,19735.89,181171.36,1,38,19,2.73,9535.33,33.247,85.759,40.0,0
C-02854,Mountain Central,School District,Public Sector,26,14134.36,4001.59,25995.89,0,52,22,0.74,1181.63,48.193,65.943,23.4,0
C-02855,Mountain Central,Outfitter,Recreation Services,23,62407.77,31840.26,318989.05,2,23,26,5.45,12268.81,31.587,99.803,39.6,1
C-02856,Mountain North,Outdoor Retail,Retail,14,21886.4,10573.04,64517.4,0,53,6,6.5,10752.9,41.659,75.177,15.7,1
C-02857,Desert Southwest,Outfitter,Recreation Services,21,11739.8,3460.08,14303.81,2,13,8,6.09,1787.98,40.457,8.593,21.3,0
C-02858,Mountain North,Outdoor Retail,Retail,37,18950.23,9011.54,60023.68,1,12,11,5.84,5456.7,74.364,59.89,25.5,0
C-02859,Mountain Central,Outdoor Retail,Retail,19,30132.52,14652.99,100387.12,2,30,15,4.34,6692.47,62.083,1.79,39.6,0
C-02860,Mountain North,School District,Public Sector,77,15381.95,6190.91,30237.27,1,9,15,2.43,2015.82,48.8,47.954,21.2,0
C-02861,Mountain Central,Outdoor Retail,Retail,14,26273.57,7558.48,47307.78,2,23,22,6.64,2150.35,63.349,54.868,21.9,0
C-02862,Mountain North,Outdoor Retail,Retail,58,40662.6,22448.23,188379.94,2,17,9,5.17,20931.1,46.188,92.073,33.7,0
C-02863,Mountain Central,Resort,Hospitality,26,24922.92,10316.17,85282.8,3,68,17,0.0,5016.64,80.891,41.144,31.8,1
C-02864,Mountain Central,Outdoor Retail,Retail,15,26210.87,10710.79,72056.62,2,27,25,3.3,2882.26,52.987,38.457,34.3,0
C-02865,Mountain North,Outdoor Retail,Retail,31,75176.12,41581.91,430743.64,1,13,24,4.59,17947.65,71.048,37.951,65.4,1
C-02866,Mountain Central,Outfitter,Recreation Services,51,66302.1,44007.36,453800.41,3,2,12,5.53,37816.7,42.929,73.794,74.1,1
C-02867,Mountain Central,Outdoor Retail,Retail,12,72160.24,45162.08,526395.65,5,7,16,5.0,32899.73,19.483,9.314,60.1,1
C-02868,Mountain North,Outfitter,Recreation Services,39,12531.52,5220.29,24594.41,1,53,36,5.6,683.18,34.347,0.631,15.4,0
C-02869,Mountain Central,Outfitter,Recreation Services,46,18053.82,7564.73,41558.35,3,33,10,5.49,4155.84,79.834,41.314,25.7,0
C-02870,Desert Southwest,Resort,Hospitality,27,18355.16,5392.27,32744.82,3,8,8,1.22,4093.1,60.305,31.256,23.8,0
C-02871,Mountain Central,Outdoor Retail,Retail,29,38230.69,15076.62,144696.94,1,8,6,1.11,24116.16,58.454,6.679,38.4,0
C-02872,Mountain North,Outfitter,Recreation Services,41,23838.55,10398.63,84409.33,3,55,11,3.84,7673.58,29.059,70.038,20.9,1
C-02873,Mountain Central,School District,Public Sector,15,33137.82,14710.42,128523.2,1,18,13,2.54,9886.4,60.863,19.689,32.6,0
C-02874,Desert Southwest,School District,Public Sector,5,21070.02,6936.25,45744.68,0,94,14,0.0,3267.48,52.73,24.11,38.4,0
C-02875,Mountain Central,Outdoor Retail,Retail,26,37177.82,19889.16,159730.29,4,57,16,3.0,9983.14,68.116,37.062,37.1,1
C-02876,Mountain Central,Outdoor Retail,Retail,20,67248.28,39799.58,439222.21,2,22,25,3.6,17568.89,40.649,60.811,50.6,0
C-02877,Mountain North,Outdoor Retail,Retail,56,22806.8,12853.99,92125.43,1,52,9,4.83,10236.16,58.398,80.913,39.4,0
C-02878,Mountain North,Outdoor Retail,Retail,49,60774.38,32555.52,316295.96,3,25,9,4.96,35144.0,61.886,66.437,44.5,0
C-02879,Mountain Central,School District,Public Sector,22,37494.13,17429.72,155953.69,2,44,10,2.37,15595.37,54.796,56.074,38.5,0
C-02880,Mountain Central,Outdoor Retail,Retail,43,60148.15,36225.78,336257.31,2,13,26,1.84,12932.97,58.868,67.318,55.8,0
C-02881,Mountain Central,School District,Public Sector,43,19777.36,7746.6,59271.2,2,26,10,2.71,5927.12,41.051,38.789,33.4,0
C-02882,Mountain Central,Outdoor Retail,Retail,13,16295.91,4026.16,17478.12,0,78,25,4.71,699.12,58.697,99.44,17.4,0
C-02883,Desert Southwest,School District,Public Sector,36,42528.99,19526.26,174233.28,3,37,11,3.35,15839.39,50.574,43.47,54.4,0
C-02884,Mountain Central,Outdoor Retail,Retail,15,21466.58,7960.66,62639.93,1,33,14,7.81,4474.28,46.586,21.906,24.7,0
C-02885,Mountain North,Outfitter,Recreation Services,70,19423.15,4940.3,26649.77,0,11,18,1.36,1480.54,56.12,60.501,16.9,0
C-02886,Mountain North,Resort,Hospitality,16,42157.71,22159.57,192007.69,1,101,17,3.57,11294.57,32.864,65.196,42.4,0
C-02887,Mountain Central,Outdoor Retail,Retail,31,31846.17,16629.24,127705.77,3,50,8,5.46,15963.22,31.669,13.721,40.1,1
C-02888,Mountain North,Outdoor Retail,Retail,21,13537.44,4234.04,13077.93,3,27,4,4.18,3269.48,33.525,16.249,40.3,0
C-02889,Mountain North,Resort,Hospitality,32,36284.39,19171.21,192991.23,1,38,26,1.35,7422.74,48.728,90.207,48.6,0
C-02890,Mountain Central,Outdoor Retail,Retail,78,134289.16,87409.4,1020737.04,1,11,27,3.05,37805.08,54.617,85.068,94.3,0
C-02891,Mountain North,School District,Public Sector,11,145049.29,91205.4,1303048.97,2,12,38,2.11,34290.76,37.89,49.903,100.3,0
C-02892,Mountain North,Outfitter,Recreation Services,6,18476.38,5774.93,26929.99,0,49,14,4.32,1923.57,15.143,51.52,13.9,0
C-02893,Desert Southwest,Outdoor Retail,Retail,14,13950.1,4786.03,27859.65,1,21,11,2.6,2532.7,31.439,60.299,17.9,0
C-02894,Mountain Central,Outfitter,Recreation Services,15,13488.11,3738.66,16684.58,1,21,17,4.73,981.45,87.463,74.871,26.3,1
C-02895,Mountain Central,Outfitter,Recreation Services,23,19724.85,10560.62,74486.52,1,73,8,5.02,9310.82,18.131,12.62,25.0,1
C-02896,Mountain Central,Outfitter,Recreation Services,64,35328.93,16693.98,138374.44,2,14,18,4.59,7687.47,38.475,35.465,26.8,0
C-02897,Mountain North,Resort,Hospitality,18,10272.09,1714.6,4917.23,1,129,5,2.63,983.45,23.667,92.183,15.0,0
C-02898,Desert Southwest,Outdoor Retail,Retail,8,25494.78,9501.03,68798.81,2,50,18,5.62,3822.16,52.776,89.07,33.6,1
C-02899,Desert Southwest,Outdoor Retail,Retail,19,24782.42,11163.01,70523.36,4,73,15,5.23,4701.56,63.317,45.531,35.5,0
C-02900,Desert Southwest,Outdoor Retail,Retail,45,25001.63,9040.74,62501.49,0,15,25,1.74,2500.06,49.519,90.093,25.5,0
C-02901,Mountain North,Outfitter,Recreation Services,35,14040.29,4126.16,17528.79,1,47,17,6.35,1031.11,21.203,92.443,16.6,0
C-02902,Desert Southwest,Outdoor Retail,Retail,48,72799.64,54505.4,538381.49,1,27,17,3.17,31669.5,25.244,7.427,62.3,0
C-02903,Mountain Central,Resort,Hospitality,48,61733.13,24630.19,251362.81,2,10,7,0.0,35908.97,16.132,36.989,42.4,1
C-02904,Mountain Central,Outfitter,Recreation Services,10,17752.59,8131.56,47137.7,1,40,8,3.28,5892.21,28.602,34.58,29.4,0
C-02905,Mountain Central,Outdoor Retail,Retail,95,103951.48,58195.05,770862.27,0,75,27,3.03,28550.45,46.134,44.086,68.2,0
C-02906,Mountain Central,Outdoor Retail,Retail,42,17851.77,4787.22,22516.41,4,16,11,3.91,2046.95,40.418,21.914,37.6,0
C-02907,Mountain North,School District,Public Sector,54,38704.84,15633.73,116215.01,1,36,21,1.67,5534.05,57.839,91.654,38.0,0
C-02908,Mountain North,School District,Public Sector,33,32942.91,12155.68,94134.1,3,28,8,2.37,11766.76,40.501,82.177,48.6,1
C-02909,Desert Southwest,School District,Public Sector,11,75613.13,42595.75,513545.61,1,13,25,2.9,20541.82,46.767,71.016,57.3,0
C-02910,Mountain Central,Resort,Hospitality,1,60350.81,37667.92,438318.29,3,61,20,3.64,21915.91,55.244,80.411,59.7,0
C-02911,Mountain Central,Outfitter,Recreation Services,10,51780.33,32231.62,326757.9,3,14,21,4.53,15559.9,50.998,7.252,56.0,1
C-02912,Desert Southwest,Outdoor Retail,Retail,1,29713.45,12429.2,102685.22,2,22,20,5.75,5134.26,54.83,33.56,38.9,0
C-02913,Desert Southwest,Outdoor Retail,Retail,7,76294.15,41047.88,408154.11,0,21,29,6.89,14074.28,28.763,42.096,38.1,1
C-02914,Mountain North,Outfitter,Recreation Services,73,50430.38,28209.7,215419.39,3,12,29,5.87,7428.25,84.711,40.136,41.7,0
C-02915,Mountain North,Outdoor Retail,Retail,13,28869.79,11742.84,88295.05,3,45,6,2.93,14715.84,49.699,47.843,41.9,0
C-02916,Desert Southwest,Outdoor Retail,Retail,5,22741.09,6794.01,44432.38,1,53,5,3.93,8886.48,72.57,0.148,35.2,1
C-02917,Mountain North,Outdoor Retail,Retail,26,34669.23,18784.21,159313.75,3,43,23,4.62,6926.68,26.408,36.204,38.3,1
C-02918,Mountain Central,Outfitter,Recreation Services,42,20712.31,6011.47,44628.38,0,29,18,8.04,2479.35,17.762,71.341,8.6,0
C-02919,Mountain Central,Outdoor Retail,Retail,8,12218.89,2677.46,13683.24,4,31,10,2.6,1368.32,36.629,90.147,27.4,0
C-02920,Desert Southwest,School District,Public Sector,39,50357.87,23787.48,250009.54,2,44,21,2.8,11905.22,41.915,48.156,49.7,0
C-02921,Mountain Central,School District,Public Sector,44,110398.01,63946.48,715313.94,1,55,28,0.93,25546.93,70.389,24.703,79.4,0
C-02922,Mountain Central,Outdoor Retail,Retail,26,39176.48,18914.64,171056.72,0,17,11,4.33,15550.61,48.996,65.06,29.5,0
C-02923,Mountain Central,Outfitter,Recreation Services,23,14616.95,4136.7,20797.87,0,40,12,0.89,1733.16,54.896,92.597,24.9,0
C-02924,Mountain Central,Outdoor Retail,Retail,42,28019.22,8667.25,62318.06,2,40,12,5.89,5193.17,52.374,6.543,25.0,0
C-02925,Mountain Central,Outdoor Retail,Retail,17,21456.36,7558.1,34167.02,1,44,13,4.77,2628.23,21.602,56.812,22.0,0
C-02926,Mountain North,Outdoor Retail,Retail,29,16423.78,4043.76,24789.32,4,38,13,5.38,1906.87,73.806,0.931,30.1,0
C-02927,Mountain Central,Outdoor Retail,Retail,29,110540.6,66097.05,760997.6,3,68,27,4.16,28185.1,60.876,31.129,78.3,1
C-02928,Mountain Central,Outdoor Retail,Retail,8,17835.67,5170.43,26236.28,2,5,15,5.82,1749.09,49.271,12.029,23.9,0
C-02929,Mountain North,Outdoor Retail,Retail,16,22013.9,7875.43,50148.42,1,23,20,3.96,2507.42,54.111,73.647,13.5,0
C-02930,Desert Southwest,Outdoor Retail,Retail,10,37668.19,17395.68,151433.7,1,12,28,3.12,5408.35,9.837,34.666,31.8,0
C-02931,Mountain Central,Resort,Hospitality,43,31168.93,15264.33,112476.83,1,34,6,4.99,18746.14,83.454,1.465,40.5,1
C-02932,Mountain North,Outdoor Retail,Retail,29,63510.59,41541.7,467935.44,0,25,35,3.17,13369.58,46.729,86.848,41.7,0
C-02933,Mountain North,Resort,Hospitality,23,16230.37,6376.9,22695.61,2,4,23,4.8,986.77,32.792,90.077,21.9,1
C-02934,Mountain Central,Outfitter,Recreation Services,28,33235.22,11644.25,80100.38,1,32,10,3.52,8010.04,42.833,28.335,21.9,0
C-02935,Desert Southwest,School District,Public Sector,12,29708.11,11514.35,80628.7,1,15,14,1.77,5759.19,29.804,16.611,29.0,0
C-02936,Mountain North,Outdoor Retail,Retail,21,12067.34,3092.99,15158.16,0,6,17,5.71,891.66,77.598,17.751,17.7,0
C-02937,Mountain Central,Outdoor Retail,Retail,103,42329.04,18814.09,163921.77,1,33,6,4.92,27320.3,39.641,12.24,35.3,0
C-02938,Mountain North,School District,Public Sector,35,39764.82,16943.27,108164.14,2,51,18,4.12,6009.12,39.662,8.923,46.2,0
C-02939,Mountain Central,Outdoor Retail,Retail,90,50383.93,20959.4,173416.06,3,10,12,1.73,14451.34,54.935,90.435,50.4,0
C-02940,Mountain Central,Outdoor Retail,Retail,9,14511.89,4699.4,16842.27,0,40,9,4.86,1871.36,58.327,84.036,11.5,0
C-02941,Mountain North,Outdoor Retail,Retail,10,41149.28,18282.55,141903.66,0,105,14,5.19,10135.98,24.177,99.342,31.0,0
C-02942,Mountain Central,Outdoor Retail,Retail,33,37748.14,16287.59,149856.74,5,49,15,0.76,9990.45,36.074,71.721,47.5,1
C-02943,Mountain Central,Resort,Hospitality,31,21073.57,8072.05,42808.63,1,18,6,3.93,7134.77,46.408,43.06,30.0,0
C-02944,Mountain North,Resort,Hospitality,21,13119.0,4000.8,23622.29,0,85,24,1.09,984.26,23.374,63.209,25.5,0
C-02945,Mountain Central,Outdoor Retail,Retail,16,33197.43,14593.51,98080.38,0,36,12,2.69,8173.36,27.365,71.845,20.9,0
C-02946,Mountain Central,Resort,Hospitality,38,18510.36,4659.35,28529.52,4,20,3,3.38,9509.84,62.074,76.784,38.5,1
C-02947,Desert Southwest,Outfitter,Recreation Services,37,28172.95,13224.93,97904.44,1,26,10,6.67,9790.44,41.298,95.039,21.2,0
C-02948,Mountain North,Outdoor Retail,Retail,13,47539.77,26531.96,280064.52,5,35,12,1.96,23338.71,29.066,12.846,48.7,1
C-02949,Desert Southwest,Resort,Hospitality,46,35857.91,19917.56,182100.77,0,46,29,1.13,6279.34,73.288,90.385,37.5,0
C-02950,Desert Southwest,School District,Public Sector,44,34702.14,14724.13,113650.43,1,111,16,3.49,7103.15,61.674,41.896,47.3,0
C-02951,Mountain Central,School District,Public Sector,17,36204.22,14947.42,98314.66,2,31,22,0.0,4468.85,73.031,53.228,56.9,0
C-02952,Mountain Central,Outfitter,Recreation Services,57,42699.09,17630.68,145351.09,1,14,18,8.17,8075.06,49.046,42.973,33.2,0
C-02953,Mountain Central,Resort,Hospitality,27,14950.36,4331.72,26812.31,1,69,8,5.2,3351.54,48.398,72.599,26.4,0
C-02954,Mountain North,Outfitter,Recreation Services,26,9145.52,2173.83,8931.51,2,21,46,4.26,194.16,73.538,49.286,16.1,0
C-02955,Mountain Central,Outdoor Retail,Retail,38,33624.28,16918.43,133781.29,0,18,13,6.18,10290.87,53.728,42.626,32.8,0
C-02956,Desert Southwest,School District,Public Sector,28,22154.19,7327.29,38140.12,1,14,5,0.0,7628.02,55.835,87.925,33.0,0
C-02957,Mountain Central,Resort,Hospitality,19,21220.22,5795.09,33571.46,0,43,40,0.0,839.29,49.055,31.657,19.1,0
C-02958,Mountain Central,Outdoor Retail,Retail,36,61488.63,34079.67,300063.65,2,14,30,6.06,10002.12,55.2,37.842,43.7,0
C-02959,Mountain North,Outdoor Retail,Retail,43,52114.06,31758.97,278200.92,2,58,11,6.25,25290.99,63.573,12.726,54.9,1
C-02960,Mountain North,Outdoor Retail,Retail,13,37449.94,20044.73,149853.69,1,23,19,3.45,7887.04,45.562,61.758,17.4,0
C-02961,Mountain Central,Outdoor Retail,Retail,15,39315.97,19245.34,176728.95,3,51,16,5.33,11045.56,33.703,69.585,47.9,0
C-02962,Mountain Central,School District,Public Sector,21,37115.26,14503.89,120677.21,2,32,25,0.96,4827.09,38.287,56.232,38.2,0
C-02963,Mountain Central,Resort,Hospitality,31,22051.9,6985.57,45765.58,2,29,6,2.74,7627.6,36.888,83.194,30.1,0
C-02964,Mountain Central,Outdoor Retail,Retail,31,31944.01,12162.37,112207.24,1,13,6,3.4,18701.21,63.532,98.181,25.0,1
C-02965,Desert Southwest,Outdoor Retail,Retail,19,31655.62,12926.56,99989.03,3,44,13,3.92,7691.46,38.255,93.164,40.3,1
C-02966,Mountain North,School District,Public Sector,84,28230.31,11990.17,99083.54,2,10,7,2.26,14154.79,46.557,64.737,38.6,1
C-02967,Desert Southwest,School District,Public Sector,6,14603.71,5534.06,31435.59,1,47,16,2.01,1964.72,43.903,14.407,30.8,0
C-02968,Mountain Central,Resort,Hospitality,14,51313.65,30755.14,310323.23,2,31,17,4.58,18254.31,40.461,44.127,45.8,0
C-02969,Desert Southwest,School District,Public Sector,47,36613.31,13103.17,102725.85,0,28,6,4.68,17120.98,79.903,50.096,28.0,1
C-02970,Mountain Central,Resort,Hospitality,31,19259.7,4916.98,36602.41,1,3,7,0.59,5228.92,71.352,14.336,28.1,0
C-02971,Mountain Central,Outdoor Retail,Retail,38,32606.1,12034.21,82723.29,2,5,8,3.36,10340.41,48.024,53.956,31.5,1
C-02972,Desert Southwest,Outdoor Retail,Retail,3,36803.73,15107.0,120782.21,2,17,32,0.0,3774.44,23.528,57.64,24.7,0
C-02973,Mountain Central,Outdoor Retail,Retail,28,21602.6,7309.82,45105.82,4,50,12,0.0,3758.82,51.154,69.157,42.3,0
C-02974,Mountain North,Outdoor Retail,Retail,29,45785.97,20222.53,159613.66,4,32,13,1.06,12277.97,60.051,93.062,49.4,1
C-02975,Mountain Central,Outdoor Retail,Retail,40,32360.51,16818.81,141694.22,2,55,25,5.27,5667.77,36.857,22.314,19.2,0
C-02976,Mountain Central,Outfitter,Recreation Services,27,31679.71,11599.36,101882.09,2,24,15,4.22,6792.14,63.579,48.201,21.9,0
C-02977,Mountain Central,Outdoor Retail,Retail,25,26133.11,13886.58,121331.57,2,8,10,3.79,12133.16,68.882,53.365,29.3,1
C-02978,Mountain Central,Resort,Hospitality,11,10948.9,2887.07,10527.34,1,23,8,5.52,1315.92,68.363,96.119,14.9,0
C-02979,Mountain North,Outfitter,Recreation Services,50,82715.15,51216.77,579704.65,2,8,18,5.25,32205.81,73.082,21.235,48.9,0
C-02980,Desert Southwest,Resort,Hospitality,1,17812.17,4542.08,15892.15,2,50,11,3.05,1444.74,61.214,99.539,18.8,0
C-02981,Mountain Central,Resort,Hospitality,12,60693.93,39847.24,377331.84,1,13,11,1.05,34302.89,58.513,16.103,64.3,0
C-02982,Mountain Central,Outdoor Retail,Retail,25,145523.84,104503.45,1371762.21,4,64,31,8.64,44250.39,64.397,84.866,113.1,1
C-02983,Desert Southwest,Resort,Hospitality,45,29519.24,13744.89,117031.42,1,35,15,3.34,7802.09,47.835,22.232,28.4,0
C-02984,Desert Southwest,Outdoor Retail,Retail,19,37171.63,18078.76,135352.02,7,24,14,5.15,9668.0,49.528,45.044,56.1,1
C-02985,Mountain Central,Resort,Hospitality,76,108370.98,75454.94,984803.98,2,47,26,1.33,37877.08,48.663,40.585,76.3,0
C-02986,Mountain North,Outdoor Retail,Retail,52,17585.59,6453.77,22498.22,2,20,21,4.75,1071.34,66.338,67.708,30.2,0
C-02987,Desert Southwest,Resort,Hospitality,14,18596.3,5543.14,30504.47,0,33,20,3.36,1525.22,53.54,50.097,5.2,0
C-02988,Mountain Central,School District,Public Sector,35,39888.05,18756.72,168896.04,0,10,20,0.94,8444.8,75.219,39.789,47.3,0
C-02989,Desert Southwest,Resort,Hospitality,18,79701.61,52968.85,642557.26,3,63,20,1.05,32127.86,74.231,89.844,71.0,0
C-02990,Mountain North,Outdoor Retail,Retail,10,36688.73,14103.35,113674.44,0,17,16,1.52,7104.65,9.102,80.409,24.3,0
C-02991,Desert Southwest,Outdoor Retail,Retail,8,24748.7,9838.69,59914.13,4,20,10,4.56,5991.41,62.447,73.189,50.7,1
C-02992,Mountain Central,Outdoor Retail,Retail,21,29837.22,14140.41,107659.0,2,57,14,4.67,7689.93,42.666,29.695,36.7,0
C-02993,Mountain Central,Outdoor Retail,Retail,25,28810.34,10716.97,88309.16,2,31,18,0.46,4906.06,63.967,70.972,27.7,0
C-02994,Mountain Central,Resort,Hospitality,11,30801.18,16379.45,121998.66,2,59,15,0.0,8133.24,44.589,43.087,50.2,0
C-02995,Mountain Central,School District,Public Sector,78,35501.95,16871.78,168924.13,1,5,9,4.65,18769.35,40.741,39.31,38.2,1
C-02996,Desert Southwest,Outdoor Retail,Retail,16,17763.29,8262.0,35556.81,3,66,3,2.53,11852.27,56.043,9.408,34.6,0
C-02997,Mountain Central,School District,Public Sector,7,25517.09,9282.07,58736.82,0,65,15,4.58,3915.79,56.237,63.392,31.0,0
C-02998,Mountain Central,Outdoor Retail,Retail,27,82606.14,52740.43,582253.67,0,13,16,0.62,36390.85,51.866,36.371,61.9,0
C-02999,Mountain Central,Outfitter,Recreation Services,10,17810.98,7748.98,53824.76,1,5,23,8.15,2340.21,21.711,72.97,10.7,0
C-03000,Mountain Central,Outdoor Retail,Retail,74,33820.53,14817.93,125693.37,1,21,6,2.88,20948.89,12.279,51.195,30.7,0
C-03001,Desert Southwest,School District,Public Sector,13,48089.78,17828.6,150968.85,0,47,15,3.17,10064.59,63.768,73.126,42.3,0
C-03002,Desert Southwest,School District,Public Sector,29,24823.72,10164.95,85012.08,1,93,16,4.31,5313.25,43.181,86.582,52.1,0
C-03003,Mountain Central,Outdoor Retail,Retail,17,43812.01,17681.33,132309.52,2,7,10,6.79,13230.95,34.461,25.628,25.1,0
C-03004,Mountain Central,Resort,Hospitality,19,21826.63,10160.77,78188.44,0,22,4,4.58,19547.11,36.884,9.173,24.0,0
C-03005,Desert Southwest,Outdoor Retail,Retail,28,20563.91,8217.27,43325.44,0,50,24,2.29,1805.23,62.571,45.112,30.3,0
C-03006,Mountain North,Outfitter,Recreation Services,48,91219.05,56623.08,644481.53,1,39,22,4.94,29294.62,43.181,49.942,78.0,1
C-03007,Mountain North,Outfitter,Recreation Services,60,55868.89,25898.59,261274.34,2,45,7,4.06,37324.91,38.262,37.04,41.7,0
C-03008,Mountain Central,School District,Public Sector,20,16649.67,8402.24,59731.0,2,20,6,0.0,9955.17,68.452,74.244,36.4,0
C-03009,Mountain North,School District,Public Sector,10,22799.71,10801.69,71428.87,1,8,5,1.89,14285.77,53.785,73.318,31.0,0
C-03010,Desert Southwest,Outdoor Retail,Retail,47,41396.61,17974.49,165054.28,3,62,11,4.69,15004.93,48.732,9.075,46.9,0
C-03011,Desert Southwest,Outdoor Retail,Retail,90,46659.69,26869.46,239843.81,5,11,19,3.96,12623.36,43.126,24.435,59.3,1
C-03012,Desert Southwest,Outdoor Retail,Retail,25,22476.29,9522.5,68591.09,2,17,3,2.75,22863.7,54.033,71.894,27.9,0
C-03013,Mountain Central,Outdoor Retail,Retail,7,18359.25,5626.64,38825.65,2,76,7,6.0,5546.52,53.435,28.406,31.9,0
C-03014,Mountain Central,Outdoor Retail,Retail,19,34159.91,15747.41,112649.75,2,17,20,3.31,5632.49,36.143,46.426,40.4,0
C-03015,Mountain Central,Resort,Hospitality,29,32487.35,17723.84,160715.79,3,29,15,4.42,10714.39,42.472,42.272,29.0,0
C-03016,Desert Southwest,Outdoor Retail,Retail,27,19178.16,7596.61,44268.55,2,62,15,4.0,2951.24,74.233,8.343,27.3,1
C-03017,Desert Southwest,School District,Public Sector,67,50131.08,29409.25,287551.47,1,51,19,0.0,15134.29,46.613,64.828,42.2,0
C-03018,Desert Southwest,Outfitter,Recreation Services,9,32211.51,11784.09,97345.43,1,30,19,5.39,5123.44,54.234,71.784,30.8,0
C-03019,Mountain Central,Outdoor Retail,Retail,47,29112.86,12364.74,94671.09,3,23,7,4.47,13524.44,47.111,36.997,32.6,0
C-03020,Desert Southwest,Outdoor Retail,Retail,62,31889.71,14515.07,132850.42,3,29,8,3.29,16606.3,66.048,41.864,37.2,1
C-03021,Mountain North,School District,Public Sector,28,46050.86,28277.17,297641.11,0,30,22,0.0,13529.14,50.36,72.219,47.1,0
C-03022,Mountain Central,Outfitter,Recreation Services,24,35483.58,14302.88,120986.63,1,32,15,4.65,8065.78,47.611,88.571,28.4,0
C-03023,Desert Southwest,Outdoor Retail,Retail,22,84563.2,40833.76,403327.25,4,24,26,3.18,15512.59,42.653,39.133,58.1,1
C-03024,Desert Southwest,Resort,Hospitality,50,50622.44,27953.01,275289.93,0,20,10,3.27,27528.99,38.47,90.06,40.0,0
C-03025,Desert Southwest,Resort,Hospitality,11,37333.86,19850.0,143819.96,4,18,11,3.71,13074.54,40.394,36.845,58.2,1
C-03026,Mountain Central,Outdoor Retail,Retail,22,34830.29,18411.38,152100.19,1,77,12,4.74,12675.02,57.482,4.044,38.6,0
C-03027,Mountain Central,School District,Public Sector,46,45694.48,22561.19,195265.99,2,44,23,0.74,8489.83,32.162,6.637,48.4,0
C-03028,Mountain Central,Outdoor Retail,Retail,32,32401.64,14217.2,102665.59,3,82,6,3.0,17110.93,40.895,62.938,47.3,0
C-03029,Mountain North,Outdoor Retail,Retail,11,34287.28,12861.69,86039.33,1,48,17,3.63,5061.14,51.724,56.777,11.5,1
C-03030,Desert Southwest,Outdoor Retail,Retail,5,14729.13,6137.86,39946.36,1,38,12,4.83,3328.86,41.713,94.195,33.1,1
C-03031,Mountain North,Outdoor Retail,Retail,28,56219.74,26739.78,224731.52,2,46,17,4.77,13219.5,53.328,29.979,46.7,0
C-03032,Desert Southwest,Outfitter,Recreation Services,21,25724.51,6492.82,48774.75,0,15,18,6.54,2709.71,22.562,24.166,13.3,0
C-03033,Desert Southwest,Outdoor Retail,Retail,15,33999.61,14625.35,118077.41,4,43,26,4.06,4541.44,25.934,72.334,31.9,0
C-03034,Mountain North,Outfitter,Recreation Services,45,45015.6,25355.47,266489.8,0,72,24,1.45,11103.74,40.136,12.407,29.8,1
C-03035,Mountain North,Resort,Hospitality,49,43088.27,21743.56,198415.8,5,2,14,3.41,14172.56,64.949,42.707,60.7,1
C-03036,Desert Southwest,Outfitter,Recreation Services,26,16940.14,6440.57,38374.64,2,57,13,4.62,2951.9,55.047,63.221,15.1,0
C-03037,Mountain North,School District,Public Sector,38,26402.96,12443.42,119152.6,2,46,9,4.19,13239.18,22.795,60.266,37.5,0
C-03038,Mountain Central,School District,Public Sector,16,23232.71,11011.67,71866.84,5,21,7,0.0,10266.69,53.728,7.133,51.1,1
C-03039,Mountain Central,Outdoor Retail,Retail,32,51250.62,29501.13,274588.34,3,32,30,0.0,9152.94,24.656,58.656,55.9,0
C-03040,Mountain Central,Outfitter,Recreation Services,22,23939.61,7047.46,52053.26,3,15,9,5.51,5783.7,52.273,15.804,32.6,0
C-03041,Mountain Central,Outdoor Retail,Retail,19,39747.11,20409.03,141274.97,1,34,9,2.86,15697.22,44.125,38.227,45.9,0
C-03042,Mountain Central,Resort,Hospitality,19,35425.88,17125.02,141604.57,5,18,17,4.15,8329.68,44.682,81.039,52.3,1
C-03043,Mountain Central,Resort,Hospitality,26,52294.31,21691.89,194737.9,1,21,14,5.85,13909.85,38.728,71.101,53.3,0
C-03044,Mountain Central,Outfitter,Recreation Services,56,22034.79,6795.29,53567.97,1,42,16,1.34,3348.0,62.036,33.661,19.9,0
C-03045,Mountain North,Resort,Hospitality,52,48984.81,25083.27,267880.18,2,40,18,3.96,14882.23,50.833,35.219,46.0,0
C-03046,Mountain North,Outdoor Retail,Retail,95,32542.88,16516.03,135898.72,2,34,15,5.76,9059.91,60.719,22.939,25.7,0
C-03047,Mountain Central,Outdoor Retail,Retail,32,30756.27,14173.98,104386.68,3,19,7,4.66,14912.38,57.968,17.343,34.9,1
C-03048,Mountain Central,School District,Public Sector,32,26452.18,7990.7,53758.44,3,60,14,0.0,3839.89,47.162,92.079,40.4,0
C-03049,Mountain Central,Outdoor Retail,Retail,6,42135.3,22506.48,177314.06,2,85,13,5.22,13639.54,56.449,79.632,39.7,1
C-03050,Desert Southwest,Outdoor Retail,Retail,10,16070.21,8570.78,62791.35,3,52,9,5.74,6976.82,36.854,9.071,36.3,1
C-03051,Mountain Central,Outdoor Retail,Retail,90,83462.61,49728.58,557945.55,1,49,21,8.71,26568.84,67.31,63.594,53.2,0
C-03052,Mountain North,Outfitter,Recreation Services,53,62888.13,30163.91,339509.48,1,63,14,4.05,24250.68,55.933,95.284,49.5,0
C-03053,Mountain Central,Outdoor Retail,Retail,18,18410.03,9336.89,58067.73,4,15,27,4.78,2150.66,39.515,49.523,27.9,1
C-03054,Mountain North,Resort,Hospitality,17,27029.68,8837.0,63865.68,3,72,8,4.04,7983.21,57.959,49.971,31.9,0
C-03055,Mountain North,Outdoor Retail,Retail,39,13328.41,3494.73,17195.4,3,17,5,4.8,3439.08,58.444,15.407,24.8,0
C-03056,Desert Southwest,Outdoor Retail,Retail,7,17717.55,6963.79,49217.65,1,60,14,4.13,3515.55,52.512,15.109,18.7,0
C-03057,Mountain Central,School District,Public Sector,33,34921.42,19458.57,182495.8,0,29,8,3.12,22811.98,76.515,3.845,38.5,0
C-03058,Mountain Central,Outdoor Retail,Retail,36,40407.01,24340.01,221627.08,1,50,23,4.24,9635.96,34.027,43.13,44.4,0
C-03059,Mountain Central,Outfitter,Recreation Services,25,22309.02,8410.01,54115.64,1,57,7,3.09,7730.81,60.07,50.117,24.2,1
C-03060,Mountain North,Resort,Hospitality,40,22368.82,9449.09,56653.15,2,33,10,2.63,5665.32,60.638,22.462,31.1,0
C-03061,Mountain Central,Outdoor Retail,Retail,12,14799.13,5638.57,30962.56,1,73,3,4.74,10320.85,76.725,30.603,28.5,1
C-03062,Mountain Central,Resort,Hospitality,1,18443.47,5666.05,41852.79,0,93,14,4.14,2989.49,50.574,48.821,28.0,0
C-03063,Mountain Central,School District,Public Sector,69,29495.94,14406.36,113659.22,1,36,16,1.63,7103.7,45.734,1.194,42.8,0
C-03064,Mountain North,School District,Public Sector,17,66703.93,40168.16,414825.9,5,51,11,1.5,37711.45,52.364,89.787,73.9,0
C-03065,Mountain Central,Outdoor Retail,Retail,55,131819.75,76564.34,964746.46,2,33,34,5.01,28374.9,52.244,4.499,87.0,0
C-03066,Mountain North,Outdoor Retail,Retail,65,100036.58,66283.0,744451.91,2,18,37,9.15,20120.32,52.496,9.669,66.2,0
C-03067,Mountain Central,School District,Public Sector,6,12443.76,3496.04,12690.45,1,26,9,0.0,1410.05,65.707,13.937,26.1,0
C-03068,Desert Southwest,Outfitter,Recreation Services,34,41611.41,20509.14,185849.16,2,9,11,6.22,16895.38,52.045,8.89,30.5,0
C-03069,Mountain Central,Outfitter,Recreation Services,10,47845.55,19947.18,158295.19,3,30,16,5.77,9893.45,44.757,26.679,40.4,0
C-03070,Mountain North,Outfitter,Recreation Services,9,14602.49,3622.64,16230.22,2,24,14,3.45,1159.3,42.052,76.609,10.4,0
C-03071,Mountain Central,Outdoor Retail,Retail,24,21086.43,9129.49,68205.06,3,23,12,1.7,5683.76,57.808,17.385,34.9,0
C-03072,Desert Southwest,Outdoor Retail,Retail,8,46532.31,17971.6,154333.1,0,50,12,3.1,12861.09,51.029,33.654,33.6,1
C-03073,Desert Southwest,School District,Public Sector,12,20577.8,7291.06,48549.86,2,46,29,5.0,1674.13,54.548,72.887,41.9,0
C-03074,Mountain Central,Outdoor Retail,Retail,17,31468.0,15424.91,132057.13,3,46,15,2.91,8803.81,42.329,98.639,35.3,0
C-03075,Mountain Central,Outdoor Retail,Retail,39,41627.79,22488.22,236529.24,4,57,9,4.03,26281.03,24.898,35.481,39.6,1
C-03076,Mountain North,Outfitter,Recreation Services,42,32071.16,15223.97,119019.17,0,26,15,4.74,7934.61,52.838,9.688,18.1,0
C-03077,Mountain North,Outdoor Retail,Retail,34,86359.6,40855.89,494840.78,1,43,27,2.53,18327.44,68.428,21.89,37.3,0
C-03078,Mountain Central,Outfitter,Recreation Services,26,19388.81,9372.23,64660.85,2,33,2,5.31,32330.43,48.971,90.104,20.0,0
C-03079,Desert Southwest,Outdoor Retail,Retail,8,48650.45,22409.58,206091.8,0,27,14,6.46,14720.84,36.684,21.055,39.0,0
C-03080,Mountain Central,Outdoor Retail,Retail,27,41061.44,18371.69,168959.83,2,15,6,0.0,28159.97,32.916,30.893,33.8,0
C-03081,Mountain Central,Outfitter,Recreation Services,71,41088.97,18813.64,167764.41,2,48,18,3.03,9320.25,9.167,63.51,39.7,1
C-03082,Desert Southwest,Outdoor Retail,Retail,24,20549.94,6286.79,53743.96,3,53,12,2.05,4478.66,45.81,91.517,30.5,0
C-03083,Mountain Central,Resort,Hospitality,24,26203.82,12631.34,84028.11,1,18,10,1.55,8402.81,69.958,98.44,19.9,0
C-03084,Desert Southwest,Resort,Hospitality,41,47727.94,25118.85,190070.83,3,26,9,1.67,21118.98,35.101,53.23,48.9,0
C-03085,Mountain North,Outdoor Retail,Retail,61,19366.57,9184.39,64554.99,2,21,13,2.36,4965.77,44.743,2.296,20.4,0
C-03086,Mountain Central,Outdoor Retail,Retail,30,36432.19,19894.79,180722.11,3,20,8,1.64,22590.26,40.591,64.579,40.4,0
C-03087,Desert Southwest,Outfitter,Recreation Services,36,30118.39,14934.36,126571.14,2,23,7,6.6,18081.59,38.141,45.787,28.3,1
C-03088,Mountain Central,School District,Public Sector,28,19682.23,9370.06,83233.24,0,24,20,0.0,4161.66,47.592,39.243,31.1,0
C-03089,Desert Southwest,Outdoor Retail,Retail,1,41705.9,20765.99,174455.4,2,4,19,4.68,9181.86,38.145,45.503,35.2,0
C-03090,Mountain North,School District,Public Sector,19,29592.3,15585.68,155371.19,2,3,12,3.37,12947.6,39.373,17.868,47.2,0
C-03091,Mountain Central,School District,Public Sector,32,18306.04,5668.12,32905.45,1,12,18,0.0,1828.08,62.849,20.91,33.7,0
C-03092,Desert Southwest,Resort,Hospitality,69,57117.99,40247.83,421996.85,5,86,19,2.72,22210.36,59.367,27.13,67.0,0
C-03093,Mountain Central,School District,Public Sector,6,41768.24,22846.06,183662.8,2,16,13,1.06,14127.91,52.208,73.378,42.0,0
C-03094,Desert Southwest,Outdoor Retail,Retail,31,109467.48,66113.0,758364.8,0,33,25,3.23,30334.59,49.105,23.42,68.6,0
C-03095,Mountain North,Outfitter,Recreation Services,22,20577.95,9676.18,61937.04,0,26,5,4.79,12387.41,78.632,56.232,21.1,0
C-03096,Mountain Central,Resort,Hospitality,10,32342.1,15345.28,138883.11,1,25,14,3.2,9920.22,38.085,10.462,42.8,0
C-03097,Desert Southwest,School District,Public Sector,36,51994.5,28045.91,287801.14,5,93,27,0.0,10659.3,79.29,52.443,69.0,0
C-03098,Desert Southwest,School District,Public Sector,20,25382.5,11367.89,90250.62,2,18,10,0.0,9025.06,29.756,13.591,43.5,0
C-03099,Mountain North,Outdoor Retail,Retail,63,42778.13,21622.84,183959.87,0,82,13,2.39,14150.76,18.445,38.624,41.0,0
C-03100,Mountain Central,School District,Public Sector,38,27972.93,12551.85,76168.64,1,46,8,2.43,9521.08,28.975,56.597,29.2,0
C-03101,Mountain North,Outdoor Retail,Retail,24,85257.36,55102.3,672481.47,2,41,27,3.13,24906.72,14.719,28.917,73.5,0
C-03102,Desert Southwest,School District,Public Sector,4,17470.66,5954.19,43283.05,3,48,14,0.0,3091.65,41.549,5.103,43.3,1
C-03103,Mountain Central,Outdoor Retail,Retail,21,11931.56,3338.25,6772.04,2,40,10,3.5,677.2,53.024,9.14,27.7,0
C-03104,Mountain North,Resort,Hospitality,14,36900.03,17256.82,141589.94,1,18,9,3.88,15732.22,46.532,90.926,29.7,0
C-03105,Mountain Central,School District,Public Sector,51,65332.15,40051.22,431236.23,6,6,16,1.97,26952.26,38.602,50.132,80.2,0
C-03106,Mountain North,Outdoor Retail,Retail,31,78973.45,51411.41,476896.94,3,30,31,2.85,15383.77,64.7,55.112,67.1,0
C-03107,Mountain North,Resort,Hospitality,23,29995.91,11884.97,77419.31,3,56,15,0.54,5161.29,14.919,25.869,37.6,0
C-03108,Desert Southwest,Outdoor Retail,Retail,7,71782.69,36248.02,412574.72,3,21,18,0.84,22920.82,58.399,72.424,65.2,0
C-03109,Desert Southwest,School District,Public Sector,36,29244.48,8108.96,53102.5,1,17,17,1.82,3123.68,39.512,43.201,40.1,0
C-03110,Desert Southwest,Resort,Hospitality,72,50063.52,21288.2,182193.99,0,30,13,1.19,14014.92,56.321,4.58,44.6,0
C-03111,Mountain Central,Outfitter,Recreation Services,26,30301.03,12198.8,109256.98,0,50,10,6.39,10925.7,30.263,87.181,20.1,1
C-03112,Mountain Central,Resort,Hospitality,27,21161.86,7830.61,61819.84,1,30,10,0.86,6181.98,55.43,33.316,24.1,0
C-03113,Mountain Central,School District,Public Sector,28,28977.24,13430.48,117633.63,3,84,11,2.19,10693.97,45.277,44.904,36.6,0
C-03114,Desert Southwest,Resort,Hospitality,15,23998.25,8527.23,61035.37,2,74,14,3.49,4359.67,40.778,56.72,32.9,0
C-03115,Mountain North,Outdoor Retail,Retail,96,69662.76,39760.6,398451.52,4,20,13,5.29,30650.12,42.904,0.848,62.4,0
C-03116,Mountain Central,Resort,Hospitality,21,52580.97,28333.59,281535.43,2,23,13,1.34,21656.57,66.333,94.754,37.0,0
C-03117,Desert Southwest,Outfitter,Recreation Services,58,35289.21,14803.46,92050.66,3,13,10,3.84,9205.07,71.867,15.785,29.9,0
C-03118,Desert Southwest,School District,Public Sector,29,30907.89,15033.37,136633.41,3,31,16,5.45,8539.59,52.327,87.727,38.3,0
C-03119,Desert Southwest,School District,Public Sector,16,30514.63,15997.4,133637.0,3,66,13,4.93,10279.77,32.076,10.519,43.1,0
C-03120,Desert Southwest,Outdoor Retail,Retail,72,69759.61,42288.48,465554.7,3,57,17,5.13,27385.57,47.383,32.265,70.1,1
C-03121,Mountain Central,Resort,Hospitality,10,47338.76,25241.48,271006.8,3,9,12,5.13,22583.9,80.805,23.73,45.3,1
C-03122,Mountain Central,Outfitter,Recreation Services,29,13702.51,4389.49,26854.3,1,49,11,5.76,2441.3,44.606,36.766,13.3,0
C-03123,Mountain Central,Outdoor Retail,Retail,14,51528.29,25724.87,266458.43,1,39,22,4.04,12111.75,30.143,95.252,41.5,1
C-03124,Mountain Central,School District,Public Sector,4,21147.69,6038.17,37791.07,1,37,10,0.64,3779.11,50.615,90.202,33.3,0
C-03125,Mountain North,School District,Public Sector,38,38256.49,18912.12,155215.55,0,8,21,0.0,7391.22,36.724,58.835,44.1,0
C-03126,Mountain North,School District,Public Sector,17,24067.51,8796.9,59205.08,3,28,22,2.05,2691.14,56.472,37.612,40.6,0
C-03127,Desert Southwest,Outfitter,Recreation Services,64,163539.88,125183.58,1366713.56,2,25,60,6.23,22778.56,62.792,50.945,119.3,0
C-03128,Mountain North,School District,Public Sector,64,61831.24,35139.53,359186.5,1,9,28,1.0,12828.09,72.718,30.573,59.3,0
C-03129,Mountain North,School District,Public Sector,50,17050.18,5521.86,30905.38,1,70,5,1.85,6181.08,87.498,30.428,28.2,0
C-03130,Mountain North,School District,Public Sector,21,17947.32,6124.34,42439.82,1,21,9,0.79,4715.54,53.652,8.009,33.3,0
C-03131,Mountain Central,Outdoor Retail,Retail,28,41249.3,26897.68,247074.27,1,48,13,2.23,19005.71,57.776,52.155,49.0,0
C-03132,Mountain Central,Resort,Hospitality,15,66982.59,29218.23,304438.08,3,23,24,4.03,12684.92,47.097,20.086,44.2,0
C-03133,Mountain Central,School District,Public Sector,25,86168.74,52206.51,564679.54,1,24,20,3.67,28233.98,54.366,38.867,65.5,1
C-03134,Desert Southwest,Outdoor Retail,Retail,56,42340.75,20531.15,187073.94,2,10,31,2.93,6034.64,32.737,5.054,35.2,1
C-03135,Mountain North,School District,Public Sector,5,42479.67,20260.44,150728.18,2,44,17,0.94,8866.36,43.53,17.169,49.0,0
C-03136,Mountain Central,Outdoor Retail,Retail,72,102737.03,64963.38,824614.06,4,49,20,3.57,41230.7,27.055,81.265,87.4,0
C-03137,Mountain Central,School District,Public Sector,23,12370.01,4111.91,22902.34,1,49,20,1.77,1145.12,42.919,92.92,30.5,0
C-03138,Mountain North,Outdoor Retail,Retail,36,62004.11,34617.68,333089.59,2,30,11,5.07,30280.87,76.396,97.45,42.5,1
C-03139,Mountain North,Resort,Hospitality,11,17112.04,6883.19,36041.4,0,48,8,5.61,4505.17,45.491,29.081,15.9,0
C-03140,Mountain Central,Outdoor Retail,Retail,28,48723.87,26209.49,235474.42,4,33,8,5.73,29434.3,37.953,49.399,49.5,0
C-03141,Mountain Central,School District,Public Sector,6,44516.51,28724.5,261526.07,2,91,22,2.24,11887.55,29.346,57.837,56.0,0
C-03142,Mountain North,Outdoor Retail,Retail,31,33119.25,10737.63,89130.54,1,41,19,5.1,4691.08,48.036,7.808,30.2,0
C-03143,Mountain North,Outfitter,Recreation Services,12,59908.09,37321.2,398632.75,0,82,13,7.11,30664.06,32.752,42.917,38.0,0
C-03144,Mountain North,School District,Public Sector,28,11296.06,4006.78,19086.05,1,101,18,0.0,1060.34,48.687,34.218,27.8,0
C-03145,Mountain North,Outdoor Retail,Retail,84,28302.61,12233.98,91005.41,5,24,3,2.7,30335.14,44.635,33.205,43.0,1
C-03146,Desert Southwest,School District,Public Sector,73,49218.93,27305.18,285740.26,2,15,11,0.0,25976.39,48.749,33.977,63.3,0
C-03147,Mountain Central,Outdoor Retail,Retail,11,19012.7,6705.3,22753.54,2,23,3,5.43,7584.51,58.112,42.085,23.6,0
C-03148,Mountain Central,Outdoor Retail,Retail,65,57851.87,26566.93,227062.2,5,14,21,5.87,10812.49,17.467,75.073,44.4,1
C-03149,Mountain North,School District,Public Sector,16,56284.79,22377.06,199668.46,2,21,9,3.59,22185.38,56.022,13.241,45.5,0
C-03150,Mountain Central,Resort,Hospitality,32,25605.91,11013.49,93768.96,0,114,8,5.88,11721.12,52.869,61.344,33.0,0
C-03151,Desert Southwest,Outdoor Retail,Retail,22,18520.49,6899.11,38983.41,5,7,26,4.29,1499.36,45.99,27.06,36.0,0
C-03152,Desert Southwest,Outfitter,Recreation Services,11,24087.8,9564.1,59773.79,1,17,11,4.35,5433.98,46.916,66.973,27.3,0
C-03153,Desert Southwest,Outfitter,Recreation Services,23,5886.21,950.21,2000.0,2,37,11,6.43,181.82,58.617,95.457,19.3,0
C-03154,Mountain North,Resort,Hospitality,6,16300.61,4782.06,24581.09,0,178,15,2.14,1638.74,26.648,33.551,23.8,0
C-03155,Desert Southwest,School District,Public Sector,23,60160.51,35560.98,337634.21,0,9,19,0.0,17770.22,56.056,54.17,65.3,0
C-03156,Desert Southwest,Outdoor Retail,Retail,9,26567.95,9961.9,73961.11,3,18,10,1.27,7396.11,73.075,52.424,44.5,0
C-03157,Mountain North,Outdoor Retail,Retail,49,31479.68,11850.07,91191.32,0,28,11,4.19,8290.12,72.964,6.606,24.1,0
C-03158,Mountain Central,School District,Public Sector,60,34897.92,14079.14,124361.07,3,29,20,4.21,6218.05,50.778,26.358,39.1,0
C-03159,Mountain Central,School District,Public Sector,7,57839.11,32052.02,318011.14,3,56,23,3.55,13826.57,48.938,49.465,58.2,0
C-03160,Desert Southwest,Outdoor Retail,Retail,37,72370.07,40358.58,453143.12,4,56,28,3.25,16183.68,68.114,42.536,62.0,1
C-03161,Mountain North,Outdoor Retail,Retail,5,29250.73,10117.95,68746.38,3,65,14,5.07,4910.46,40.217,45.208,40.3,0
C-03162,Desert Southwest,Outdoor Retail,Retail,24,34478.85,18398.61,164169.27,2,45,28,2.77,5863.19,45.94,52.417,36.2,0
C-03163,Mountain Central,Resort,Hospitality,40,30855.67,12661.72,95665.42,3,7,15,2.45,6377.69,34.674,34.027,45.1,0
C-03164,Mountain Central,Outfitter,Recreation Services,5,23574.3,9301.56,63144.01,2,13,28,2.96,2255.14,46.207,8.304,24.1,0
C-03165,Desert Southwest,Outdoor Retail,Retail,15,18276.75,5781.58,35328.49,1,35,8,4.81,4416.06,64.279,28.624,30.7,0
C-03166,Desert Southwest,Resort,Hospitality,23,24745.93,9983.44,60475.9,4,17,11,1.26,5497.81,35.709,48.57,48.4,1
C-03167,Desert Southwest,Outfitter,Recreation Services,14,19876.92,7327.03,49945.15,2,86,9,4.08,5549.46,70.841,27.572,27.3,0
C-03168,Mountain Central,Outfitter,Recreation Services,24,19821.76,7603.58,33359.5,2,37,6,6.07,5559.92,41.664,99.554,19.6,0
C-03169,Mountain North,Resort,Hospitality,26,12051.26,3557.82,16118.51,2,51,11,5.15,1465.32,64.333,49.561,23.9,0
C-03170,Mountain Central,Outdoor Retail,Retail,14,30892.77,11925.19,106472.78,1,12,20,5.06,5323.64,16.745,5.502,30.7,0
C-03171,Desert Southwest,Outdoor Retail,Retail,13,26185.25,9981.76,71985.13,1,34,12,4.02,5998.76,52.657,6.069,36.3,0
C-03172,Mountain North,Outdoor Retail,Retail,69,37793.9,18762.39,177767.19,3,35,11,3.47,16160.65,23.497,56.378,39.7,1
C-03173,Mountain Central,School District,Public Sector,38,63336.38,38390.09,347309.66,3,48,13,1.77,26716.13,55.345,26.828,65.1,0
C-03174,Desert Southwest,Outdoor Retail,Retail,32,19311.17,6888.35,36298.29,2,5,15,1.54,2419.89,56.581,74.836,18.3,0
C-03175,Mountain Central,Outdoor Retail,Retail,32,33916.18,9407.23,63004.75,1,23,31,3.72,2032.41,45.205,88.216,22.7,0
C-03176,Desert Southwest,Outdoor Retail,Retail,12,41515.43,20343.7,187525.99,0,9,9,6.67,20836.22,65.676,68.869,35.8,1
C-03177,Mountain North,Resort,Hospitality,24,50931.38,29879.7,267305.45,0,9,9,2.54,29700.61,22.906,45.002,41.7,1
C-03178,Desert Southwest,School District,Public Sector,16,59743.43,29951.77,253390.48,2,84,19,1.99,13336.34,52.284,17.408,45.9,0
C-03179,Mountain Central,School District,Public Sector,10,75299.74,36420.07,329415.34,4,36,17,2.25,19377.37,55.362,27.277,78.1,0
C-03180,Desert Southwest,Outdoor Retail,Retail,64,36797.92,14759.29,133989.21,2,43,18,2.41,7443.85,62.86,41.128,38.5,0
C-03181,Mountain Central,Outdoor Retail,Retail,2,15045.87,4163.19,28077.94,1,11,14,2.51,2005.57,55.807,94.828,19.4,0
C-03182,Mountain North,Resort,Hospitality,29,35144.48,18394.76,160812.6,0,34,18,4.75,8934.03,45.476,87.179,22.8,0
C-03183,Mountain Central,Outdoor Retail,Retail,23,42459.8,18612.83,132602.64,1,35,6,0.74,22100.44,45.129,16.038,37.9,0
C-03184,Mountain North,Outfitter,Recreation Services,13,20273.28,4548.22,23395.43,2,26,8,1.43,2924.43,54.081,24.756,27.2,0
C-03185,Mountain North,Outdoor Retail,Retail,17,10106.92,2603.47,10781.23,2,15,20,3.23,539.06,60.913,89.971,35.6,1
C-03186,Mountain Central,Outdoor Retail,Retail,20,12205.81,3237.48,11230.48,2,11,12,5.09,935.87,60.274,54.168,22.6,0
C-03187,Mountain North,Outdoor Retail,Retail,28,36432.83,21412.65,171495.5,2,14,13,5.68,13191.96,64.369,52.642,43.8,0
C-03188,Mountain Central,Outdoor Retail,Retail,22,37651.21,17959.47,151905.77,2,68,7,6.81,21700.82,56.362,58.283,49.7,0
C-03189,Mountain Central,Outdoor Retail,Retail,31,45876.13,22001.7,194183.45,2,21,12,2.89,16181.95,52.512,29.655,47.6,0
C-03190,Mountain Central,Outfitter,Recreation Services,13,73837.41,40742.0,420465.47,4,74,23,6.32,18281.11,34.503,65.357,56.4,1
C-03191,Desert Southwest,School District,Public Sector,20,27105.29,11152.33,84848.99,2,30,13,0.56,6526.85,37.467,68.069,40.1,0
C-03192,Mountain North,Outdoor Retail,Retail,24,36110.31,14844.54,116617.14,1,39,23,3.05,5070.31,57.038,23.474,17.1,0
C-03193,Mountain North,Outdoor Retail,Retail,36,15517.93,4934.59,25758.17,0,18,6,3.07,4293.03,51.548,33.493,13.4,0
C-03194,Mountain North,Resort,Hospitality,19,33657.67,14934.16,109761.13,1,37,16,5.77,6860.07,19.864,20.87,38.7,0
C-03195,Mountain Central,Outdoor Retail,Retail,38,41704.46,25756.21,274534.91,0,11,20,3.39,13726.75,45.115,43.532,47.7,0
C-03196,Mountain Central,Outdoor Retail,Retail,5,24094.19,11033.48,90726.2,4,105,23,5.99,3944.62,61.659,96.503,36.3,1
C-03197,Mountain Central,Outdoor Retail,Retail,51,40643.46,15830.84,135636.08,1,25,18,2.56,7535.34,40.914,60.764,34.3,0
C-03198,Mountain North,Outdoor Retail,Retail,52,38147.24,17315.43,156463.56,3,5,27,5.96,5794.95,27.239,81.515,33.9,0
C-03199,Mountain Central,Outfitter,Recreation Services,19,26755.45,14123.46,116741.75,2,79,8,1.38,14592.72,76.318,86.024,31.2,0
