invoice_id,customer_id,invoice_date,amount,paid_date
INV-00001,C-1001,2025-02-21,10532.83,2025-04-28
INV-00002,C-1001,2025-02-28,7066.38,2025-05-02
INV-00003,C-1001,2025-03-02,15691.99,
INV-00004,C-1001,2025-05-01,6842.10,2025-07-06
INV-00005,C-1001,2025-06-11,9767.83,2025-07-30
INV-00006,C-1001,2025-07-03,9168.59,2025-09-05
INV-00007,C-1001,2025-09-08,11613.11,2025-11-08
INV-00008,C-1001,2025-09-22,10502.11,2025-11-21
INV-00009,C-1001,2025-11-13,8104.09,2026-01-03
INV-00010,C-1001,2025-11-29,4962.65,2026-01-11
INV-00011,C-1001,2025-12-08,9561.96,2026-03-20
INV-00012,C-1001,2025-12-14,6976.87,2026-03-03
INV-00013,C-1001,2026-01-11,10677.63,2026-02-27
INV-00014,C-1001,2026-01-16,9090.68,
INV-00015,C-1001,2026-02-03,13858.17,
INV-00016,C-1002,2025-01-08,8806.31,2025-03-17
INV-00017,C-1002,2025-02-16,8608.37,2025-05-20
INV-00018,C-1002,2025-05-05,11995.94,
INV-00019,C-1002,2025-06-12,13766.29,2025-08-18
INV-00020,C-1002,2025-07-05,7727.86,2025-08-27
INV-00021,C-1002,2025-07-14,6964.32,2025-09-08
INV-00022,C-1002,2025-09-01,9386.96,2025-11-16
INV-00023,C-1002,2025-09-02,11741.14,
INV-00024,C-1002,2025-09-17,799.52,2025-10-16
INV-00025,C-1002,2025-11-10,10850.91,2025-12-31
INV-00026,C-1002,2025-11-10,6404.09,2025-12-30
INV-00027,C-1002,2025-11-23,10109.25,2026-02-05
INV-00028,C-1002,2025-12-12,6142.78,2026-02-16
INV-00029,C-1002,2025-12-28,7829.96,2026-03-16
INV-00030,C-1002,2025-12-31,9998.11,
INV-00031,C-1002,2026-01-06,14117.32,2026-03-26
INV-00032,C-1002,2026-03-22,4621.01,
INV-00033,C-1003,2025-01-20,16819.12,2025-07-17
INV-00034,C-1003,2025-02-20,24186.44,2025-08-02
INV-00035,C-1003,2025-03-25,14982.26,
INV-00036,C-1003,2025-03-30,18562.57,2025-08-11
INV-00037,C-1003,2025-07-05,9019.01,
INV-00038,C-1003,2025-07-05,19198.67,2025-11-26
INV-00039,C-1003,2025-07-16,13074.95,
INV-00040,C-1003,2025-07-22,22273.38,2026-01-05
INV-00041,C-1003,2025-08-01,13551.88,2025-12-23
INV-00042,C-1003,2025-08-17,18824.43,2025-12-26
INV-00043,C-1003,2025-08-23,21587.82,2026-01-05
INV-00044,C-1003,2025-10-28,24598.20,2026-03-20
INV-00045,C-1003,2025-11-16,8895.86,
INV-00046,C-1003,2026-01-01,14982.93,
INV-00047,C-1003,2026-01-22,18818.57,
INV-00048,C-1003,2026-02-17,17837.88,
INV-00049,C-1003,2026-02-28,17330.60,
INV-00050,C-1004,2025-01-19,11348.68,2025-04-29
INV-00051,C-1004,2025-01-22,1357.44,2025-04-30
INV-00052,C-1004,2025-02-05,8440.46,2025-05-24
INV-00053,C-1004,2025-03-23,7578.85,2025-06-26
INV-00054,C-1004,2025-03-25,2884.29,2025-07-18
INV-00055,C-1004,2025-10-10,12889.72,2026-01-09
INV-00056,C-1004,2025-11-25,8236.00,2026-02-23
INV-00057,C-1004,2025-12-19,7243.15,
INV-00058,C-1004,2026-01-23,10150.54,
INV-00059,C-1004,2026-02-03,7348.62,
INV-00060,C-1004,2026-03-01,5537.41,
INV-00061,C-1004,2026-03-24,139.07,
INV-00062,C-1005,2025-01-10,2369.79,2025-03-27
INV-00063,C-1005,2025-01-23,10048.14,2025-11-17
INV-00064,C-1005,2025-02-24,2927.71,2025-05-20
INV-00065,C-1005,2025-04-14,15674.35,2025-06-29
INV-00066,C-1005,2025-04-21,2752.08,2025-08-07
INV-00067,C-1005,2025-06-29,11280.86,2025-09-13
INV-00068,C-1005,2025-06-29,13117.51,2025-09-14
INV-00069,C-1005,2025-07-22,6332.70,2025-09-29
INV-00070,C-1005,2025-07-29,12889.82,2025-09-19
INV-00071,C-1005,2025-08-09,1948.69,
INV-00072,C-1005,2025-09-25,14576.12,2025-12-12
INV-00073,C-1005,2025-10-10,7038.15,2025-12-11
INV-00074,C-1005,2025-12-12,10067.35,2026-03-16
INV-00075,C-1005,2026-01-02,2375.68,2026-03-10
INV-00076,C-1005,2026-01-16,11437.37,
INV-00077,C-1006,2025-02-18,4168.32,2025-10-10
INV-00078,C-1006,2025-02-27,9963.03,2025-10-25
INV-00079,C-1006,2025-03-06,6356.84,
INV-00080,C-1006,2025-04-12,19137.27,
INV-00081,C-1006,2025-05-06,10436.26,
INV-00082,C-1006,2025-05-08,50.00,2026-01-02
INV-00083,C-1006,2025-07-14,9115.67,2026-03-09
INV-00084,C-1006,2025-09-17,8637.98,
INV-00085,C-1006,2025-09-17,17760.01,
INV-00086,C-1006,2025-09-18,7634.59,
INV-00087,C-1006,2025-10-07,7343.76,
INV-00088,C-1006,2025-10-23,50.00,
INV-00089,C-1006,2026-02-05,14523.78,
INV-00090,C-1006,2026-02-09,10513.46,
INV-00091,C-1006,2026-02-18,11774.85,
INV-00092,C-1006,2026-03-24,6314.69,
INV-00093,C-1006,2026-03-29,16011.58,
INV-00094,C-1007,2025-01-11,13552.29,2025-05-04
INV-00095,C-1007,2025-03-15,24678.36,
INV-00096,C-1007,2025-05-06,12286.30,2025-08-23
INV-00097,C-1007,2025-07-03,18178.18,
INV-00098,C-1007,2025-07-07,17131.82,2025-10-24
INV-00099,C-1007,2025-09-20,21549.27,
INV-00100,C-1007,2025-10-20,11956.23,2026-02-11
INV-00101,C-1007,2026-01-19,20538.52,
INV-00102,C-1007,2026-01-29,20700.45,
INV-00103,C-1007,2026-02-15,7099.47,
INV-00104,C-1007,2026-02-25,15356.57,
INV-00105,C-1007,2026-03-25,18137.91,
INV-00106,C-1008,2025-01-10,16643.29,2025-04-04
INV-00107,C-1008,2025-01-25,14554.55,2025-05-05
INV-00108,C-1008,2025-02-14,2008.07,2025-05-31
INV-00109,C-1008,2025-03-01,6166.11,2025-06-30
INV-00110,C-1008,2025-03-11,50.00,2025-07-08
INV-00111,C-1008,2025-03-22,6774.17,
INV-00112,C-1008,2025-03-29,8431.29,2025-07-18
INV-00113,C-1008,2025-03-30,10503.12,2025-06-03
INV-00114,C-1008,2025-06-15,6353.36,2025-10-10
INV-00115,C-1008,2025-06-19,11221.64,2025-08-26
INV-00116,C-1008,2025-10-23,4565.92,2026-01-17
INV-00117,C-1008,2025-10-31,3014.04,2026-02-21
INV-00118,C-1008,2025-12-16,9976.59,
INV-00119,C-1008,2025-12-21,9842.61,2026-03-11
INV-00120,C-1008,2026-01-02,7771.18,
INV-00121,C-1009,2025-03-18,12589.60,2025-07-27
INV-00122,C-1009,2025-04-16,16538.17,2025-08-28
INV-00123,C-1009,2025-04-28,18432.55,2025-09-08
INV-00124,C-1009,2025-04-29,13591.82,
INV-00125,C-1009,2025-05-25,16144.31,2025-09-13
INV-00126,C-1009,2025-06-12,20056.26,2025-10-02
INV-00127,C-1009,2025-07-20,15696.38,2025-11-20
INV-00128,C-1009,2025-09-07,18237.24,2026-01-31
INV-00129,C-1009,2025-10-27,13426.63,2026-03-26
INV-00130,C-1009,2025-11-17,20030.10,
INV-00131,C-1010,2025-01-22,12994.68,2025-05-31
INV-00132,C-1010,2025-02-13,11989.57,2025-07-11
INV-00133,C-1010,2025-02-28,6542.79,2025-06-30
INV-00134,C-1010,2025-03-13,10305.51,2026-01-07
INV-00135,C-1010,2025-04-20,17208.52,2025-09-27
INV-00136,C-1010,2025-05-31,19619.75,2025-09-24
INV-00137,C-1010,2025-07-14,13469.17,2026-01-06
INV-00138,C-1010,2025-09-04,18529.12,2026-01-14
INV-00139,C-1010,2025-09-22,10015.95,2026-02-07
INV-00140,C-1010,2025-10-25,16309.52,2026-02-27
INV-00141,C-1010,2025-11-20,8348.05,
INV-00142,C-1010,2025-12-06,13781.38,
INV-00143,C-1010,2025-12-17,15045.74,
INV-00144,C-1010,2025-12-21,9292.50,
INV-00145,C-1010,2026-02-06,15328.07,
INV-00146,C-1010,2026-02-09,12849.66,
INV-00147,C-1010,2026-02-18,8943.77,
INV-00148,C-1011,2025-01-07,16253.32,2025-06-13
INV-00149,C-1011,2025-04-10,9213.59,2025-08-03
INV-00150,C-1011,2025-05-08,3998.61,2025-10-02
INV-00151,C-1011,2025-05-28,15921.05,2025-10-27
INV-00152,C-1011,2025-07-02,299.40,2025-11-16
INV-00153,C-1011,2025-09-13,13911.39,2026-01-01
INV-00154,C-1011,2025-09-30,5067.39,2026-02-21
INV-00155,C-1011,2025-11-11,15507.52,2026-03-23
INV-00156,C-1011,2025-12-29,8906.69,
INV-00157,C-1011,2026-03-12,4716.13,
INV-00158,C-1012,2025-01-17,7440.43,2025-03-24
INV-00159,C-1012,2025-02-06,2919.54,2025-05-01
INV-00160,C-1012,2025-05-02,8187.17,2025-07-27
INV-00161,C-1012,2025-07-11,6097.88,2025-09-03
INV-00162,C-1012,2025-08-22,8804.92,2025-10-14
INV-00163,C-1012,2025-09-01,12232.30,2025-11-25
INV-00164,C-1012,2025-09-09,15019.13,2025-12-02
INV-00165,C-1012,2025-12-25,8185.34,2026-02-09
INV-00166,C-1012,2026-01-21,2945.17,2026-03-11
INV-00167,C-1012,2026-01-31,14596.24,
INV-00168,C-1012,2026-02-09,12055.52,
INV-00169,C-1012,2026-03-31,5723.34,
INV-00170,C-1013,2025-03-20,5604.08,2025-08-26
INV-00171,C-1013,2025-03-22,3386.06,
INV-00172,C-1013,2025-04-04,11961.45,
INV-00173,C-1013,2025-07-10,3998.19,
INV-00174,C-1013,2025-07-18,3574.34,
INV-00175,C-1013,2025-07-21,6127.72,
INV-00176,C-1013,2025-08-22,9170.28,2026-02-09
INV-00177,C-1013,2025-09-24,11146.20,2026-03-19
INV-00178,C-1013,2025-10-25,7051.38,2026-03-14
INV-00179,C-1013,2025-10-26,6111.38,2026-03-25
INV-00180,C-1013,2025-10-28,9076.28,2026-02-28
INV-00181,C-1013,2025-11-04,9367.25,2026-02-25
INV-00182,C-1013,2025-11-18,18288.53,
INV-00183,C-1013,2025-12-09,17485.67,
INV-00184,C-1013,2025-12-19,8749.01,
INV-00185,C-1013,2026-02-05,2869.29,
INV-00186,C-1013,2026-02-07,6700.81,
INV-00187,C-1014,2025-02-26,50.00,2025-05-16
INV-00188,C-1014,2025-05-11,6391.17,2025-09-10
INV-00189,C-1014,2025-06-26,7927.48,2025-09-18
INV-00190,C-1014,2025-08-10,8212.73,2025-10-26
INV-00191,C-1014,2025-09-03,7860.60,2025-11-15
INV-00192,C-1014,2025-09-09,12992.75,2025-12-05
INV-00193,C-1014,2025-10-12,13866.31,
INV-00194,C-1014,2026-01-04,6340.43,2026-02-27
INV-00195,C-1014,2026-01-23,6254.77,2026-03-30
INV-00196,C-1014,2026-01-27,13179.51,
INV-00197,C-1015,2025-01-23,2073.05,2025-07-30
INV-00198,C-1015,2025-02-05,12676.19,2025-07-11
INV-00199,C-1015,2025-02-19,5839.59,2025-09-02
INV-00200,C-1015,2025-02-26,6430.54,2025-09-02
INV-00201,C-1015,2025-03-31,2981.33,2025-09-23
INV-00202,C-1015,2025-06-30,50.00,2025-12-04
INV-00203,C-1015,2025-08-01,10853.29,2026-02-14
INV-00204,C-1015,2025-11-04,2076.07,
INV-00205,C-1015,2025-12-04,7530.99,
INV-00206,C-1015,2026-02-08,10200.33,
INV-00207,C-1016,2025-01-14,5211.99,2025-05-24
INV-00208,C-1016,2025-02-16,11492.42,2025-07-15
INV-00209,C-1016,2025-04-10,13072.55,2025-08-26
INV-00210,C-1016,2025-06-11,12643.49,
INV-00211,C-1016,2025-08-07,9374.25,2025-12-05
INV-00212,C-1016,2025-08-28,12622.54,2026-01-30
INV-00213,C-1016,2025-09-01,4231.87,2026-01-23
INV-00214,C-1016,2025-09-23,4618.87,2026-02-27
INV-00215,C-1016,2025-10-16,9609.59,2026-03-11
INV-00216,C-1016,2025-11-10,12928.39,2026-03-28
INV-00217,C-1016,2025-12-29,5947.56,
INV-00218,C-1016,2025-12-31,2113.36,
INV-00219,C-1016,2026-01-04,16178.74,
INV-00220,C-1016,2026-01-10,6109.05,
INV-00221,C-1016,2026-01-15,11351.50,
INV-00222,C-1016,2026-02-02,5492.36,
INV-00223,C-1016,2026-02-22,12898.11,
INV-00224,C-1017,2025-03-06,5304.13,2025-09-12
INV-00225,C-1017,2025-04-03,4986.26,2025-10-11
INV-00226,C-1017,2025-04-20,13600.76,2025-09-29
INV-00227,C-1017,2025-05-08,18117.93,2025-10-28
INV-00228,C-1017,2025-05-29,21747.37,2025-11-10
INV-00229,C-1017,2025-08-06,10195.17,2026-02-02
INV-00230,C-1017,2025-09-09,5063.15,2026-03-27
INV-00231,C-1017,2025-09-15,8827.33,
INV-00232,C-1017,2025-10-07,13896.72,2026-03-17
INV-00233,C-1017,2025-10-16,8199.50,
INV-00234,C-1017,2025-11-04,4149.74,
INV-00235,C-1017,2025-11-05,8021.23,
INV-00236,C-1017,2025-11-13,7185.48,
INV-00237,C-1017,2026-01-30,14507.36,
INV-00238,C-1017,2026-02-10,12544.32,
INV-00239,C-1018,2025-02-03,10002.63,2025-05-17
INV-00240,C-1018,2025-02-04,5184.30,2025-05-25
INV-00241,C-1018,2025-02-26,10650.13,2025-06-04
INV-00242,C-1018,2025-03-05,5418.72,2026-03-28
INV-00243,C-1018,2025-03-08,4539.26,2025-07-06
INV-00244,C-1018,2025-03-15,10523.39,2025-06-13
INV-00245,C-1018,2025-05-02,9068.88,2025-09-02
INV-00246,C-1018,2025-06-22,7889.72,2025-10-28
INV-00247,C-1018,2025-07-11,7789.22,2025-11-26
INV-00248,C-1018,2025-07-26,8903.14,2025-11-15
INV-00249,C-1018,2025-08-19,8643.88,2025-11-19
INV-00250,C-1018,2025-09-23,7080.94,2025-12-21
INV-00251,C-1018,2025-10-11,8514.16,
INV-00252,C-1018,2025-10-30,5767.33,2026-02-26
INV-00253,C-1018,2026-01-29,7078.66,
INV-00254,C-1018,2026-02-28,9225.90,
INV-00255,C-1018,2026-03-01,7109.38,
INV-00256,C-1019,2025-03-13,3697.01,2025-07-24
INV-00257,C-1019,2025-04-24,10808.95,2025-08-07
INV-00258,C-1019,2025-06-07,10174.72,2025-09-30
INV-00259,C-1019,2025-07-15,6556.46,2025-11-06
INV-00260,C-1019,2025-07-27,7624.42,2025-11-22
INV-00261,C-1019,2025-09-15,1808.11,2025-12-25
INV-00262,C-1019,2025-10-14,5902.06,2026-01-22
INV-00263,C-1019,2025-11-04,12561.74,2026-01-27
INV-00264,C-1019,2025-11-07,2860.63,2026-02-26
INV-00265,C-1019,2025-12-11,10983.16,
INV-00266,C-1019,2026-02-01,7059.58,
INV-00267,C-1019,2026-02-22,13531.67,
INV-00268,C-1020,2025-01-14,12957.33,2025-05-23
INV-00269,C-1020,2025-02-21,20722.00,2025-06-29
INV-00270,C-1020,2025-04-06,7576.68,2025-08-10
INV-00271,C-1020,2025-04-19,24040.62,2025-09-27
INV-00272,C-1020,2025-05-09,14131.54,
INV-00273,C-1020,2025-05-09,14095.66,2025-08-29
INV-00274,C-1020,2025-09-17,12304.54,2026-02-15
INV-00275,C-1020,2025-12-25,21829.98,
INV-00276,C-1020,2026-01-07,16989.93,
INV-00277,C-1020,2026-01-15,14253.78,
INV-00278,C-1021,2025-03-07,6047.60,2025-09-21
INV-00279,C-1021,2025-03-29,8661.23,2025-10-12
INV-00280,C-1021,2025-04-03,6697.41,2025-10-14
INV-00281,C-1021,2025-04-04,3933.99,2025-10-22
INV-00282,C-1021,2025-04-05,11546.86,
INV-00283,C-1021,2025-04-08,4936.35,2025-10-18
INV-00284,C-1021,2025-04-13,5458.60,2025-09-28
INV-00285,C-1021,2025-06-10,11149.88,2025-12-18
INV-00286,C-1021,2025-08-17,13444.02,
INV-00287,C-1021,2025-08-29,11435.02,2026-03-06
INV-00288,C-1021,2025-11-06,4231.43,
INV-00289,C-1021,2025-11-28,10125.25,
INV-00290,C-1021,2025-12-05,8318.09,
INV-00291,C-1021,2025-12-10,50.00,
INV-00292,C-1021,2026-01-29,7314.29,
INV-00293,C-1021,2026-03-06,7036.54,
INV-00294,C-1021,2026-03-30,8739.16,
INV-00295,C-1022,2025-01-15,13254.20,2026-02-25
INV-00296,C-1022,2025-02-06,17624.19,2025-05-01
INV-00297,C-1022,2025-02-06,24205.76,2025-05-17
INV-00298,C-1022,2025-02-10,14049.71,2025-06-12
INV-00299,C-1022,2025-03-16,10723.52,2025-06-18
INV-00300,C-1022,2025-03-28,13081.35,2025-06-07
INV-00301,C-1022,2025-04-03,12672.19,2025-06-24
INV-00302,C-1022,2025-04-14,11664.10,2025-07-10
INV-00303,C-1022,2025-06-03,12205.11,
INV-00304,C-1022,2025-06-20,11747.56,2025-10-15
INV-00305,C-1022,2025-08-19,12478.15,2025-11-15
INV-00306,C-1022,2025-08-19,21465.70,2025-11-16
INV-00307,C-1022,2025-11-07,17748.05,2026-01-11
INV-00308,C-1022,2025-12-05,20522.66,2026-02-04
INV-00309,C-1022,2026-01-10,13449.31,
INV-00310,C-1022,2026-02-16,17064.64,
INV-00311,C-1022,2026-02-23,14104.71,
INV-00312,C-1023,2025-02-15,14671.76,2025-10-01
INV-00313,C-1023,2025-04-05,8820.99,2025-09-29
INV-00314,C-1023,2025-05-15,10983.86,
INV-00315,C-1023,2025-05-19,22574.51,2025-12-25
INV-00316,C-1023,2025-05-20,14080.25,2025-12-05
INV-00317,C-1023,2025-06-24,17547.29,2026-02-05
INV-00318,C-1023,2025-06-28,19358.00,2025-12-22
INV-00319,C-1023,2025-08-06,7861.95,
INV-00320,C-1023,2025-08-21,16297.06,2026-03-27
INV-00321,C-1023,2025-09-22,14304.46,
INV-00322,C-1023,2025-10-05,17510.27,
INV-00323,C-1023,2025-11-06,16275.94,
INV-00324,C-1023,2025-12-10,1972.42,
INV-00325,C-1023,2026-01-09,19159.41,
INV-00326,C-1023,2026-01-15,10069.87,
INV-00327,C-1023,2026-02-09,13580.87,
INV-00328,C-1023,2026-03-27,24315.23,
INV-00329,C-1024,2025-01-09,13505.99,2025-04-07
INV-00330,C-1024,2025-02-13,14920.29,2025-05-25
INV-00331,C-1024,2025-03-08,14342.06,
INV-00332,C-1024,2025-03-31,14426.63,2025-07-11
INV-00333,C-1024,2025-04-12,8977.82,
INV-00334,C-1024,2025-06-03,12418.42,2025-09-04
INV-00335,C-1024,2025-06-18,13723.30,
INV-00336,C-1024,2025-07-26,10962.53,2025-10-15
INV-00337,C-1024,2025-10-07,3446.30,2025-12-15
INV-00338,C-1024,2025-11-07,15353.89,
INV-00339,C-1025,2025-02-25,8359.13,2025-05-29
INV-00340,C-1025,2025-03-07,5586.45,2025-05-03
INV-00341,C-1025,2025-05-04,10116.97,2025-06-23
INV-00342,C-1025,2025-06-20,9531.56,2025-09-04
INV-00343,C-1025,2025-08-04,20836.93,2025-10-02
INV-00344,C-1025,2025-08-06,9930.39,2025-10-04
INV-00345,C-1025,2025-08-08,16856.87,2025-10-14
INV-00346,C-1025,2025-08-23,12129.85,2025-10-28
INV-00347,C-1025,2025-10-09,12751.77,2025-12-08
INV-00348,C-1025,2025-12-10,4513.99,2026-02-09
INV-00349,C-1025,2026-03-06,9113.01,
INV-00350,C-1025,2026-03-20,10006.68,
INV-00351,C-1026,2025-01-13,21869.45,2025-04-20
INV-00352,C-1026,2025-03-19,16889.69,2025-07-14
INV-00353,C-1026,2025-03-30,17778.54,2025-05-21
INV-00354,C-1026,2025-06-06,12975.54,2025-08-28
INV-00355,C-1026,2025-08-29,11204.09,2025-11-20
INV-00356,C-1026,2025-10-16,17639.80,2026-01-11
INV-00357,C-1026,2025-11-28,17633.70,2026-02-18
INV-00358,C-1026,2025-12-23,21026.07,
INV-00359,C-1026,2026-01-17,9871.05,
INV-00360,C-1026,2026-03-16,18236.21,
INV-00361,C-1027,2025-02-04,14353.66,2025-09-15
INV-00362,C-1027,2025-03-15,13134.90,2025-10-21
INV-00363,C-1027,2025-04-10,17902.03,2025-11-20
INV-00364,C-1027,2025-05-14,13433.30,
INV-00365,C-1027,2025-06-23,17039.00,2026-02-18
INV-00366,C-1027,2025-07-11,10816.21,
INV-00367,C-1027,2025-07-12,18403.95,2026-02-26
INV-00368,C-1027,2025-10-15,12671.38,
INV-00369,C-1027,2025-11-12,17114.90,
INV-00370,C-1027,2025-11-25,21030.84,
INV-00371,C-1027,2025-12-22,14061.83,
INV-00372,C-1027,2026-01-03,17570.33,
INV-00373,C-1027,2026-02-10,20095.84,
INV-00374,C-1027,2026-02-25,16166.39,
INV-00375,C-1027,2026-03-17,16367.02,
INV-00376,C-1028,2025-01-03,13866.48,2025-05-17
INV-00377,C-1028,2025-01-07,11042.11,
INV-00378,C-1028,2025-02-13,8172.37,2025-05-27
INV-00379,C-1028,2025-04-07,5307.14,2025-08-02
INV-00380,C-1028,2025-04-29,9028.24,2025-08-10
INV-00381,C-1028,2025-08-08,4793.35,
INV-00382,C-1028,2025-08-11,6203.14,2025-11-18
INV-00383,C-1028,2025-08-15,8847.25,2025-12-10
INV-00384,C-1028,2025-09-08,10163.54,
INV-00385,C-1028,2025-11-03,18049.32,2026-02-19
INV-00386,C-1028,2026-01-04,7140.63,2026-03-28
INV-00387,C-1028,2026-01-12,8978.56,
INV-00388,C-1029,2025-01-04,12003.90,2025-04-25
INV-00389,C-1029,2025-01-22,14064.16,2025-03-22
INV-00390,C-1029,2025-02-02,11033.09,2025-05-03
INV-00391,C-1029,2025-03-03,50.00,2025-05-24
INV-00392,C-1029,2025-03-06,8698.01,2025-05-25
INV-00393,C-1029,2025-03-26,16168.00,2025-06-06
INV-00394,C-1029,2025-04-23,20340.96,2025-08-05
INV-00395,C-1029,2025-05-12,6632.28,2025-08-10
INV-00396,C-1029,2025-07-01,4220.70,2025-09-20
INV-00397,C-1029,2025-09-30,15149.05,2025-12-29
INV-00398,C-1029,2025-10-01,6921.25,2026-01-01
INV-00399,C-1029,2025-10-29,6671.79,2026-02-06
INV-00400,C-1029,2026-01-07,1984.24,
INV-00401,C-1029,2026-01-24,10675.42,
INV-00402,C-1029,2026-03-07,9126.41,
INV-00403,C-1029,2026-03-13,8554.49,
INV-00404,C-1029,2026-03-31,9411.81,
INV-00405,C-1030,2025-01-13,14182.48,2025-05-30
INV-00406,C-1030,2025-04-12,19794.87,
INV-00407,C-1030,2025-06-12,13770.04,2025-11-08
INV-00408,C-1030,2025-07-15,17409.04,2025-11-15
INV-00409,C-1030,2025-08-01,20650.49,
INV-00410,C-1030,2025-09-18,17848.57,
INV-00411,C-1030,2025-10-18,16719.89,
INV-00412,C-1030,2025-12-05,20121.49,
INV-00413,C-1030,2025-12-12,13260.81,
INV-00414,C-1030,2026-02-16,14631.09,
INV-00415,C-1030,2026-02-18,14380.85,
INV-00416,C-1030,2026-02-24,14053.15,
INV-00417,C-1031,2025-01-30,1346.38,2025-08-16
INV-00418,C-1031,2025-03-04,10283.10,2025-09-11
INV-00419,C-1031,2025-04-08,9627.15,2025-10-27
INV-00420,C-1031,2025-04-17,7397.75,
INV-00421,C-1031,2025-05-01,11012.31,2025-11-11
INV-00422,C-1031,2025-05-06,12598.82,2025-11-17
INV-00423,C-1031,2025-05-17,4350.85,2025-12-08
INV-00424,C-1031,2025-09-12,8513.45,2026-03-23
INV-00425,C-1031,2025-10-24,11104.38,
INV-00426,C-1031,2025-12-23,10026.05,
INV-00427,C-1031,2025-12-31,2484.38,
INV-00428,C-1031,2026-01-13,5786.86,
INV-00429,C-1031,2026-01-23,10262.43,
INV-00430,C-1031,2026-01-25,10156.18,
INV-00431,C-1031,2026-02-02,7379.28,
INV-00432,C-1032,2025-01-22,10046.97,2025-04-13
INV-00433,C-1032,2025-03-06,20358.60,2025-05-19
INV-00434,C-1032,2025-04-22,14952.43,
INV-00435,C-1032,2025-07-19,11352.47,2025-10-22
INV-00436,C-1032,2025-07-26,5790.00,2025-10-20
INV-00437,C-1032,2025-08-21,8221.68,2025-11-18
INV-00438,C-1032,2025-12-26,11258.38,
INV-00439,C-1032,2025-12-28,10457.52,2026-03-19
INV-00440,C-1032,2026-03-13,16393.75,
INV-00441,C-1032,2026-03-28,13178.74,
INV-00442,C-1033,2025-01-10,17488.81,
INV-00443,C-1033,2025-02-12,16952.55,2025-07-22
INV-00444,C-1033,2025-02-27,19045.15,2025-07-13
INV-00445,C-1033,2025-04-09,13005.10,2025-08-31
INV-00446,C-1033,2025-05-11,12851.92,2025-08-23
INV-00447,C-1033,2025-08-26,12316.66,2026-01-12
INV-00448,C-1033,2025-08-29,11733.03,2026-01-19
INV-00449,C-1033,2025-09-10,4727.72,2026-02-14
INV-00450,C-1033,2025-10-17,15944.92,
INV-00451,C-1033,2025-12-18,15531.84,
INV-00452,C-1033,2026-02-20,17492.45,
INV-00453,C-1033,2026-02-21,12550.02,
INV-00454,C-1033,2026-02-23,21284.95,
INV-00455,C-1033,2026-02-25,12283.19,
INV-00456,C-1033,2026-03-07,13463.78,
INV-00457,C-1034,2025-02-05,11914.49,2025-05-11
INV-00458,C-1034,2025-03-23,4385.38,
INV-00459,C-1034,2025-03-24,8842.32,2025-06-05
INV-00460,C-1034,2025-08-25,10138.95,2025-12-02
INV-00461,C-1034,2025-09-06,4134.04,2025-11-15
INV-00462,C-1034,2025-11-02,10431.31,2026-02-14
INV-00463,C-1034,2025-12-29,10204.96,2026-03-14
INV-00464,C-1034,2026-02-14,10414.56,
INV-00465,C-1034,2026-03-04,17955.34,
INV-00466,C-1034,2026-03-21,9689.11,
INV-00467,C-1035,2025-01-24,361.89,2025-08-31
INV-00468,C-1035,2025-02-23,8969.76,2025-11-06
INV-00469,C-1035,2025-03-12,7523.18,2025-10-26
INV-00470,C-1035,2025-06-27,5130.16,2026-02-17
INV-00471,C-1035,2025-07-23,16543.62,
INV-00472,C-1035,2025-09-26,12853.79,
INV-00473,C-1035,2025-11-20,8184.42,
INV-00474,C-1035,2025-12-06,10175.56,
INV-00475,C-1035,2025-12-14,7696.81,
INV-00476,C-1035,2026-02-21,8946.63,
INV-00477,C-1036,2025-01-05,14482.25,2025-08-21
INV-00478,C-1036,2025-01-09,21331.05,2025-09-24
INV-00479,C-1036,2025-02-14,9341.11,2025-10-10
INV-00480,C-1036,2025-04-01,11685.56,2025-11-22
INV-00481,C-1036,2025-04-27,9159.68,2025-12-05
INV-00482,C-1036,2025-06-03,24755.47,
INV-00483,C-1036,2025-06-27,12972.20,
INV-00484,C-1036,2025-07-04,13624.20,
INV-00485,C-1036,2025-08-22,22366.42,
INV-00486,C-1036,2025-09-23,15259.73,
INV-00487,C-1036,2025-10-02,23442.05,
INV-00488,C-1036,2025-12-01,17445.97,
INV-00489,C-1036,2026-01-19,14308.29,
INV-00490,C-1036,2026-01-21,8796.34,
INV-00491,C-1036,2026-03-05,10694.44,
INV-00492,C-1037,2025-02-19,4138.58,2025-05-16
INV-00493,C-1037,2025-02-22,15446.68,2025-05-25
INV-00494,C-1037,2025-04-13,11793.99,2025-08-05
INV-00495,C-1037,2025-06-07,11932.10,
INV-00496,C-1037,2025-06-20,7664.17,2025-10-30
INV-00497,C-1037,2025-07-06,2746.29,2025-10-02
INV-00498,C-1037,2025-08-08,11034.46,
INV-00499,C-1037,2025-08-26,6302.79,
INV-00500,C-1037,2025-11-07,12412.31,
INV-00501,C-1037,2025-12-03,11812.83,2026-03-27
INV-00502,C-1037,2025-12-08,7837.65,
INV-00503,C-1037,2025-12-23,7021.01,
INV-00504,C-1037,2025-12-25,9406.33,
INV-00505,C-1037,2026-02-07,4331.22,
INV-00506,C-1037,2026-03-07,10209.18,
INV-00507,C-1038,2025-01-23,693.87,
INV-00508,C-1038,2025-03-17,12685.34,2025-08-10
INV-00509,C-1038,2025-03-22,12546.26,2025-07-31
INV-00510,C-1038,2025-08-12,9831.16,2025-12-21
INV-00511,C-1038,2025-09-11,15764.09,2026-02-05
INV-00512,C-1038,2025-10-11,7210.24,
INV-00513,C-1038,2025-10-14,9822.45,2026-03-03
INV-00514,C-1038,2025-10-28,7920.94,2026-03-16
INV-00515,C-1038,2025-12-21,9591.13,
INV-00516,C-1038,2026-02-02,14377.23,
INV-00517,C-1038,2026-02-24,1687.22,
INV-00518,C-1038,2026-03-12,8813.94,
INV-00519,C-1039,2025-01-08,4546.77,2025-05-23
INV-00520,C-1039,2025-02-28,8812.92,2025-06-04
INV-00521,C-1039,2025-05-05,5178.13,2025-08-09
INV-00522,C-1039,2025-05-17,7792.26,2025-08-14
INV-00523,C-1039,2025-05-22,4606.45,2025-09-09
INV-00524,C-1039,2025-06-11,7789.33,2025-09-09
INV-00525,C-1039,2025-08-13,7108.02,2025-12-23
INV-00526,C-1039,2025-10-19,751.81,2026-01-23
INV-00527,C-1039,2025-12-15,2443.20,
INV-00528,C-1039,2026-01-24,1248.81,
INV-00529,C-1040,2025-01-01,14164.45,2025-02-11
INV-00530,C-1040,2025-01-14,7265.10,2025-04-07
INV-00531,C-1040,2025-01-15,17080.18,2025-04-07
INV-00532,C-1040,2025-02-16,9778.57,2025-04-21
INV-00533,C-1040,2025-03-30,5714.11,
INV-00534,C-1040,2025-04-08,12505.28,2025-06-24
INV-00535,C-1040,2025-04-10,7653.70,2025-07-01
INV-00536,C-1040,2025-05-09,11603.90,2025-06-20
INV-00537,C-1040,2025-06-15,13497.43,2025-09-08
INV-00538,C-1040,2025-06-23,12542.03,2025-09-27
INV-00539,C-1040,2025-07-06,6435.57,2025-09-13
INV-00540,C-1040,2025-08-04,13728.63,2025-10-13
INV-00541,C-1040,2025-09-29,7761.22,2025-11-09
INV-00542,C-1040,2026-02-04,15486.56,2026-03-23
INV-00543,C-1040,2026-02-22,12190.08,
INV-00544,C-1041,2025-01-03,50.00,2025-01-15
INV-00545,C-1041,2025-02-17,730.30,2025-03-28
INV-00546,C-1041,2025-03-19,1349.36,2025-04-14
INV-00547,C-1041,2025-03-23,744.91,
INV-00548,C-1041,2025-04-11,1497.25,2025-05-22
INV-00549,C-1041,2025-04-19,50.00,2025-05-25
INV-00550,C-1041,2025-05-17,858.12,2025-06-03
INV-00551,C-1041,2025-05-24,1518.11,2025-06-21
INV-00552,C-1041,2025-07-01,1459.86,2025-07-26
INV-00553,C-1041,2025-07-21,2801.79,2025-08-08
INV-00554,C-1041,2025-08-29,1075.77,2025-10-07
INV-00555,C-1041,2025-08-31,924.36,2025-10-04
INV-00556,C-1041,2025-09-10,2056.32,2025-10-10
INV-00557,C-1041,2025-09-20,1425.30,2025-10-09
INV-00558,C-1041,2025-10-10,719.82,2025-11-05
INV-00559,C-1041,2025-10-17,1239.24,2025-11-22
INV-00560,C-1041,2025-11-02,624.65,
INV-00561,C-1041,2025-11-11,1636.26,2025-12-02
INV-00562,C-1041,2025-12-24,805.35,2026-01-22
INV-00563,C-1041,2025-12-26,876.69,2026-01-29
INV-00564,C-1041,2025-12-27,750.14,2026-01-17
INV-00565,C-1041,2025-12-28,1404.05,2026-01-27
INV-00566,C-1041,2026-01-27,964.86,2026-02-12
INV-00567,C-1041,2026-01-30,50.00,2026-02-14
INV-00568,C-1041,2026-03-26,1810.91,
INV-00569,C-1042,2025-01-14,711.06,2025-02-16
INV-00570,C-1042,2025-01-23,50.00,2025-03-26
INV-00571,C-1042,2025-02-03,736.97,2025-03-19
INV-00572,C-1042,2025-02-16,705.85,2025-03-16
INV-00573,C-1042,2025-03-03,794.01,2025-03-31
INV-00574,C-1042,2025-03-10,280.70,2025-04-17
INV-00575,C-1042,2025-03-19,1203.05,2025-05-03
INV-00576,C-1042,2025-03-20,1206.59,2025-04-30
INV-00577,C-1042,2025-03-21,1623.71,2025-04-24
INV-00578,C-1042,2025-04-02,411.07,2025-05-05
INV-00579,C-1042,2025-04-15,1702.29,2025-05-15
INV-00580,C-1042,2025-04-24,877.90,2025-05-27
INV-00581,C-1042,2025-05-03,634.64,2025-06-24
INV-00582,C-1042,2025-05-12,372.06,
INV-00583,C-1042,2025-05-12,1055.07,2025-06-11
INV-00584,C-1042,2025-05-18,1651.29,2025-06-23
INV-00585,C-1042,2025-05-20,1387.62,2025-06-21
INV-00586,C-1042,2025-05-23,1196.23,2025-06-22
INV-00587,C-1042,2025-05-24,3041.64,2025-07-03
INV-00588,C-1042,2025-05-31,938.60,2025-06-21
INV-00589,C-1042,2025-06-06,388.91,2025-07-08
INV-00590,C-1042,2025-06-27,1133.48,2025-07-25
INV-00591,C-1042,2025-06-29,50.00,2025-08-14
INV-00592,C-1042,2025-07-21,1385.17,2025-09-12
INV-00593,C-1042,2025-08-12,1594.65,2025-09-20
INV-00594,C-1042,2025-09-02,80.91,2025-09-25
INV-00595,C-1042,2025-09-08,688.53,2025-10-24
INV-00596,C-1042,2025-09-16,59.44,2025-11-04
INV-00597,C-1042,2025-11-13,50.00,2025-12-05
INV-00598,C-1042,2025-12-03,989.18,2026-01-08
INV-00599,C-1042,2025-12-11,109.61,2026-01-10
INV-00600,C-1042,2025-12-12,50.00,2026-01-19
INV-00601,C-1042,2025-12-12,1319.18,2026-01-18
INV-00602,C-1042,2026-01-29,863.15,2026-03-01
INV-00603,C-1042,2026-02-08,1200.84,2026-02-25
INV-00604,C-1042,2026-02-11,50.00,2026-03-12
INV-00605,C-1042,2026-03-01,1130.93,
INV-00606,C-1042,2026-03-13,845.07,
INV-00607,C-1042,2026-03-18,275.58,
INV-00608,C-1042,2026-03-26,1252.55,
INV-00609,C-1043,2025-03-08,1108.95,2025-04-01
INV-00610,C-1043,2025-03-18,1046.00,2025-03-28
INV-00611,C-1043,2025-03-18,1534.33,2025-04-25
INV-00612,C-1043,2025-03-24,2053.28,2025-05-06
INV-00613,C-1043,2025-04-01,1704.93,2025-04-28
INV-00614,C-1043,2025-04-10,2112.91,2025-05-10
INV-00615,C-1043,2025-04-17,1266.45,2025-05-27
INV-00616,C-1043,2025-04-23,1975.63,2025-05-21
INV-00617,C-1043,2025-04-29,1131.24,2025-06-03
INV-00618,C-1043,2025-05-09,2185.30,2025-06-04
INV-00619,C-1043,2025-05-18,2394.44,2025-06-20
INV-00620,C-1043,2025-05-20,1396.48,2025-06-25
INV-00621,C-1043,2025-05-30,217.71,2025-06-26
INV-00622,C-1043,2025-06-13,573.23,2025-07-04
INV-00623,C-1043,2025-06-20,143.45,2025-07-15
INV-00624,C-1043,2025-07-28,653.60,2025-08-29
INV-00625,C-1043,2025-08-07,1997.45,2025-09-16
INV-00626,C-1043,2025-09-02,1447.17,2025-10-04
INV-00627,C-1043,2025-09-14,2378.83,2025-10-14
INV-00628,C-1043,2025-09-15,1969.80,2025-09-28
INV-00629,C-1043,2025-09-16,1450.54,2025-10-09
INV-00630,C-1043,2025-09-22,1706.41,2025-10-07
INV-00631,C-1043,2025-10-17,2045.08,2025-12-01
INV-00632,C-1043,2025-10-27,2657.05,2025-11-21
INV-00633,C-1043,2025-11-27,1882.28,
INV-00634,C-1043,2025-12-05,965.99,2026-01-12
INV-00635,C-1043,2025-12-25,1466.19,2026-02-07
INV-00636,C-1043,2025-12-29,1473.67,2026-01-27
INV-00637,C-1043,2026-01-02,957.88,2026-02-05
INV-00638,C-1043,2026-01-30,1005.88,2026-02-28
INV-00639,C-1043,2026-02-04,1461.39,2026-02-22
INV-00640,C-1043,2026-02-08,2417.26,2026-03-02
INV-00641,C-1044,2025-01-16,984.17,
INV-00642,C-1044,2025-02-01,1611.46,2025-03-09
INV-00643,C-1044,2025-02-14,936.36,2025-03-21
INV-00644,C-1044,2025-02-15,50.00,2025-03-29
INV-00645,C-1044,2025-02-16,943.01,2025-04-20
INV-00646,C-1044,2025-02-26,1392.29,2025-03-28
INV-00647,C-1044,2025-03-10,636.28,2025-04-27
INV-00648,C-1044,2025-03-15,50.00,2025-04-11
INV-00649,C-1044,2025-04-22,783.48,2025-06-29
INV-00650,C-1044,2025-05-23,2189.65,2025-07-09
INV-00651,C-1044,2025-06-06,1817.89,2025-07-21
INV-00652,C-1044,2025-07-29,1826.33,
INV-00653,C-1044,2025-08-10,50.00,2025-09-09
INV-00654,C-1044,2025-09-18,2116.39,2025-10-28
INV-00655,C-1044,2025-09-24,689.08,2025-11-24
INV-00656,C-1044,2025-10-12,572.03,2025-11-12
INV-00657,C-1044,2025-10-15,1327.78,2025-12-01
INV-00658,C-1044,2025-11-07,437.02,2025-12-12
INV-00659,C-1044,2025-11-14,50.00,2026-01-08
INV-00660,C-1044,2026-01-16,50.00,2026-02-14
INV-00661,C-1044,2026-02-05,342.14,2026-03-24
INV-00662,C-1044,2026-02-12,2248.11,2026-03-28
INV-00663,C-1044,2026-03-22,523.49,
INV-00664,C-1044,2026-03-29,302.83,
INV-00665,C-1044,2026-03-30,1280.76,
INV-00666,C-1045,2025-02-15,50.00,2025-03-28
INV-00667,C-1045,2025-02-17,1502.45,2025-03-12
INV-00668,C-1045,2025-02-27,657.14,2025-03-22
INV-00669,C-1045,2025-04-26,1044.76,2025-05-24
INV-00670,C-1045,2025-05-14,50.00,2025-06-08
INV-00671,C-1045,2025-05-19,964.22,2025-06-07
INV-00672,C-1045,2025-06-30,771.54,2025-07-26
INV-00673,C-1045,2025-07-02,366.83,2025-07-28
INV-00674,C-1045,2025-07-19,1517.06,2025-08-11
INV-00675,C-1045,2025-08-01,1869.78,2025-08-31
INV-00676,C-1045,2025-08-18,807.27,2025-09-14
INV-00677,C-1045,2025-09-21,671.81,2025-10-12
INV-00678,C-1045,2025-10-23,1494.01,2025-12-05
INV-00679,C-1045,2025-10-28,1519.67,2025-11-20
INV-00680,C-1045,2025-11-19,1761.25,2025-12-11
INV-00681,C-1045,2025-11-30,672.85,2025-12-26
INV-00682,C-1045,2025-12-01,393.99,2025-12-14
INV-00683,C-1045,2026-01-11,478.42,2026-02-05
INV-00684,C-1045,2026-01-23,1383.26,2026-02-15
INV-00685,C-1045,2026-01-24,726.17,2026-02-20
INV-00686,C-1045,2026-02-10,1383.10,2026-03-10
INV-00687,C-1045,2026-02-11,1563.34,2026-03-06
INV-00688,C-1045,2026-02-26,132.95,2026-03-21
INV-00689,C-1045,2026-03-05,1230.27,2026-03-26
INV-00690,C-1045,2026-03-31,258.13,
INV-00691,C-1046,2025-01-16,1250.72,2025-02-06
INV-00692,C-1046,2025-01-22,2370.96,2025-02-21
INV-00693,C-1046,2025-02-05,799.20,2025-03-13
INV-00694,C-1046,2025-02-20,1439.38,2025-07-22
INV-00695,C-1046,2025-02-20,2525.32,2025-03-23
INV-00696,C-1046,2025-03-06,1602.90,2025-03-30
INV-00697,C-1046,2025-03-09,1878.56,2025-04-10
INV-00698,C-1046,2025-05-14,2051.60,2025-06-04
INV-00699,C-1046,2025-06-11,2301.20,2025-06-21
INV-00700,C-1046,2025-08-03,2586.99,2025-08-22
INV-00701,C-1046,2025-08-04,2011.00,2025-08-23
INV-00702,C-1046,2025-08-20,183.60,2025-09-28
INV-00703,C-1046,2025-08-22,1952.66,2025-09-20
INV-00704,C-1046,2025-08-24,1249.82,2025-09-18
INV-00705,C-1046,2025-09-15,1336.68,2025-09-22
INV-00706,C-1046,2025-10-10,1562.41,2025-11-15
INV-00707,C-1046,2025-10-17,150.18,2025-11-27
INV-00708,C-1046,2025-10-22,629.50,2025-11-13
INV-00709,C-1046,2025-11-18,2037.27,2025-12-16
INV-00710,C-1046,2025-11-23,277.28,2026-01-07
INV-00711,C-1046,2025-12-07,1697.50,2026-01-08
INV-00712,C-1046,2025-12-19,662.81,2026-01-25
INV-00713,C-1046,2026-01-02,1881.71,2026-01-31
INV-00714,C-1046,2026-02-18,1827.34,2026-03-30
INV-00715,C-1046,2026-03-09,1448.86,
INV-00716,C-1047,2025-01-18,1300.88,2025-02-21
INV-00717,C-1047,2025-01-21,602.04,2025-02-25
INV-00718,C-1047,2025-01-25,699.94,2025-02-17
INV-00719,C-1047,2025-02-05,1581.27,2025-02-17
INV-00720,C-1047,2025-02-14,1346.81,2025-03-25
INV-00721,C-1047,2025-03-13,1363.74,2025-04-06
INV-00722,C-1047,2025-03-24,1364.01,2025-04-23
INV-00723,C-1047,2025-03-28,2523.09,2025-04-27
INV-00724,C-1047,2025-04-01,958.38,2025-05-08
INV-00725,C-1047,2025-04-13,850.34,2025-05-06
INV-00726,C-1047,2025-04-17,1381.46,2025-05-27
INV-00727,C-1047,2025-04-17,1044.81,2025-05-25
INV-00728,C-1047,2025-04-30,478.76,2025-05-18
INV-00729,C-1047,2025-05-02,1038.91,2025-05-30
INV-00730,C-1047,2025-05-17,1160.82,2025-06-21
INV-00731,C-1047,2025-06-17,1053.67,2025-07-17
INV-00732,C-1047,2025-06-20,1924.92,2025-07-14
INV-00733,C-1047,2025-06-23,1817.50,2025-07-11
INV-00734,C-1047,2025-07-06,1886.76,2025-08-08
INV-00735,C-1047,2025-07-07,2037.75,2025-08-06
INV-00736,C-1047,2025-08-14,1345.18,2025-08-29
INV-00737,C-1047,2025-09-21,2286.79,2025-10-25
INV-00738,C-1047,2025-09-27,2354.40,2025-10-19
INV-00739,C-1047,2025-10-02,751.62,2025-11-03
INV-00740,C-1047,2025-10-03,1761.44,2025-11-13
INV-00741,C-1047,2025-10-08,481.82,2025-11-13
INV-00742,C-1047,2025-10-11,168.53,2025-11-10
INV-00743,C-1047,2025-10-24,1969.65,
INV-00744,C-1047,2025-10-27,50.00,2025-11-26
INV-00745,C-1047,2025-10-28,949.08,2025-11-23
INV-00746,C-1047,2025-11-05,2265.40,2025-12-13
INV-00747,C-1047,2025-11-09,140.05,2025-12-10
INV-00748,C-1047,2025-11-10,1560.67,2025-12-10
INV-00749,C-1047,2025-11-29,1239.63,2025-11-30
INV-00750,C-1047,2025-12-06,513.11,2025-12-23
INV-00751,C-1047,2025-12-23,2300.88,2026-01-15
INV-00752,C-1047,2026-02-07,797.10,2026-03-13
INV-00753,C-1047,2026-02-24,657.88,2026-03-17
INV-00754,C-1047,2026-03-13,1396.90,
INV-00755,C-1047,2026-03-19,2674.10,
INV-00756,C-1048,2025-01-03,2356.27,2025-02-13
INV-00757,C-1048,2025-01-03,1804.91,2025-02-01
INV-00758,C-1048,2025-01-10,1921.04,2025-02-19
INV-00759,C-1048,2025-01-18,970.85,2025-06-29
INV-00760,C-1048,2025-01-24,2190.07,2025-03-06
INV-00761,C-1048,2025-02-24,2454.56,2025-03-26
INV-00762,C-1048,2025-03-05,2682.99,2025-04-01
INV-00763,C-1048,2025-03-15,2230.46,2025-04-19
INV-00764,C-1048,2025-03-22,1579.61,2025-04-26
INV-00765,C-1048,2025-04-27,2340.87,2025-06-08
INV-00766,C-1048,2025-05-05,1435.41,2025-05-25
INV-00767,C-1048,2025-05-05,2652.08,
INV-00768,C-1048,2025-06-01,1825.66,2025-12-01
INV-00769,C-1048,2025-06-17,1825.34,2025-07-19
INV-00770,C-1048,2025-07-07,3105.64,2025-08-22
INV-00771,C-1048,2025-08-19,1215.52,2025-09-13
INV-00772,C-1048,2025-11-22,4570.98,2025-12-23
INV-00773,C-1048,2025-11-23,2179.25,2026-01-03
INV-00774,C-1048,2025-12-03,1506.04,2025-12-20
INV-00775,C-1048,2025-12-05,2388.77,2026-01-06
INV-00776,C-1048,2026-01-12,1206.33,2026-03-02
INV-00777,C-1048,2026-01-13,3406.26,2026-02-15
INV-00778,C-1048,2026-01-14,2207.32,2026-02-19
INV-00779,C-1048,2026-01-18,1741.26,2026-03-04
INV-00780,C-1048,2026-01-31,2076.85,2026-02-24
INV-00781,C-1048,2026-02-02,2076.93,2026-02-26
INV-00782,C-1048,2026-02-03,2042.64,2026-03-10
INV-00783,C-1048,2026-02-09,2832.70,2026-03-14
INV-00784,C-1048,2026-02-12,1469.54,2026-03-21
INV-00785,C-1048,2026-02-28,3114.38,2026-03-21
INV-00786,C-1048,2026-03-20,1046.89,
INV-00787,C-1048,2026-03-23,1642.46,
INV-00788,C-1049,2025-01-24,1538.29,2025-02-23
INV-00789,C-1049,2025-01-27,1755.04,2025-02-24
INV-00790,C-1049,2025-01-29,1743.49,2025-02-08
INV-00791,C-1049,2025-02-19,1236.98,2025-03-17
INV-00792,C-1049,2025-02-28,1208.18,2025-04-03
INV-00793,C-1049,2025-03-02,429.51,2025-04-09
INV-00794,C-1049,2025-03-07,50.00,2025-04-04
INV-00795,C-1049,2025-03-09,2048.64,2025-03-27
INV-00796,C-1049,2025-03-28,759.51,2025-05-17
INV-00797,C-1049,2025-04-16,1358.96,2025-05-13
INV-00798,C-1049,2025-05-03,1006.04,2025-05-29
INV-00799,C-1049,2025-05-09,1564.18,2025-06-07
INV-00800,C-1049,2025-05-18,2811.59,2025-06-11
INV-00801,C-1049,2025-05-20,1904.58,2025-06-20
INV-00802,C-1049,2025-05-25,1681.45,2025-06-27
INV-00803,C-1049,2025-05-30,1447.62,2025-06-17
INV-00804,C-1049,2025-07-06,2539.32,2025-08-10
INV-00805,C-1049,2025-07-19,2243.47,2025-07-29
INV-00806,C-1049,2025-07-25,2445.71,2025-09-01
INV-00807,C-1049,2025-09-10,1075.00,2025-10-14
INV-00808,C-1049,2025-09-24,1553.98,2025-10-30
INV-00809,C-1049,2025-10-07,1065.46,2025-11-14
INV-00810,C-1049,2025-11-13,692.25,2025-12-02
INV-00811,C-1049,2026-01-31,1428.64,2026-03-13
INV-00812,C-1049,2026-02-14,2762.57,2026-03-19
INV-00813,C-1050,2025-01-06,1704.42,2025-02-07
INV-00814,C-1050,2025-01-18,710.87,2025-02-22
INV-00815,C-1050,2025-01-19,1909.47,2025-02-08
INV-00816,C-1050,2025-02-01,1190.58,2025-03-14
INV-00817,C-1050,2025-02-16,1414.37,2025-03-13
INV-00818,C-1050,2025-03-23,1515.12,2025-04-23
INV-00819,C-1050,2025-03-24,678.19,2026-01-22
INV-00820,C-1050,2025-03-31,344.74,2025-04-29
INV-00821,C-1050,2025-04-09,50.00,2025-05-12
INV-00822,C-1050,2025-04-10,455.35,2025-05-02
INV-00823,C-1050,2025-04-12,2892.92,2025-05-10
INV-00824,C-1050,2025-06-16,145.77,
INV-00825,C-1050,2025-06-18,983.80,2025-07-10
INV-00826,C-1050,2025-06-24,1627.47,2025-07-28
INV-00827,C-1050,2025-06-28,2151.21,2025-07-31
INV-00828,C-1050,2025-07-12,1817.78,2025-08-03
INV-00829,C-1050,2025-08-11,970.68,2025-09-09
INV-00830,C-1050,2025-08-19,1583.70,2025-09-15
INV-00831,C-1050,2025-09-19,2043.20,2025-10-19
INV-00832,C-1050,2025-09-22,1884.41,2025-10-23
INV-00833,C-1050,2025-09-22,1162.60,2025-10-28
INV-00834,C-1050,2025-10-05,1921.80,2025-10-21
INV-00835,C-1050,2025-11-07,1316.97,2025-12-04
INV-00836,C-1050,2025-11-19,2111.69,2026-01-07
INV-00837,C-1050,2025-12-30,505.11,2026-01-25
INV-00838,C-1050,2025-12-30,1618.71,2026-02-05
INV-00839,C-1050,2026-01-04,1774.41,2026-01-20
INV-00840,C-1050,2026-01-27,830.54,2026-03-07
INV-00841,C-1050,2026-01-30,787.72,2026-03-03
INV-00842,C-1050,2026-02-09,480.95,2026-02-27
INV-00843,C-1050,2026-02-27,2616.34,
INV-00844,C-1050,2026-03-24,440.82,
INV-00845,C-1051,2025-01-02,50.00,2025-02-20
INV-00846,C-1051,2025-02-07,67.22,2025-03-03
INV-00847,C-1051,2025-02-13,605.76,2025-03-11
INV-00848,C-1051,2025-02-18,1339.91,2025-03-26
INV-00849,C-1051,2025-02-19,204.80,2025-03-13
INV-00850,C-1051,2025-03-14,2970.67,2025-04-07
INV-00851,C-1051,2025-03-15,1482.46,2025-04-05
INV-00852,C-1051,2025-04-30,1385.04,2025-05-28
INV-00853,C-1051,2025-05-02,898.04,2025-05-29
INV-00854,C-1051,2025-05-09,380.59,
INV-00855,C-1051,2025-06-16,1314.90,2025-07-26
INV-00856,C-1051,2025-06-20,50.00,2025-07-21
INV-00857,C-1051,2025-08-04,1224.44,2025-09-05
INV-00858,C-1051,2025-08-19,2076.73,2025-10-01
INV-00859,C-1051,2025-09-12,1962.94,2025-09-28
INV-00860,C-1051,2025-10-20,688.12,2025-11-29
INV-00861,C-1051,2025-10-27,1212.72,2025-11-25
INV-00862,C-1051,2025-11-10,1489.58,2025-12-21
INV-00863,C-1051,2025-11-21,514.54,2026-01-01
INV-00864,C-1051,2025-11-24,2431.23,2025-12-20
INV-00865,C-1051,2025-12-01,1260.66,2026-01-10
INV-00866,C-1051,2025-12-05,1687.51,2026-01-10
INV-00867,C-1051,2025-12-22,1660.25,2026-01-20
INV-00868,C-1051,2025-12-29,1455.23,2026-01-12
INV-00869,C-1051,2026-01-31,1518.37,2026-03-11
INV-00870,C-1052,2025-01-18,1348.11,2025-02-23
INV-00871,C-1052,2025-01-18,1433.42,2025-02-13
INV-00872,C-1052,2025-01-20,736.33,2025-02-21
INV-00873,C-1052,2025-02-13,1291.99,2025-03-11
INV-00874,C-1052,2025-02-21,1315.64,2025-04-08
INV-00875,C-1052,2025-02-24,1500.67,2025-03-18
INV-00876,C-1052,2025-03-31,1933.25,2025-05-20
INV-00877,C-1052,2025-04-07,2348.40,2025-05-17
INV-00878,C-1052,2025-04-10,1598.87,
INV-00879,C-1052,2025-04-10,1871.46,2025-05-10
INV-00880,C-1052,2025-04-21,1807.19,2025-05-25
INV-00881,C-1052,2025-04-29,2392.78,2025-05-28
INV-00882,C-1052,2025-05-29,426.96,2025-07-14
INV-00883,C-1052,2025-06-15,2316.96,2025-07-22
INV-00884,C-1052,2025-06-20,1264.82,2025-07-24
INV-00885,C-1052,2025-06-23,1278.98,2025-08-02
INV-00886,C-1052,2025-07-01,1420.07,2025-08-06
INV-00887,C-1052,2025-07-14,1856.72,2025-08-02
INV-00888,C-1052,2025-07-26,1698.51,2025-08-28
INV-00889,C-1052,2025-09-20,2304.50,2025-10-15
INV-00890,C-1052,2025-09-28,1163.63,2025-10-31
INV-00891,C-1052,2025-11-05,1655.60,2025-11-30
INV-00892,C-1052,2025-11-20,2215.62,2025-12-16
INV-00893,C-1052,2025-11-22,483.58,2025-12-21
INV-00894,C-1052,2025-11-25,1227.91,2026-01-04
INV-00895,C-1052,2025-12-25,2644.92,2026-01-23
INV-00896,C-1052,2026-01-26,2382.48,2026-02-18
INV-00897,C-1052,2026-02-01,1658.86,
INV-00898,C-1052,2026-03-17,1300.45,
INV-00899,C-1052,2026-03-22,2265.96,
INV-00900,C-1052,2026-03-24,2897.58,
INV-00901,C-1052,2026-03-24,1999.57,
INV-00902,C-1053,2025-01-08,2794.57,2025-01-26
INV-00903,C-1053,2025-01-20,3135.02,2025-02-08
INV-00904,C-1053,2025-02-17,2594.70,2025-04-01
INV-00905,C-1053,2025-02-21,2488.28,2025-03-18
INV-00906,C-1053,2025-03-07,2218.06,2025-04-02
INV-00907,C-1053,2025-03-20,239.82,2025-04-15
INV-00908,C-1053,2025-03-24,1905.42,2025-04-04
INV-00909,C-1053,2025-04-03,2245.86,2025-05-01
INV-00910,C-1053,2025-04-29,2142.64,2025-05-27
INV-00911,C-1053,2025-06-04,2512.19,2025-07-01
INV-00912,C-1053,2025-06-14,2848.26,2025-07-14
INV-00913,C-1053,2025-06-27,2618.55,2025-07-08
INV-00914,C-1053,2025-06-27,1873.39,2025-07-17
INV-00915,C-1053,2025-06-29,2084.20,2025-08-01
INV-00916,C-1053,2025-07-02,2034.11,2025-07-28
INV-00917,C-1053,2025-07-29,1272.20,2025-09-05
INV-00918,C-1053,2025-08-12,2038.68,2025-09-18
INV-00919,C-1053,2025-08-12,2140.86,2025-09-05
INV-00920,C-1053,2025-08-30,1138.40,2025-09-17
INV-00921,C-1053,2025-09-08,2271.08,2025-10-23
INV-00922,C-1053,2025-09-10,1511.90,2025-10-16
INV-00923,C-1053,2025-09-12,3695.49,2025-10-14
INV-00924,C-1053,2025-09-27,2634.30,2025-10-27
INV-00925,C-1053,2025-11-19,1912.43,2025-12-16
INV-00926,C-1053,2025-12-14,2274.73,2026-01-02
INV-00927,C-1053,2025-12-19,2685.04,2026-02-01
INV-00928,C-1053,2026-01-11,2373.45,2026-02-06
INV-00929,C-1053,2026-02-25,3129.29,
INV-00930,C-1053,2026-02-28,1980.08,2026-03-22
INV-00931,C-1053,2026-03-10,2027.55,
INV-00932,C-1053,2026-03-13,2471.27,
INV-00933,C-1053,2026-03-25,2205.26,
INV-00934,C-1054,2025-01-29,2488.85,2025-03-08
INV-00935,C-1054,2025-02-11,1131.00,2025-04-08
INV-00936,C-1054,2025-03-22,3595.45,2025-04-16
INV-00937,C-1054,2025-03-26,1285.22,2025-04-21
INV-00938,C-1054,2025-05-02,1578.01,2025-06-03
INV-00939,C-1054,2025-05-13,1267.21,2025-06-17
INV-00940,C-1054,2025-05-13,1805.38,2025-06-12
INV-00941,C-1054,2025-06-30,1418.73,2025-08-01
INV-00942,C-1054,2025-07-03,1422.12,2025-07-22
INV-00943,C-1054,2025-07-16,849.06,2025-08-18
INV-00944,C-1054,2025-08-19,2370.38,2025-09-16
INV-00945,C-1054,2025-08-20,1757.50,2025-09-28
INV-00946,C-1054,2025-08-22,1678.40,2025-09-24
INV-00947,C-1054,2025-09-15,3621.03,2025-10-12
INV-00948,C-1054,2025-09-25,1068.34,2025-10-25
INV-00949,C-1054,2025-09-29,1941.26,2025-10-14
INV-00950,C-1054,2025-10-09,1826.97,
INV-00951,C-1054,2025-10-27,1787.01,2025-11-22
INV-00952,C-1054,2025-10-30,1176.88,2025-12-07
INV-00953,C-1054,2025-11-24,2918.86,
INV-00954,C-1054,2025-12-09,571.16,2026-01-19
INV-00955,C-1054,2025-12-17,1407.28,2026-01-09
INV-00956,C-1054,2026-02-09,1249.24,2026-03-12
INV-00957,C-1054,2026-03-05,1968.38,
INV-00958,C-1054,2026-03-12,1250.34,
INV-00959,C-1055,2025-01-19,1169.94,2025-02-17
INV-00960,C-1055,2025-01-21,2424.17,2025-02-26
INV-00961,C-1055,2025-01-26,2103.73,2025-02-18
INV-00962,C-1055,2025-02-15,3168.24,2025-03-20
INV-00963,C-1055,2025-02-16,3300.32,2025-03-15
INV-00964,C-1055,2025-04-13,2490.53,
INV-00965,C-1055,2025-04-19,1927.66,2025-05-21
INV-00966,C-1055,2025-04-27,2685.90,2025-05-25
INV-00967,C-1055,2025-05-22,1982.89,2025-06-17
INV-00968,C-1055,2025-06-29,2813.90,2025-07-30
INV-00969,C-1055,2025-08-16,1981.55,2025-08-28
INV-00970,C-1055,2025-09-04,2135.14,2025-09-25
INV-00971,C-1055,2025-09-05,2017.19,2025-10-04
INV-00972,C-1055,2025-10-23,2452.93,2025-11-19
INV-00973,C-1055,2025-11-26,1853.58,2025-12-12
INV-00974,C-1055,2025-11-29,1997.50,2025-12-18
INV-00975,C-1055,2025-12-01,2777.07,2026-01-10
INV-00976,C-1055,2025-12-20,2024.12,2026-01-09
INV-00977,C-1055,2026-01-16,2017.96,2026-02-23
INV-00978,C-1055,2026-01-17,2204.77,2026-02-21
INV-00979,C-1055,2026-01-26,2293.33,2026-02-17
INV-00980,C-1055,2026-01-27,2430.01,2026-02-27
INV-00981,C-1055,2026-01-30,2896.35,2026-03-12
INV-00982,C-1055,2026-02-02,1935.97,2026-02-18
INV-00983,C-1055,2026-03-19,2374.43,
INV-00984,C-1056,2025-01-03,1309.75,2025-02-07
INV-00985,C-1056,2025-01-05,1791.36,2025-02-04
INV-00986,C-1056,2025-01-15,2023.49,2025-02-27
INV-00987,C-1056,2025-01-19,2437.54,2025-03-04
INV-00988,C-1056,2025-02-10,1789.41,2025-03-28
INV-00989,C-1056,2025-03-04,2384.29,2025-04-13
INV-00990,C-1056,2025-03-11,2531.92,2025-04-07
INV-00991,C-1056,2025-04-12,2030.00,2025-05-14
INV-00992,C-1056,2025-04-12,2841.08,2025-05-20
INV-00993,C-1056,2025-06-08,2415.86,2025-07-15
INV-00994,C-1056,2025-06-18,2080.72,2025-07-30
INV-00995,C-1056,2025-07-17,1702.39,2025-08-19
INV-00996,C-1056,2025-07-21,2446.57,2025-08-18
INV-00997,C-1056,2025-07-23,2170.98,2025-08-24
INV-00998,C-1056,2025-08-07,1895.71,2025-09-08
INV-00999,C-1056,2025-09-12,2718.38,2025-10-16
INV-01000,C-1056,2025-09-23,1674.72,2025-10-31
INV-01001,C-1056,2025-10-10,3320.99,2025-11-15
INV-01002,C-1056,2025-10-25,3990.81,2025-12-06
INV-01003,C-1056,2025-11-04,2246.60,2025-12-04
INV-01004,C-1056,2025-11-09,2426.25,2025-11-30
INV-01005,C-1056,2025-11-12,1391.22,2025-12-13
INV-01006,C-1056,2025-12-28,1597.93,2026-01-24
INV-01007,C-1056,2026-01-30,2537.00,2026-02-20
INV-01008,C-1056,2026-02-24,1392.26,2026-03-21
INV-01009,C-1057,2025-01-11,317.99,
INV-01010,C-1057,2025-01-16,700.17,2025-02-15
INV-01011,C-1057,2025-01-26,1018.74,
INV-01012,C-1057,2025-02-02,1154.28,2025-02-27
INV-01013,C-1057,2025-02-10,829.70,2025-03-06
INV-01014,C-1057,2025-02-19,1107.48,2025-03-14
INV-01015,C-1057,2025-03-23,50.00,2025-04-10
INV-01016,C-1057,2025-03-28,50.00,2025-05-08
INV-01017,C-1057,2025-04-15,2131.30,2025-05-14
INV-01018,C-1057,2025-05-08,50.00,2025-05-21
INV-01019,C-1057,2025-05-09,290.25,2025-06-13
INV-01020,C-1057,2025-07-08,1049.96,2025-07-27
INV-01021,C-1057,2025-07-11,2135.63,2025-08-06
INV-01022,C-1057,2025-08-08,1569.12,2025-08-24
INV-01023,C-1057,2025-09-05,766.17,2025-09-24
INV-01024,C-1057,2025-10-08,1424.53,2025-10-25
INV-01025,C-1057,2025-10-11,617.11,2025-11-13
INV-01026,C-1057,2025-11-07,1028.93,2025-11-28
INV-01027,C-1057,2025-11-11,469.73,2025-12-03
INV-01028,C-1057,2025-11-30,979.23,2025-12-21
INV-01029,C-1057,2025-11-30,1478.25,2026-01-10
INV-01030,C-1057,2025-12-06,661.19,2026-01-10
INV-01031,C-1057,2025-12-08,1447.21,2026-01-07
INV-01032,C-1057,2025-12-14,1532.84,2026-01-13
INV-01033,C-1057,2025-12-26,1235.72,2026-01-08
INV-01034,C-1057,2026-01-13,1447.66,2026-02-06
INV-01035,C-1057,2026-01-20,976.84,2026-02-18
INV-01036,C-1057,2026-01-28,595.53,2026-02-22
INV-01037,C-1057,2026-01-31,247.20,2026-03-08
INV-01038,C-1057,2026-03-26,963.20,
INV-01039,C-1057,2026-03-29,867.58,
INV-01040,C-1057,2026-03-29,891.91,
INV-01041,C-1058,2025-02-11,2229.14,2025-03-20
INV-01042,C-1058,2025-02-12,2560.67,2025-03-04
INV-01043,C-1058,2025-02-12,2806.98,2025-03-08
INV-01044,C-1058,2025-02-14,2616.20,2025-03-20
INV-01045,C-1058,2025-02-26,1871.55,2025-03-16
INV-01046,C-1058,2025-03-10,2303.87,2025-12-24
INV-01047,C-1058,2025-03-11,2343.67,2025-04-06
INV-01048,C-1058,2025-03-13,1257.82,2025-10-15
INV-01049,C-1058,2025-04-07,2158.17,2025-05-09
INV-01050,C-1058,2025-04-13,2008.25,2025-05-13
INV-01051,C-1058,2025-05-09,1983.35,2025-06-24
INV-01052,C-1058,2025-05-18,2491.05,2025-06-22
INV-01053,C-1058,2025-06-08,1412.55,2025-07-22
INV-01054,C-1058,2025-09-06,1947.66,2025-10-20
INV-01055,C-1058,2025-09-10,1668.22,2025-10-13
INV-01056,C-1058,2025-09-26,1482.00,2025-10-27
INV-01057,C-1058,2025-10-29,2169.13,2025-11-23
INV-01058,C-1058,2025-11-21,3018.16,2025-12-27
INV-01059,C-1058,2025-11-22,2547.04,2025-12-23
INV-01060,C-1058,2025-12-01,2113.26,2025-12-14
INV-01061,C-1058,2025-12-03,1669.77,2026-01-08
INV-01062,C-1058,2025-12-11,2927.65,2026-01-09
INV-01063,C-1058,2026-01-08,2600.86,2026-02-19
INV-01064,C-1058,2026-03-12,2399.45,
INV-01065,C-1058,2026-03-16,2106.32,
INV-01066,C-1059,2025-01-22,1285.15,2025-02-27
INV-01067,C-1059,2025-02-02,1128.78,2025-02-22
INV-01068,C-1059,2025-02-10,827.89,2025-03-12
INV-01069,C-1059,2025-02-11,658.25,2025-03-17
INV-01070,C-1059,2025-02-18,1001.19,2025-03-23
INV-01071,C-1059,2025-02-21,50.00,2025-03-19
INV-01072,C-1059,2025-03-01,1002.28,2025-03-31
INV-01073,C-1059,2025-03-08,50.00,2025-03-29
INV-01074,C-1059,2025-03-08,1211.74,2025-04-07
INV-01075,C-1059,2025-03-08,1056.35,2025-03-24
INV-01076,C-1059,2025-03-16,50.00,
INV-01077,C-1059,2025-03-17,845.99,2025-04-26
INV-01078,C-1059,2025-03-26,398.05,2025-04-22
INV-01079,C-1059,2025-03-30,1569.27,2025-04-24
INV-01080,C-1059,2025-05-20,1775.04,2025-06-19
INV-01081,C-1059,2025-05-21,50.00,2025-06-26
INV-01082,C-1059,2025-06-02,1904.77,2025-06-29
INV-01083,C-1059,2025-06-30,894.04,
INV-01084,C-1059,2025-07-05,984.30,2025-08-06
INV-01085,C-1059,2025-07-24,1826.33,2025-08-24
INV-01086,C-1059,2025-08-10,500.51,2025-09-16
INV-01087,C-1059,2025-08-14,1435.83,2025-09-18
INV-01088,C-1059,2025-08-18,1301.93,2025-09-28
INV-01089,C-1059,2025-09-04,1628.42,2025-10-07
INV-01090,C-1059,2025-09-12,516.90,2025-10-18
INV-01091,C-1059,2025-09-12,289.24,2025-10-10
INV-01092,C-1059,2025-10-04,512.87,2025-10-26
INV-01093,C-1059,2025-10-13,50.00,2025-11-17
INV-01094,C-1059,2025-11-03,800.34,2025-11-24
INV-01095,C-1059,2025-11-09,945.36,2025-12-09
INV-01096,C-1059,2025-12-02,564.75,2026-01-03
INV-01097,C-1059,2025-12-11,1132.32,2026-01-10
INV-01098,C-1059,2025-12-24,827.93,2026-01-29
INV-01099,C-1059,2025-12-26,1446.74,2026-01-23
INV-01100,C-1059,2026-01-22,1358.63,2026-02-21
INV-01101,C-1059,2026-02-07,1388.54,2026-02-23
INV-01102,C-1059,2026-03-09,50.00,
INV-01103,C-1059,2026-03-16,1718.81,
INV-01104,C-1059,2026-03-28,2256.34,
INV-01105,C-1059,2026-03-28,1776.24,
INV-01106,C-1060,2025-02-01,521.54,2025-03-15
INV-01107,C-1060,2025-02-16,2479.78,2025-04-01
INV-01108,C-1060,2025-02-26,2694.01,2025-03-23
INV-01109,C-1060,2025-03-01,2730.40,2025-03-31
INV-01110,C-1060,2025-03-21,3135.55,2025-04-16
INV-01111,C-1060,2025-03-29,1047.92,2025-04-25
INV-01112,C-1060,2025-04-04,1258.75,2025-05-08
INV-01113,C-1060,2025-04-29,1226.69,2025-05-22
INV-01114,C-1060,2025-05-17,1452.00,2025-06-22
INV-01115,C-1060,2025-06-20,1314.97,2025-07-18
INV-01116,C-1060,2025-06-22,2447.19,2025-08-04
INV-01117,C-1060,2025-07-07,2097.52,2025-08-10
INV-01118,C-1060,2025-07-12,1547.33,2025-08-17
INV-01119,C-1060,2025-07-20,2973.02,2025-09-05
INV-01120,C-1060,2025-08-07,2749.76,2025-09-07
INV-01121,C-1060,2025-08-20,1124.77,2025-10-01
INV-01122,C-1060,2025-08-21,805.63,
INV-01123,C-1060,2025-08-27,947.47,2025-10-06
INV-01124,C-1060,2025-09-05,1159.61,2025-09-19
INV-01125,C-1060,2025-09-10,1877.14,2025-10-11
INV-01126,C-1060,2025-09-13,1429.49,2025-10-18
INV-01127,C-1060,2025-10-03,2898.34,2025-10-31
INV-01128,C-1060,2025-10-21,439.70,2025-11-29
INV-01129,C-1060,2025-10-23,1309.64,2025-11-03
INV-01130,C-1060,2025-11-05,623.51,2025-11-26
INV-01131,C-1060,2025-11-11,2094.39,
INV-01132,C-1060,2025-11-15,813.71,2025-12-20
INV-01133,C-1060,2025-11-15,2241.94,2025-12-10
INV-01134,C-1060,2025-11-26,617.73,2026-01-06
INV-01135,C-1060,2025-12-06,962.25,
INV-01136,C-1060,2025-12-08,1253.42,2026-01-16
INV-01137,C-1060,2025-12-11,2942.19,2025-12-31
INV-01138,C-1060,2025-12-18,1919.04,2026-01-12
INV-01139,C-1060,2025-12-21,1254.58,2026-01-01
INV-01140,C-1060,2025-12-24,1205.67,2026-01-17
INV-01141,C-1060,2026-01-10,672.66,2026-02-11
INV-01142,C-1060,2026-01-20,1543.07,2026-02-20
INV-01143,C-1060,2026-01-24,1150.57,2026-03-02
INV-01144,C-1060,2026-02-01,1352.91,2026-03-12
INV-01145,C-1060,2026-02-22,1841.17,2026-03-22
INV-01146,C-1061,2025-02-08,754.33,2025-03-17
INV-01147,C-1061,2025-02-16,1205.75,2025-04-06
INV-01148,C-1061,2025-02-26,122.80,2025-04-02
INV-01149,C-1061,2025-03-18,1713.36,
INV-01150,C-1061,2025-03-20,187.82,2025-04-20
INV-01151,C-1061,2025-04-10,1284.81,2025-05-26
INV-01152,C-1061,2025-04-26,1374.60,2025-06-05
INV-01153,C-1061,2025-05-05,1592.11,2025-06-20
INV-01154,C-1061,2025-05-18,989.30,2025-07-05
INV-01155,C-1061,2025-05-29,50.00,2025-07-25
INV-01156,C-1061,2025-06-07,483.86,2025-07-10
INV-01157,C-1061,2025-09-09,1086.98,2025-10-23
INV-01158,C-1061,2025-09-14,1448.46,2025-10-21
INV-01159,C-1061,2025-10-02,2023.10,2025-11-23
INV-01160,C-1061,2025-10-04,508.51,2025-11-17
INV-01161,C-1061,2025-10-11,1397.57,2025-11-10
INV-01162,C-1061,2025-10-12,1158.01,2025-11-12
INV-01163,C-1061,2026-01-11,395.04,
INV-01164,C-1061,2026-01-16,990.94,2026-02-17
INV-01165,C-1061,2026-01-25,1243.94,2026-03-12
INV-01166,C-1061,2026-02-02,1194.69,2026-03-24
INV-01167,C-1061,2026-02-14,910.90,2026-03-30
INV-01168,C-1061,2026-02-17,1073.43,
INV-01169,C-1061,2026-02-24,1535.59,2026-03-26
INV-01170,C-1061,2026-03-17,985.95,
INV-01171,C-1062,2025-01-09,864.10,2025-03-04
INV-01172,C-1062,2025-01-12,1831.84,2025-02-06
INV-01173,C-1062,2025-01-18,1762.92,2025-02-28
INV-01174,C-1062,2025-02-18,1653.37,2025-03-29
INV-01175,C-1062,2025-02-19,396.29,2025-04-10
INV-01176,C-1062,2025-02-26,2604.22,2025-03-28
INV-01177,C-1062,2025-03-19,1326.54,2025-05-02
INV-01178,C-1062,2025-04-28,1904.30,
INV-01179,C-1062,2025-05-06,966.78,2025-06-21
INV-01180,C-1062,2025-05-13,481.53,2025-07-05
INV-01181,C-1062,2025-05-17,1688.79,2025-06-24
INV-01182,C-1062,2025-05-24,670.45,2025-07-11
INV-01183,C-1062,2025-05-25,1920.82,2025-06-29
INV-01184,C-1062,2025-06-14,1468.85,2025-11-18
INV-01185,C-1062,2025-06-15,1194.63,2025-07-14
INV-01186,C-1062,2025-07-29,1154.51,2025-09-03
INV-01187,C-1062,2025-08-07,817.37,2025-09-03
INV-01188,C-1062,2025-08-14,1908.29,2025-09-28
INV-01189,C-1062,2025-09-06,50.00,2025-10-23
INV-01190,C-1062,2025-10-05,1490.61,2025-11-20
INV-01191,C-1062,2025-10-07,2049.82,2025-11-19
INV-01192,C-1062,2025-10-13,2092.06,
INV-01193,C-1062,2025-10-26,1909.36,2025-12-08
INV-01194,C-1062,2025-10-26,1750.34,2025-12-17
INV-01195,C-1062,2025-10-28,1582.69,2025-12-07
INV-01196,C-1062,2025-11-11,584.79,2025-12-16
INV-01197,C-1062,2025-12-18,1086.93,2026-01-10
INV-01198,C-1062,2025-12-26,1299.77,2026-01-31
INV-01199,C-1062,2026-01-01,1586.66,2026-02-07
INV-01200,C-1062,2026-01-08,1487.78,2026-02-19
INV-01201,C-1062,2026-01-19,2687.26,2026-03-12
INV-01202,C-1062,2026-01-23,2310.70,2026-02-27
INV-01203,C-1062,2026-02-05,1327.79,
INV-01204,C-1062,2026-02-08,1891.34,2026-03-22
INV-01205,C-1062,2026-02-10,945.91,2026-03-13
INV-01206,C-1062,2026-02-14,865.49,2026-03-31
INV-01207,C-1062,2026-02-22,1558.94,
INV-01208,C-1062,2026-02-25,1996.49,
INV-01209,C-1062,2026-03-26,3350.78,
INV-01210,C-1062,2026-03-29,2410.23,
INV-01211,C-1063,2025-01-13,2087.12,2025-02-20
INV-01212,C-1063,2025-01-20,2719.06,2025-02-20
INV-01213,C-1063,2025-01-27,2000.80,2025-02-23
INV-01214,C-1063,2025-01-27,2069.53,2025-02-26
INV-01215,C-1063,2025-02-01,2178.55,2025-03-09
INV-01216,C-1063,2025-02-22,3103.18,2025-04-01
INV-01217,C-1063,2025-03-16,644.52,
INV-01218,C-1063,2025-03-26,2346.25,2025-04-25
INV-01219,C-1063,2025-03-28,2439.75,2025-04-30
INV-01220,C-1063,2025-04-07,3349.07,2025-05-01
INV-01221,C-1063,2025-04-16,1069.17,2025-05-20
INV-01222,C-1063,2025-04-29,1932.80,2025-06-04
INV-01223,C-1063,2025-05-03,2443.16,2025-05-29
INV-01224,C-1063,2025-05-04,2083.91,2025-06-05
INV-01225,C-1063,2025-05-18,2467.35,2025-06-09
INV-01226,C-1063,2025-06-10,2202.43,2025-07-14
INV-01227,C-1063,2025-06-17,1596.06,2025-07-06
INV-01228,C-1063,2025-06-19,2200.48,2025-07-18
INV-01229,C-1063,2025-06-29,1776.83,2025-07-29
INV-01230,C-1063,2025-08-06,2117.81,2025-09-17
INV-01231,C-1063,2025-08-07,1475.55,2025-09-07
INV-01232,C-1063,2025-08-15,2905.99,2025-09-10
INV-01233,C-1063,2025-08-24,2650.21,2025-09-27
INV-01234,C-1063,2025-08-31,1348.09,2025-10-09
INV-01235,C-1063,2025-09-08,3119.60,2025-09-25
INV-01236,C-1063,2025-09-10,2585.83,2025-10-14
INV-01237,C-1063,2025-10-05,2905.71,2025-11-11
INV-01238,C-1063,2025-10-19,1749.98,2025-12-01
INV-01239,C-1063,2025-10-27,2669.90,2025-11-26
INV-01240,C-1063,2025-11-05,3078.15,2025-12-09
INV-01241,C-1063,2025-11-08,3430.69,
INV-01242,C-1063,2025-11-09,1838.07,2025-12-07
INV-01243,C-1063,2025-11-29,1391.58,2025-12-13
INV-01244,C-1063,2025-12-04,2019.49,2026-01-07
INV-01245,C-1063,2026-02-02,2049.36,2026-02-22
INV-01246,C-1063,2026-02-24,2170.91,
INV-01247,C-1063,2026-03-10,2844.37,
INV-01248,C-1063,2026-03-15,2090.97,
INV-01249,C-1063,2026-03-16,1781.73,
INV-01250,C-1063,2026-03-25,3353.28,
INV-01251,C-1064,2025-01-29,2296.16,2025-03-09
INV-01252,C-1064,2025-02-11,271.35,2025-03-03
INV-01253,C-1064,2025-02-14,1289.63,2025-03-20
INV-01254,C-1064,2025-03-16,1562.03,2025-03-22
INV-01255,C-1064,2025-03-24,776.72,2025-05-12
INV-01256,C-1064,2025-04-30,1415.77,2025-05-19
INV-01257,C-1064,2025-05-05,2092.48,2025-06-08
INV-01258,C-1064,2025-05-14,869.95,2025-06-02
INV-01259,C-1064,2025-05-14,50.00,
INV-01260,C-1064,2025-05-19,792.19,2025-06-11
INV-01261,C-1064,2025-05-27,50.00,2025-06-22
INV-01262,C-1064,2025-06-02,1150.34,2025-07-15
INV-01263,C-1064,2025-06-23,83.93,2025-07-19
INV-01264,C-1064,2025-06-28,1162.91,2025-07-30
INV-01265,C-1064,2025-06-29,715.44,2025-07-23
INV-01266,C-1064,2025-08-12,870.41,2025-09-08
INV-01267,C-1064,2025-09-18,461.15,2025-10-10
INV-01268,C-1064,2025-10-23,618.66,2025-11-07
INV-01269,C-1064,2025-11-04,1006.88,2025-11-25
INV-01270,C-1064,2025-11-05,491.96,2025-12-04
INV-01271,C-1064,2025-11-06,970.39,2025-12-16
INV-01272,C-1064,2026-01-12,1958.81,2026-02-13
INV-01273,C-1064,2026-02-02,1086.18,2026-03-16
INV-01274,C-1064,2026-02-11,271.24,2026-03-11
INV-01275,C-1064,2026-02-28,1529.52,
INV-01276,C-1065,2025-01-10,1551.95,2025-02-18
INV-01277,C-1065,2025-01-16,1959.74,2026-01-15
INV-01278,C-1065,2025-01-17,1130.47,2025-03-04
INV-01279,C-1065,2025-02-01,2068.73,
INV-01280,C-1065,2025-02-10,1844.73,2025-03-21
INV-01281,C-1065,2025-02-14,1949.33,2025-04-08
INV-01282,C-1065,2025-02-17,2135.64,2025-04-21
INV-01283,C-1065,2025-02-28,1750.25,
INV-01284,C-1065,2025-04-19,1167.71,2025-06-15
INV-01285,C-1065,2025-06-04,995.73,2025-07-11
INV-01286,C-1065,2025-06-06,854.99,2025-07-20
INV-01287,C-1065,2025-06-08,1214.75,2025-08-08
INV-01288,C-1065,2025-07-11,1081.96,2025-08-27
INV-01289,C-1065,2025-07-17,2724.49,2025-08-24
INV-01290,C-1065,2025-07-29,407.23,2025-09-16
INV-01291,C-1065,2025-07-31,2252.82,2025-08-19
INV-01292,C-1065,2025-08-01,635.46,2025-09-19
INV-01293,C-1065,2025-08-04,1774.09,2025-09-28
INV-01294,C-1065,2025-08-14,1183.33,2025-09-23
INV-01295,C-1065,2025-09-17,837.64,2025-10-20
INV-01296,C-1065,2025-09-28,1193.00,2025-11-06
INV-01297,C-1065,2025-11-05,846.16,2025-12-18
INV-01298,C-1065,2025-11-12,2518.07,
INV-01299,C-1065,2025-12-08,2367.24,
INV-01300,C-1065,2026-03-02,2112.89,
INV-01301,C-1066,2025-02-08,1618.75,2025-03-10
INV-01302,C-1066,2025-02-08,1219.64,2025-03-10
INV-01303,C-1066,2025-03-28,169.15,2025-04-23
INV-01304,C-1066,2025-04-02,50.00,2025-05-08
INV-01305,C-1066,2025-04-14,790.85,2025-05-25
INV-01306,C-1066,2025-04-18,50.00,2025-05-27
INV-01307,C-1066,2025-04-20,50.00,2025-05-18
INV-01308,C-1066,2025-06-01,50.00,2025-07-03
INV-01309,C-1066,2025-06-08,1077.63,2025-07-05
INV-01310,C-1066,2025-06-22,252.43,2025-07-06
INV-01311,C-1066,2025-06-24,1616.04,2025-07-24
INV-01312,C-1066,2025-07-24,50.00,2025-08-15
INV-01313,C-1066,2025-08-24,1913.14,2025-09-13
INV-01314,C-1066,2025-08-28,1140.20,2025-10-01
INV-01315,C-1066,2025-09-05,953.71,2025-09-29
INV-01316,C-1066,2025-09-24,1719.85,2025-10-27
INV-01317,C-1066,2025-10-05,2266.04,2025-10-30
INV-01318,C-1066,2025-10-31,310.10,2025-12-08
INV-01319,C-1066,2025-11-25,50.00,
INV-01320,C-1066,2025-12-08,1166.48,2026-01-04
INV-01321,C-1066,2025-12-12,50.00,2026-01-04
INV-01322,C-1066,2025-12-25,50.00,2026-01-30
INV-01323,C-1066,2026-01-04,2500.11,2026-02-11
INV-01324,C-1066,2026-01-31,50.00,2026-03-10
INV-01325,C-1066,2026-02-19,1469.21,2026-03-20
INV-01326,C-1067,2025-02-05,1886.67,2025-04-01
INV-01327,C-1067,2025-03-20,554.35,2025-04-06
INV-01328,C-1067,2025-03-31,1702.78,2025-04-26
INV-01329,C-1067,2025-04-07,995.78,2025-05-20
INV-01330,C-1067,2025-04-22,851.15,2025-05-18
INV-01331,C-1067,2025-04-27,907.50,2026-02-21
INV-01332,C-1067,2025-05-10,1100.90,2025-06-01
INV-01333,C-1067,2025-06-04,768.81,2025-06-17
INV-01334,C-1067,2025-07-04,838.05,2025-07-27
INV-01335,C-1067,2025-07-07,50.00,2025-08-16
INV-01336,C-1067,2025-07-16,759.58,2025-08-14
INV-01337,C-1067,2025-08-09,909.91,2025-08-29
INV-01338,C-1067,2025-08-20,1994.97,2025-09-19
INV-01339,C-1067,2025-09-01,1585.11,2025-10-09
INV-01340,C-1067,2025-09-15,50.00,2025-10-22
INV-01341,C-1067,2025-09-24,106.56,2025-10-30
INV-01342,C-1067,2025-09-28,1510.43,2025-10-17
INV-01343,C-1067,2025-10-13,1517.97,2025-11-11
INV-01344,C-1067,2025-10-16,1728.10,2025-11-08
INV-01345,C-1067,2025-11-13,1223.14,2025-12-12
INV-01346,C-1067,2025-11-28,745.52,2025-12-27
INV-01347,C-1067,2025-12-16,1994.37,2026-01-05
INV-01348,C-1067,2025-12-17,730.15,2026-01-14
INV-01349,C-1067,2026-01-08,1084.31,2026-01-26
INV-01350,C-1067,2026-01-11,1241.72,2026-02-01
INV-01351,C-1067,2026-01-11,1020.66,2026-01-29
INV-01352,C-1067,2026-01-18,968.43,2026-02-22
INV-01353,C-1067,2026-01-20,50.00,2026-02-04
INV-01354,C-1067,2026-02-12,1980.30,2026-03-14
INV-01355,C-1067,2026-03-06,667.36,
INV-01356,C-1067,2026-03-13,335.44,
INV-01357,C-1067,2026-03-20,343.96,
INV-01358,C-1068,2025-01-01,1832.22,2025-02-15
INV-01359,C-1068,2025-02-21,2086.54,2025-03-13
INV-01360,C-1068,2025-03-12,1535.61,2025-04-17
INV-01361,C-1068,2025-04-29,950.98,2025-05-28
INV-01362,C-1068,2025-05-15,1949.60,2025-06-22
INV-01363,C-1068,2025-06-05,2020.41,2025-06-19
INV-01364,C-1068,2025-06-14,1371.35,2025-07-17
INV-01365,C-1068,2025-07-13,1988.97,2025-08-22
INV-01366,C-1068,2025-07-22,3291.32,2025-08-21
INV-01367,C-1068,2025-08-17,1173.13,2025-09-16
INV-01368,C-1068,2025-08-31,2166.70,2025-09-23
INV-01369,C-1068,2025-09-01,2087.37,2025-10-12
INV-01370,C-1068,2025-09-10,1908.87,2025-10-20
INV-01371,C-1068,2025-09-13,435.28,2025-10-20
INV-01372,C-1068,2025-10-17,2209.23,2025-11-25
INV-01373,C-1068,2025-10-21,2083.86,2025-11-28
INV-01374,C-1068,2025-11-03,2333.40,2025-12-16
INV-01375,C-1068,2025-12-14,1378.48,2026-01-15
INV-01376,C-1068,2025-12-19,3285.36,2026-02-05
INV-01377,C-1068,2026-01-03,2352.36,2026-02-01
INV-01378,C-1068,2026-01-12,2771.13,2026-02-01
INV-01379,C-1068,2026-01-31,2180.04,2026-03-11
INV-01380,C-1068,2026-02-28,3985.86,2026-03-18
INV-01381,C-1068,2026-03-16,1918.38,
INV-01382,C-1068,2026-03-23,2460.22,
INV-01383,C-1069,2025-01-22,2591.17,2025-03-12
INV-01384,C-1069,2025-02-12,2906.09,2025-10-15
INV-01385,C-1069,2025-02-20,1923.04,2025-04-14
INV-01386,C-1069,2025-02-25,1814.79,2025-05-03
INV-01387,C-1069,2025-03-25,1224.89,2025-05-04
INV-01388,C-1069,2025-04-30,50.00,2025-06-14
INV-01389,C-1069,2025-05-11,1139.34,2025-07-08
INV-01390,C-1069,2025-05-29,1291.48,2025-07-25
INV-01391,C-1069,2025-05-31,530.41,2025-11-23
INV-01392,C-1069,2025-06-04,1801.53,2025-07-17
INV-01393,C-1069,2025-06-28,410.09,2025-08-05
INV-01394,C-1069,2025-07-24,1839.72,2025-09-04
INV-01395,C-1069,2025-08-03,2623.59,2025-09-25
INV-01396,C-1069,2025-08-06,1755.81,2025-09-28
INV-01397,C-1069,2025-08-09,2574.15,2025-09-24
INV-01398,C-1069,2025-08-27,1399.08,2025-10-24
INV-01399,C-1069,2025-09-01,678.30,2025-11-11
INV-01400,C-1069,2025-09-22,1529.11,2025-10-29
INV-01401,C-1069,2025-10-07,444.50,2025-11-25
INV-01402,C-1069,2025-10-19,956.47,
INV-01403,C-1069,2025-10-22,2050.70,2025-11-30
INV-01404,C-1069,2025-10-28,1486.62,2025-12-12
INV-01405,C-1069,2025-11-04,1311.79,2025-12-13
INV-01406,C-1069,2025-11-08,2186.11,
INV-01407,C-1069,2025-12-02,775.29,2026-02-01
INV-01408,C-1069,2025-12-07,1256.50,2026-01-19
INV-01409,C-1069,2025-12-17,2059.62,2026-02-16
INV-01410,C-1069,2025-12-18,547.49,2026-02-10
INV-01411,C-1069,2025-12-23,1428.50,2026-02-12
INV-01412,C-1069,2025-12-28,2974.38,
INV-01413,C-1069,2026-01-06,50.00,2026-02-21
INV-01414,C-1069,2026-01-22,1391.75,2026-03-31
INV-01415,C-1069,2026-01-25,449.71,
INV-01416,C-1069,2026-01-26,1876.25,2026-03-25
INV-01417,C-1069,2026-01-26,459.18,2026-03-20
INV-01418,C-1069,2026-02-03,1482.90,2026-03-26
INV-01419,C-1069,2026-02-14,186.00,
INV-01420,C-1069,2026-03-01,1555.28,
INV-01421,C-1069,2026-03-05,719.43,
INV-01422,C-1069,2026-03-13,511.15,
INV-01423,C-1070,2025-01-26,1708.43,2025-03-03
INV-01424,C-1070,2025-02-12,2271.25,2025-03-26
INV-01425,C-1070,2025-02-13,1521.09,2025-03-03
INV-01426,C-1070,2025-02-19,2678.75,2025-04-09
INV-01427,C-1070,2025-03-20,1259.98,2025-05-03
INV-01428,C-1070,2025-03-30,724.35,2025-05-17
INV-01429,C-1070,2025-05-04,3088.94,2025-06-02
INV-01430,C-1070,2025-06-07,2651.44,2025-07-10
INV-01431,C-1070,2025-06-12,2097.57,2025-07-22
INV-01432,C-1070,2025-06-12,1975.58,2025-06-22
INV-01433,C-1070,2025-06-12,1851.40,2025-07-22
INV-01434,C-1070,2025-06-16,2191.59,2025-08-08
INV-01435,C-1070,2025-07-02,2620.84,2025-07-29
INV-01436,C-1070,2025-07-12,350.06,2025-08-12
INV-01437,C-1070,2025-07-23,2417.48,2025-08-26
INV-01438,C-1070,2025-08-05,1103.44,2025-09-06
INV-01439,C-1070,2025-08-25,1681.10,2025-10-06
INV-01440,C-1070,2025-09-09,2150.41,2025-10-22
INV-01441,C-1070,2025-09-18,3796.03,2025-10-15
INV-01442,C-1070,2025-09-20,1266.66,2025-11-02
INV-01443,C-1070,2025-10-01,1823.87,2025-10-31
INV-01444,C-1070,2025-11-05,1782.88,2025-11-28
INV-01445,C-1070,2025-11-14,2417.93,2025-12-19
INV-01446,C-1070,2025-11-16,2071.56,2025-12-21
INV-01447,C-1070,2025-11-18,2161.92,2025-12-27
INV-01448,C-1070,2025-11-21,2856.37,2025-12-22
INV-01449,C-1070,2025-12-18,2275.63,2026-01-12
INV-01450,C-1070,2025-12-24,1162.02,2026-02-04
INV-01451,C-1070,2026-01-04,2298.43,2026-02-03
INV-01452,C-1070,2026-01-14,1858.82,2026-02-15
INV-01453,C-1070,2026-01-16,2763.77,2026-02-25
INV-01454,C-1070,2026-01-18,1736.75,2026-02-19
INV-01455,C-1070,2026-01-20,2407.40,2026-02-22
INV-01456,C-1070,2026-01-21,3152.81,2026-02-09
INV-01457,C-1070,2026-01-22,1872.44,2026-02-12
INV-01458,C-1070,2026-02-07,2381.55,2026-02-21
INV-01459,C-1070,2026-02-19,2510.58,2026-03-17
INV-01460,C-1070,2026-02-20,1819.03,2026-03-14
INV-01461,C-1070,2026-03-24,2127.85,
INV-01462,C-1070,2026-03-27,2447.55,
INV-01463,C-1071,2025-01-08,798.34,2025-03-11
INV-01464,C-1071,2025-02-11,1615.29,2025-04-12
INV-01465,C-1071,2025-02-23,1403.17,2025-04-21
INV-01466,C-1071,2025-03-09,702.45,2025-04-22
INV-01467,C-1071,2025-03-26,969.63,2025-05-18
INV-01468,C-1071,2025-04-02,837.91,2025-06-10
INV-01469,C-1071,2025-05-15,703.64,2025-07-09
INV-01470,C-1071,2025-05-23,527.68,2025-08-03
INV-01471,C-1071,2025-06-04,1352.12,2025-07-27
INV-01472,C-1071,2025-06-21,2211.20,2025-08-14
INV-01473,C-1071,2025-07-14,414.04,2025-09-07
INV-01474,C-1071,2025-07-31,50.00,2025-10-07
INV-01475,C-1071,2025-08-30,2329.13,
INV-01476,C-1071,2025-08-30,1091.02,2025-10-23
INV-01477,C-1071,2025-10-01,280.69,2025-11-25
INV-01478,C-1071,2025-10-14,643.77,2025-12-17
INV-01479,C-1071,2025-10-26,347.85,2026-01-02
INV-01480,C-1071,2025-11-10,557.73,2026-01-05
INV-01481,C-1071,2025-12-01,50.00,2026-01-23
INV-01482,C-1071,2026-01-08,929.12,2026-03-05
INV-01483,C-1071,2026-01-13,50.00,2026-03-09
INV-01484,C-1071,2026-02-05,50.00,2026-03-29
INV-01485,C-1071,2026-02-16,1297.25,
INV-01486,C-1071,2026-03-01,284.73,
INV-01487,C-1071,2026-03-19,50.00,
INV-01488,C-1072,2025-01-09,1662.73,2025-02-14
INV-01489,C-1072,2025-02-04,2383.48,
INV-01490,C-1072,2025-02-14,3109.28,2025-04-15
INV-01491,C-1072,2025-02-14,1818.92,2025-04-05
INV-01492,C-1072,2025-02-25,2670.90,2025-04-15
INV-01493,C-1072,2025-03-05,3587.24,2025-11-29
INV-01494,C-1072,2025-04-05,2889.31,2025-05-23
INV-01495,C-1072,2025-05-08,3287.44,2025-06-19
INV-01496,C-1072,2025-05-09,2348.17,2025-12-09
INV-01497,C-1072,2025-05-11,2890.06,2025-07-02
INV-01498,C-1072,2025-05-14,3793.40,2025-07-01
INV-01499,C-1072,2025-05-17,1642.78,2025-06-25
INV-01500,C-1072,2025-05-21,3723.94,2025-07-13
INV-01501,C-1072,2025-06-08,2488.80,2025-07-20
INV-01502,C-1072,2025-07-02,1808.66,2025-08-27
INV-01503,C-1072,2025-07-23,1259.45,2025-09-03
INV-01504,C-1072,2025-08-18,1490.17,2025-10-15
INV-01505,C-1072,2025-08-19,2803.01,2025-10-23
INV-01506,C-1072,2025-08-25,1867.84,2025-10-15
INV-01507,C-1072,2025-08-26,3030.62,2025-10-11
INV-01508,C-1072,2025-09-04,1918.06,2025-11-08
INV-01509,C-1072,2025-09-09,1941.36,2025-11-02
INV-01510,C-1072,2025-09-29,1071.72,2025-11-25
INV-01511,C-1072,2025-10-01,2487.12,2025-11-17
INV-01512,C-1072,2025-10-18,1971.03,2025-11-26
INV-01513,C-1072,2025-10-19,1787.65,
INV-01514,C-1072,2025-10-28,2139.40,2026-01-03
INV-01515,C-1072,2025-10-29,2783.81,2025-12-22
INV-01516,C-1072,2025-10-30,2728.89,2025-12-16
INV-01517,C-1072,2025-11-12,1980.57,2025-12-23
INV-01518,C-1072,2025-11-20,1577.34,2026-01-27
INV-01519,C-1072,2025-11-22,2211.63,2026-01-19
INV-01520,C-1072,2025-12-21,3049.65,2026-02-14
INV-01521,C-1072,2026-01-19,2341.36,2026-03-13
INV-01522,C-1072,2026-01-20,2488.24,2026-03-12
INV-01523,C-1072,2026-01-27,2097.66,
INV-01524,C-1072,2026-02-17,2041.66,
INV-01525,C-1072,2026-03-09,1420.94,
INV-01526,C-1072,2026-03-16,1825.51,
INV-01527,C-1072,2026-03-21,1840.73,
INV-01528,C-1073,2025-01-17,2307.01,2025-03-01
INV-01529,C-1073,2025-02-06,2771.14,2025-03-09
INV-01530,C-1073,2025-02-16,690.95,2025-03-14
INV-01531,C-1073,2025-02-20,977.38,2025-03-19
INV-01532,C-1073,2025-02-25,1025.66,2025-04-05
INV-01533,C-1073,2025-02-28,1193.79,2025-04-04
INV-01534,C-1073,2025-03-01,1553.47,2025-04-04
INV-01535,C-1073,2025-03-01,512.22,2025-04-04
INV-01536,C-1073,2025-03-10,1807.18,2025-03-29
INV-01537,C-1073,2025-03-10,1017.12,2025-04-09
INV-01538,C-1073,2025-03-12,1936.30,2025-04-26
INV-01539,C-1073,2025-03-12,1338.16,2025-04-09
INV-01540,C-1073,2025-03-24,1058.04,2025-04-19
INV-01541,C-1073,2025-04-10,1716.88,2025-05-08
INV-01542,C-1073,2025-04-25,1185.29,2025-05-18
INV-01543,C-1073,2025-05-06,461.19,2025-06-01
INV-01544,C-1073,2025-05-18,699.43,2025-06-25
INV-01545,C-1073,2025-06-13,669.13,2025-07-27
INV-01546,C-1073,2025-06-19,1794.99,
INV-01547,C-1073,2025-06-26,1422.06,2025-08-10
INV-01548,C-1073,2025-07-26,1171.40,2025-08-28
INV-01549,C-1073,2025-08-19,1361.80,2025-09-07
INV-01550,C-1073,2025-09-07,2190.14,2025-10-20
INV-01551,C-1073,2025-10-01,1131.84,2025-11-16
INV-01552,C-1073,2025-10-12,1877.89,2025-11-07
INV-01553,C-1073,2025-10-17,1233.39,2025-11-21
INV-01554,C-1073,2025-10-29,2124.12,2025-11-21
INV-01555,C-1073,2025-11-11,1111.52,2025-12-04
INV-01556,C-1073,2025-11-26,915.09,2025-12-23
INV-01557,C-1073,2025-12-15,852.49,2026-01-22
INV-01558,C-1073,2025-12-16,392.16,2026-01-10
INV-01559,C-1073,2025-12-26,2140.45,2026-02-04
INV-01560,C-1073,2026-01-09,91.41,2026-02-13
INV-01561,C-1073,2026-01-20,158.02,2026-02-16
INV-01562,C-1073,2026-01-28,1420.34,2026-03-11
INV-01563,C-1073,2026-02-10,1436.57,2026-03-15
INV-01564,C-1073,2026-02-28,1344.44,
INV-01565,C-1073,2026-03-08,1822.82,
INV-01566,C-1073,2026-03-13,1167.44,
INV-01567,C-1073,2026-03-30,2995.25,
INV-01568,C-1074,2025-01-01,769.77,2025-01-17
INV-01569,C-1074,2025-01-18,969.51,2025-02-09
INV-01570,C-1074,2025-01-18,2326.89,
INV-01571,C-1074,2025-01-22,821.38,2025-02-24
INV-01572,C-1074,2025-01-25,2467.46,2025-02-22
INV-01573,C-1074,2025-01-28,720.48,2025-02-13
INV-01574,C-1074,2025-02-14,2817.41,2025-03-15
INV-01575,C-1074,2025-02-24,506.69,2025-03-22
INV-01576,C-1074,2025-03-23,1191.41,2025-04-12
INV-01577,C-1074,2025-04-06,467.60,2025-05-18
INV-01578,C-1074,2025-04-10,1834.64,2025-05-27
INV-01579,C-1074,2025-04-11,2470.07,2025-04-29
INV-01580,C-1074,2025-04-12,931.59,2025-05-15
INV-01581,C-1074,2025-04-14,1704.25,2025-06-07
INV-01582,C-1074,2025-05-14,781.26,2025-06-15
INV-01583,C-1074,2025-05-19,1968.82,2025-06-04
INV-01584,C-1074,2025-05-24,1536.94,2025-06-24
INV-01585,C-1074,2025-06-03,2586.05,2025-07-12
INV-01586,C-1074,2025-06-25,1022.52,2025-07-25
INV-01587,C-1074,2025-06-27,513.20,2025-07-12
INV-01588,C-1074,2025-07-18,500.23,2025-08-11
INV-01589,C-1074,2025-07-20,1915.43,2025-08-07
INV-01590,C-1074,2025-07-31,1228.49,2025-08-27
INV-01591,C-1074,2025-09-21,1017.43,2025-10-18
INV-01592,C-1074,2025-10-24,1277.90,2025-11-12
INV-01593,C-1074,2025-11-06,1210.79,2025-12-07
INV-01594,C-1074,2025-11-13,1678.26,2025-12-14
INV-01595,C-1074,2025-11-21,2097.53,2025-12-22
INV-01596,C-1074,2025-11-27,1965.95,2026-01-06
INV-01597,C-1074,2025-11-27,836.69,2025-12-03
INV-01598,C-1074,2025-12-17,1491.78,2026-01-06
INV-01599,C-1074,2025-12-20,826.20,2026-01-14
INV-01600,C-1074,2026-01-03,135.54,2026-01-25
INV-01601,C-1074,2026-01-18,1755.03,2026-02-12
INV-01602,C-1074,2026-02-05,2103.69,2026-03-07
INV-01603,C-1074,2026-02-14,856.88,2026-03-11
INV-01604,C-1074,2026-02-21,2745.40,2026-03-25
INV-01605,C-1074,2026-03-20,1477.83,
INV-01606,C-1074,2026-03-25,2416.47,
INV-01607,C-1074,2026-03-30,2357.41,
INV-01608,C-1075,2025-01-19,1116.85,2025-03-17
INV-01609,C-1075,2025-02-14,656.05,2025-04-23
INV-01610,C-1075,2025-02-22,1182.79,2025-04-09
INV-01611,C-1075,2025-02-23,629.33,2025-04-04
INV-01612,C-1075,2025-02-24,1148.46,2025-04-28
INV-01613,C-1075,2025-04-07,404.31,
INV-01614,C-1075,2025-04-28,782.98,2025-07-03
INV-01615,C-1075,2025-05-18,1003.83,2025-07-22
INV-01616,C-1075,2025-05-20,50.00,2025-08-06
INV-01617,C-1075,2025-05-30,585.93,2025-08-06
INV-01618,C-1075,2025-06-16,510.50,2025-08-05
INV-01619,C-1075,2025-06-19,1452.54,
INV-01620,C-1075,2025-06-21,880.72,2025-08-24
INV-01621,C-1075,2025-06-21,469.92,2025-08-19
INV-01622,C-1075,2025-06-22,989.58,2025-08-06
INV-01623,C-1075,2025-06-27,649.05,2025-08-21
INV-01624,C-1075,2025-07-02,923.09,2025-08-17
INV-01625,C-1075,2025-07-05,621.88,
INV-01626,C-1075,2025-07-12,1092.90,2025-09-15
INV-01627,C-1075,2025-07-12,2140.27,2025-09-16
INV-01628,C-1075,2025-07-12,903.21,2025-08-19
INV-01629,C-1075,2025-07-24,2701.02,2025-09-18
INV-01630,C-1075,2025-07-27,544.05,2025-09-08
INV-01631,C-1075,2025-08-02,736.32,2025-09-30
INV-01632,C-1075,2025-08-12,1387.49,2025-10-04
INV-01633,C-1075,2025-08-21,302.12,2025-10-21
INV-01634,C-1075,2025-10-18,1060.94,2025-12-12
INV-01635,C-1075,2025-11-18,805.43,
INV-01636,C-1075,2025-11-30,1552.46,2026-01-22
INV-01637,C-1075,2025-12-25,1311.19,2026-03-01
INV-01638,C-1075,2026-01-21,500.94,
INV-01639,C-1075,2026-01-22,650.63,2026-03-12
INV-01640,C-1075,2026-01-31,528.01,2026-03-29
INV-01641,C-1075,2026-02-01,1098.10,2026-03-24
INV-01642,C-1075,2026-02-04,1468.33,2026-03-27
INV-01643,C-1075,2026-02-13,824.51,
INV-01644,C-1075,2026-02-13,993.21,
INV-01645,C-1075,2026-02-26,778.18,
INV-01646,C-1075,2026-03-17,274.77,
INV-01647,C-1075,2026-03-30,1511.35,
INV-01648,C-1076,2025-02-07,1939.19,
INV-01649,C-1076,2025-04-01,1702.66,2025-04-22
INV-01650,C-1076,2025-04-28,2761.30,2025-05-21
INV-01651,C-1076,2025-05-15,1011.17,2025-06-06
INV-01652,C-1076,2025-05-16,2136.70,2025-06-04
INV-01653,C-1076,2025-05-21,2058.03,2025-06-11
INV-01654,C-1076,2025-06-08,1497.36,2025-07-14
INV-01655,C-1076,2025-06-09,1113.14,2025-06-22
INV-01656,C-1076,2025-06-12,1215.57,2025-07-12
INV-01657,C-1076,2025-08-15,1964.04,2025-09-18
INV-01658,C-1076,2025-08-25,1082.38,2025-09-14
INV-01659,C-1076,2025-09-06,3765.15,2025-09-24
INV-01660,C-1076,2025-09-07,1401.98,2025-09-29
INV-01661,C-1076,2025-09-12,2880.26,2025-09-29
INV-01662,C-1076,2025-09-18,2618.68,2025-10-07
INV-01663,C-1076,2025-09-25,2793.75,2025-10-24
INV-01664,C-1076,2025-10-29,1834.78,2025-11-11
INV-01665,C-1076,2025-11-23,2915.96,2025-12-27
INV-01666,C-1076,2025-12-10,2002.97,2025-12-29
INV-01667,C-1076,2026-01-02,3760.94,2026-01-29
INV-01668,C-1076,2026-02-01,2150.23,
INV-01669,C-1076,2026-02-09,3019.69,2026-03-15
INV-01670,C-1076,2026-02-16,2337.02,2026-03-20
INV-01671,C-1076,2026-03-04,3153.41,
INV-01672,C-1076,2026-03-21,2405.70,
INV-01673,C-1077,2025-01-03,1016.82,2025-02-06
INV-01674,C-1077,2025-01-20,804.70,2025-02-11
INV-01675,C-1077,2025-01-24,2371.07,2025-03-04
INV-01676,C-1077,2025-02-03,1136.08,2025-03-14
INV-01677,C-1077,2025-02-07,813.25,2025-02-20
INV-01678,C-1077,2025-02-23,692.06,2025-03-30
INV-01679,C-1077,2025-02-24,117.63,2025-03-29
INV-01680,C-1077,2025-02-26,56.83,2025-04-09
INV-01681,C-1077,2025-03-06,1106.42,2025-04-05
INV-01682,C-1077,2025-03-29,1488.48,2025-05-02
INV-01683,C-1077,2025-03-29,1225.63,2025-04-29
INV-01684,C-1077,2025-04-08,1871.97,2025-04-22
INV-01685,C-1077,2025-04-08,2826.76,2025-05-01
INV-01686,C-1077,2025-04-29,1454.36,2025-06-05
INV-01687,C-1077,2025-06-10,1328.63,2025-07-17
INV-01688,C-1077,2025-06-11,1339.21,2025-08-01
INV-01689,C-1077,2025-06-17,562.29,2025-07-09
INV-01690,C-1077,2025-06-20,1444.13,2025-07-18
INV-01691,C-1077,2025-07-16,1699.44,2025-08-17
INV-01692,C-1077,2025-08-30,718.52,2025-09-28
INV-01693,C-1077,2025-09-02,1637.72,2025-09-29
INV-01694,C-1077,2025-09-11,50.00,2025-10-23
INV-01695,C-1077,2025-09-22,1743.89,2025-10-17
INV-01696,C-1077,2025-10-11,1834.33,2025-11-18
INV-01697,C-1077,2025-11-16,825.26,2025-12-16
INV-01698,C-1077,2025-11-19,1281.99,2025-12-12
INV-01699,C-1077,2025-11-26,809.69,2025-12-29
INV-01700,C-1077,2025-12-02,844.79,2025-12-30
INV-01701,C-1077,2025-12-04,1278.51,2026-01-19
INV-01702,C-1077,2025-12-09,698.82,2026-01-17
INV-01703,C-1077,2025-12-17,650.16,2026-01-09
INV-01704,C-1077,2026-01-25,162.82,2026-02-25
INV-01705,C-1077,2026-01-28,1623.28,2026-03-10
INV-01706,C-1077,2026-01-29,1282.47,
INV-01707,C-1077,2026-02-05,1056.25,2026-03-04
INV-01708,C-1077,2026-02-09,2260.45,2026-03-02
INV-01709,C-1077,2026-02-18,50.00,2026-03-20
INV-01710,C-1077,2026-02-19,1307.22,2026-03-20
INV-01711,C-1077,2026-02-23,50.00,2026-03-14
INV-01712,C-1077,2026-02-28,610.95,
INV-01713,C-1078,2025-01-19,964.80,2025-03-01
INV-01714,C-1078,2025-01-21,1300.49,2025-02-22
INV-01715,C-1078,2025-01-27,1938.60,2025-04-03
INV-01716,C-1078,2025-02-28,1488.67,2025-04-14
INV-01717,C-1078,2025-03-10,301.76,2025-05-15
INV-01718,C-1078,2025-03-10,1788.13,2025-04-26
INV-01719,C-1078,2025-03-17,1490.76,2025-05-12
INV-01720,C-1078,2025-03-23,1589.92,2025-05-19
INV-01721,C-1078,2025-03-25,1713.28,2025-05-24
INV-01722,C-1078,2025-03-29,795.86,
INV-01723,C-1078,2025-04-02,2828.70,2025-05-23
INV-01724,C-1078,2025-04-08,1753.75,2025-05-15
INV-01725,C-1078,2025-04-11,2287.64,2025-06-12
INV-01726,C-1078,2025-05-02,612.55,2025-06-25
INV-01727,C-1078,2025-05-05,2196.43,2025-07-07
INV-01728,C-1078,2025-05-16,1773.96,
INV-01729,C-1078,2025-05-20,1656.70,2025-07-22
INV-01730,C-1078,2025-06-25,2021.65,2025-08-04
INV-01731,C-1078,2025-07-02,1099.21,2025-08-26
INV-01732,C-1078,2025-07-10,877.86,2025-08-31
INV-01733,C-1078,2025-07-14,731.84,2025-09-06
INV-01734,C-1078,2025-07-16,2019.78,2025-09-09
INV-01735,C-1078,2025-07-26,1300.86,2025-09-21
INV-01736,C-1078,2025-08-17,274.29,2025-10-22
INV-01737,C-1078,2025-09-03,939.03,2025-10-26
INV-01738,C-1078,2025-09-04,2121.06,2025-10-27
INV-01739,C-1078,2025-09-08,3059.19,2025-11-08
INV-01740,C-1078,2025-10-07,2419.99,2025-12-04
INV-01741,C-1078,2025-11-20,475.03,
INV-01742,C-1078,2025-11-21,1330.22,2026-01-19
INV-01743,C-1078,2025-11-28,2131.97,
INV-01744,C-1078,2025-12-10,1628.39,2026-02-10
INV-01745,C-1078,2025-12-22,1996.12,2026-02-17
INV-01746,C-1078,2025-12-27,2340.62,2026-02-20
INV-01747,C-1078,2026-01-10,343.48,2026-03-08
INV-01748,C-1078,2026-02-10,608.93,2026-03-29
INV-01749,C-1078,2026-03-03,1394.90,
INV-01750,C-1078,2026-03-28,1307.43,
INV-01751,C-1078,2026-03-28,681.28,
INV-01752,C-1078,2026-03-30,1743.47,
INV-01753,C-1079,2025-01-16,50.00,2025-02-26
INV-01754,C-1079,2025-01-25,1049.47,2025-03-01
INV-01755,C-1079,2025-01-26,1338.19,2025-02-26
INV-01756,C-1079,2025-01-31,847.29,2025-03-02
INV-01757,C-1079,2025-02-06,50.00,2025-03-05
INV-01758,C-1079,2025-02-15,531.44,2025-03-10
INV-01759,C-1079,2025-02-28,310.94,2025-04-04
INV-01760,C-1079,2025-03-17,1030.40,2025-04-20
INV-01761,C-1079,2025-03-18,949.45,2025-04-05
INV-01762,C-1079,2025-04-23,955.43,2025-05-24
INV-01763,C-1079,2025-05-09,431.75,2025-06-25
INV-01764,C-1079,2025-05-20,242.19,2025-06-25
INV-01765,C-1079,2025-05-24,1474.38,2025-06-24
INV-01766,C-1079,2025-05-28,849.01,
INV-01767,C-1079,2025-05-29,1046.87,2025-06-28
INV-01768,C-1079,2025-06-05,1688.85,2025-07-11
INV-01769,C-1079,2025-06-17,1058.87,2025-07-23
INV-01770,C-1079,2025-07-08,1451.36,2025-07-30
INV-01771,C-1079,2025-08-22,1184.20,2025-09-23
INV-01772,C-1079,2025-09-16,662.01,2025-10-04
INV-01773,C-1079,2025-09-19,1304.00,2025-10-17
INV-01774,C-1079,2025-10-16,647.75,2025-11-03
INV-01775,C-1079,2025-10-24,50.00,2025-12-01
INV-01776,C-1079,2025-10-30,866.90,2025-11-29
INV-01777,C-1079,2025-11-01,527.67,2025-12-06
INV-01778,C-1079,2025-11-27,1406.00,2025-12-28
INV-01779,C-1079,2025-12-04,1096.28,2025-12-23
INV-01780,C-1079,2025-12-09,2006.90,2026-01-17
INV-01781,C-1079,2025-12-19,243.24,2026-01-22
INV-01782,C-1079,2026-01-05,873.25,2026-02-01
INV-01783,C-1079,2026-01-11,1611.01,2026-02-13
INV-01784,C-1079,2026-03-28,2209.03,
INV-01785,C-1080,2025-01-11,232.71,2025-01-23
INV-01786,C-1080,2025-01-24,1129.04,2025-02-22
INV-01787,C-1080,2025-01-30,1143.09,2025-02-15
INV-01788,C-1080,2025-03-15,1382.91,2025-04-28
INV-01789,C-1080,2025-03-19,902.05,2025-05-01
INV-01790,C-1080,2025-03-20,1643.96,2025-05-03
INV-01791,C-1080,2025-05-20,2699.66,2025-06-16
INV-01792,C-1080,2025-05-23,550.04,2025-07-07
INV-01793,C-1080,2025-05-30,1083.00,2025-07-08
INV-01794,C-1080,2025-05-31,2191.00,2025-07-01
INV-01795,C-1080,2025-06-11,50.00,2025-07-11
INV-01796,C-1080,2025-06-22,1339.92,2025-06-30
INV-01797,C-1080,2025-07-08,1791.08,2025-08-03
INV-01798,C-1080,2025-07-29,1502.39,2025-08-26
INV-01799,C-1080,2025-07-31,1999.10,2025-09-01
INV-01800,C-1080,2025-08-07,1355.46,2025-09-12
INV-01801,C-1080,2025-08-15,2329.63,2025-09-22
INV-01802,C-1080,2025-08-31,538.84,2025-09-27
INV-01803,C-1080,2025-09-17,1489.95,2025-10-05
INV-01804,C-1080,2025-09-18,2162.64,2025-10-22
INV-01805,C-1080,2025-09-20,1236.82,2025-10-21
INV-01806,C-1080,2025-09-25,1412.60,2025-10-29
INV-01807,C-1080,2025-10-20,143.16,2025-11-17
INV-01808,C-1080,2025-12-13,1559.35,2026-01-20
INV-01809,C-1080,2026-01-03,2116.92,2026-02-20
INV-01810,C-1080,2026-01-28,501.07,2026-02-27
INV-01811,C-1080,2026-02-04,1546.67,2026-03-13
INV-01812,C-1080,2026-02-08,1833.82,2026-03-08
INV-01813,C-1080,2026-02-24,1353.70,2026-03-30
INV-01814,C-1080,2026-02-27,2512.11,2026-03-24
INV-01815,C-1080,2026-03-01,2918.19,2026-03-31
INV-01816,C-1080,2026-03-26,1210.37,
INV-01817,C-1081,2025-01-06,1539.52,2025-03-07
INV-01818,C-1081,2025-01-18,183.99,2025-03-17
INV-01819,C-1081,2025-01-26,851.15,2025-04-07
INV-01820,C-1081,2025-02-17,2638.66,2025-04-15
INV-01821,C-1081,2025-03-14,1217.94,2025-05-08
INV-01822,C-1081,2025-04-12,1600.63,2025-05-30
INV-01823,C-1081,2025-04-29,1127.47,
INV-01824,C-1081,2025-05-17,1291.90,2025-07-08
INV-01825,C-1081,2025-06-10,2501.58,2025-08-02
INV-01826,C-1081,2025-06-22,1807.42,2025-08-30
INV-01827,C-1081,2025-06-23,1775.42,2025-08-28
INV-01828,C-1081,2025-07-03,2212.79,2025-08-28
INV-01829,C-1081,2025-07-24,2510.77,2025-09-10
INV-01830,C-1081,2025-08-19,1546.06,2025-10-20
INV-01831,C-1081,2025-09-14,1027.66,2025-10-22
INV-01832,C-1081,2025-09-15,1595.41,2025-11-16
INV-01833,C-1081,2025-10-21,847.40,2025-12-13
INV-01834,C-1081,2025-10-22,1189.86,2025-12-15
INV-01835,C-1081,2025-10-30,672.68,2025-12-12
INV-01836,C-1081,2025-12-12,1118.75,2026-01-19
INV-01837,C-1081,2026-01-06,1250.88,2026-02-23
INV-01838,C-1081,2026-01-19,2337.11,2026-03-13
INV-01839,C-1081,2026-02-11,794.90,
INV-01840,C-1081,2026-03-22,1464.33,
INV-01841,C-1081,2026-03-28,50.00,
INV-01842,C-1082,2025-01-02,2793.94,2025-01-18
INV-01843,C-1082,2025-01-04,2596.68,2025-01-22
INV-01844,C-1082,2025-01-24,2314.68,2025-02-17
INV-01845,C-1082,2025-02-02,945.78,2025-03-09
INV-01846,C-1082,2025-02-06,2617.77,2025-02-25
INV-01847,C-1082,2025-02-09,2240.46,2025-03-16
INV-01848,C-1082,2025-02-27,3571.73,2025-03-23
INV-01849,C-1082,2025-03-19,1320.04,2025-04-04
INV-01850,C-1082,2025-04-03,3875.17,2025-04-13
INV-01851,C-1082,2025-04-14,1621.37,2025-05-19
INV-01852,C-1082,2025-04-18,1713.01,2025-05-31
INV-01853,C-1082,2025-05-07,2020.38,2025-05-28
INV-01854,C-1082,2025-05-09,1507.85,2025-06-12
INV-01855,C-1082,2025-05-15,2783.27,2025-05-30
INV-01856,C-1082,2025-05-24,3480.00,2025-06-03
INV-01857,C-1082,2025-05-25,2898.90,2025-06-03
INV-01858,C-1082,2025-06-04,2175.85,2025-06-20
INV-01859,C-1082,2025-06-06,2117.10,2025-07-22
INV-01860,C-1082,2025-06-25,2720.86,2025-07-12
INV-01861,C-1082,2025-06-28,1700.12,2025-07-16
INV-01862,C-1082,2025-07-10,1671.95,2025-08-01
INV-01863,C-1082,2025-07-11,2729.65,
INV-01864,C-1082,2025-07-15,664.03,2025-08-11
INV-01865,C-1082,2025-08-06,3033.95,2025-09-01
INV-01866,C-1082,2025-08-12,2293.22,2025-08-31
INV-01867,C-1082,2025-08-16,2851.03,2025-08-26
INV-01868,C-1082,2025-08-18,3324.68,2025-09-08
INV-01869,C-1082,2025-09-30,2286.74,2025-10-17
INV-01870,C-1082,2025-09-30,2373.59,2025-10-28
INV-01871,C-1082,2025-10-30,2479.94,2025-11-15
INV-01872,C-1082,2025-10-30,2064.62,2025-12-02
INV-01873,C-1082,2025-11-25,2636.72,2025-12-30
INV-01874,C-1082,2025-12-12,1832.49,2025-12-31
INV-01875,C-1082,2025-12-17,1802.90,2026-01-09
INV-01876,C-1082,2025-12-25,1843.41,2026-01-13
INV-01877,C-1082,2026-01-12,2888.10,2026-02-12
INV-01878,C-1082,2026-01-16,2565.35,2026-02-22
INV-01879,C-1082,2026-02-13,2508.46,2026-03-24
INV-01880,C-1082,2026-03-03,2364.07,
INV-01881,C-1082,2026-03-16,1905.36,
INV-01882,C-1083,2025-01-14,1819.35,2025-01-31
INV-01883,C-1083,2025-01-23,1766.14,2025-02-16
INV-01884,C-1083,2025-01-29,832.94,2025-03-03
INV-01885,C-1083,2025-02-17,1312.71,2025-03-22
INV-01886,C-1083,2025-02-22,618.78,2025-03-16
INV-01887,C-1083,2025-02-24,2340.73,2025-03-29
INV-01888,C-1083,2025-03-19,228.51,
INV-01889,C-1083,2025-03-22,764.26,2025-04-26
INV-01890,C-1083,2025-03-23,1484.12,2025-04-18
INV-01891,C-1083,2025-05-22,50.00,2025-06-14
INV-01892,C-1083,2025-05-28,383.75,2025-06-13
INV-01893,C-1083,2025-07-20,132.53,2025-08-31
INV-01894,C-1083,2025-08-09,2229.15,2025-08-31
INV-01895,C-1083,2025-08-23,908.50,2025-09-10
INV-01896,C-1083,2025-09-11,398.09,2025-10-05
INV-01897,C-1083,2025-09-23,1899.44,2025-10-16
INV-01898,C-1083,2025-10-08,1645.16,2025-10-26
INV-01899,C-1083,2025-10-30,467.04,2025-11-02
INV-01900,C-1083,2025-10-31,1107.81,2025-11-20
INV-01901,C-1083,2025-11-07,1353.71,2025-12-15
INV-01902,C-1083,2025-11-17,461.87,2025-12-15
INV-01903,C-1083,2025-11-20,1386.94,2025-12-13
INV-01904,C-1083,2025-12-13,1302.96,2026-01-05
INV-01905,C-1083,2025-12-28,966.02,2026-01-19
INV-01906,C-1083,2025-12-29,1351.35,2026-01-27
INV-01907,C-1083,2026-01-05,1397.99,2026-01-18
INV-01908,C-1083,2026-01-06,745.10,2026-02-02
INV-01909,C-1083,2026-02-09,50.00,2026-03-16
INV-01910,C-1083,2026-02-09,113.33,2026-03-20
INV-01911,C-1083,2026-02-10,2590.42,2026-03-18
INV-01912,C-1083,2026-03-13,580.03,
INV-01913,C-1083,2026-03-22,1472.53,
INV-01914,C-1084,2025-01-01,376.80,2025-02-21
INV-01915,C-1084,2025-01-04,587.49,2025-02-24
INV-01916,C-1084,2025-01-12,50.00,2025-02-28
INV-01917,C-1084,2025-02-14,1752.58,2025-04-11
INV-01918,C-1084,2025-02-17,1435.71,2025-03-31
INV-01919,C-1084,2025-03-10,1538.53,2025-04-27
INV-01920,C-1084,2025-03-28,1029.53,2025-05-11
INV-01921,C-1084,2025-04-06,1046.88,2025-05-27
INV-01922,C-1084,2025-04-07,1358.09,2025-06-15
INV-01923,C-1084,2025-04-20,1964.11,2025-06-19
INV-01924,C-1084,2025-04-24,1854.83,2025-05-31
INV-01925,C-1084,2025-04-25,2393.57,2025-06-09
INV-01926,C-1084,2025-04-28,1236.15,2025-06-26
INV-01927,C-1084,2025-05-01,1804.05,
INV-01928,C-1084,2025-05-05,1010.27,2025-07-02
INV-01929,C-1084,2025-06-03,50.00,2025-07-12
INV-01930,C-1084,2025-06-06,1321.49,2025-07-11
INV-01931,C-1084,2025-06-16,1377.36,2025-08-14
INV-01932,C-1084,2025-06-27,1692.57,2025-08-15
INV-01933,C-1084,2025-08-21,1359.73,
INV-01934,C-1084,2025-09-01,50.00,2025-10-26
INV-01935,C-1084,2025-09-05,309.58,2025-10-25
INV-01936,C-1084,2025-09-21,1301.96,2025-11-07
INV-01937,C-1084,2025-10-01,702.67,2025-11-30
INV-01938,C-1084,2025-10-07,1378.64,2025-11-24
INV-01939,C-1084,2025-10-19,1257.26,2025-12-18
INV-01940,C-1084,2025-10-24,979.77,
INV-01941,C-1084,2025-10-29,1109.99,2025-12-16
INV-01942,C-1084,2025-10-30,183.48,
INV-01943,C-1084,2025-11-10,2380.51,
INV-01944,C-1084,2025-11-15,1224.59,2026-01-07
INV-01945,C-1084,2025-12-19,75.04,2026-02-13
INV-01946,C-1084,2025-12-20,951.97,2026-02-17
INV-01947,C-1084,2025-12-29,1309.17,2026-02-21
INV-01948,C-1084,2026-01-16,1639.62,2026-02-25
INV-01949,C-1084,2026-01-26,2574.94,2026-03-27
INV-01950,C-1084,2026-01-30,3081.13,2026-03-15
INV-01951,C-1084,2026-02-11,1542.36,
INV-01952,C-1084,2026-02-26,998.11,
INV-01953,C-1084,2026-03-08,1475.52,
INV-01954,C-1085,2025-02-01,1314.50,2025-03-19
INV-01955,C-1085,2025-02-10,2842.29,2025-04-04
INV-01956,C-1085,2025-02-11,615.56,2025-03-14
INV-01957,C-1085,2025-02-12,1545.27,2025-03-11
INV-01958,C-1085,2025-02-22,2298.41,2025-04-04
INV-01959,C-1085,2025-03-02,2335.92,2025-04-08
INV-01960,C-1085,2025-03-10,2860.81,2025-05-12
INV-01961,C-1085,2025-03-25,2353.40,2025-05-01
INV-01962,C-1085,2025-03-29,2724.78,2025-04-30
INV-01963,C-1085,2025-04-15,1404.51,2025-05-27
INV-01964,C-1085,2025-04-19,1427.06,2025-05-30
INV-01965,C-1085,2025-04-21,2454.14,2025-06-01
INV-01966,C-1085,2025-05-09,1699.25,2025-06-19
INV-01967,C-1085,2025-06-10,2454.05,2025-07-26
INV-01968,C-1085,2025-06-12,2824.05,2025-07-23
INV-01969,C-1085,2025-06-14,2469.84,2025-07-25
INV-01970,C-1085,2025-06-25,1580.41,2025-08-26
INV-01971,C-1085,2025-07-12,4413.60,2025-08-29
INV-01972,C-1085,2025-07-23,1853.78,2025-09-08
INV-01973,C-1085,2025-08-04,2894.57,2025-09-06
INV-01974,C-1085,2025-08-04,2399.46,2025-09-14
INV-01975,C-1085,2025-08-10,1162.03,
INV-01976,C-1085,2025-09-06,1730.11,2025-10-30
INV-01977,C-1085,2025-09-10,1773.07,2025-10-30
INV-01978,C-1085,2025-09-12,4458.98,2025-09-29
INV-01979,C-1085,2025-09-18,1619.72,2025-11-02
INV-01980,C-1085,2025-10-16,3158.64,2025-12-02
INV-01981,C-1085,2025-10-17,2271.85,2025-11-19
INV-01982,C-1085,2025-10-26,2785.19,2025-12-07
INV-01983,C-1085,2025-11-13,1938.31,
INV-01984,C-1085,2025-11-26,2736.35,2026-01-18
INV-01985,C-1085,2025-11-27,2278.03,
INV-01986,C-1085,2026-01-02,1332.19,2026-02-01
INV-01987,C-1085,2026-01-03,3013.68,2026-02-01
INV-01988,C-1085,2026-01-10,1841.42,2026-02-20
INV-01989,C-1085,2026-01-10,3223.03,2026-02-16
INV-01990,C-1085,2026-01-15,4093.43,2026-02-13
INV-01991,C-1085,2026-01-21,2947.89,2026-03-02
INV-01992,C-1085,2026-02-04,2463.18,2026-03-11
INV-01993,C-1085,2026-03-20,1063.61,
INV-01994,C-1086,2025-01-01,1161.52,2025-01-27
INV-01995,C-1086,2025-01-15,2151.38,2025-02-15
INV-01996,C-1086,2025-01-15,1049.81,2025-02-18
INV-01997,C-1086,2025-01-26,409.19,2025-03-09
INV-01998,C-1086,2025-02-01,872.48,2025-03-07
INV-01999,C-1086,2025-02-05,1098.62,2025-03-08
INV-02000,C-1086,2025-02-23,1668.98,2025-03-19
INV-02001,C-1086,2025-02-28,1588.00,2025-04-06
INV-02002,C-1086,2025-02-28,1621.55,2025-03-17
INV-02003,C-1086,2025-03-09,1622.58,2025-04-14
INV-02004,C-1086,2025-03-27,674.60,2025-04-20
INV-02005,C-1086,2025-04-03,1818.63,2025-04-24
INV-02006,C-1086,2025-04-24,2884.13,2025-05-26
INV-02007,C-1086,2025-04-24,2325.44,2025-05-18
INV-02008,C-1086,2025-05-02,1108.18,2025-06-01
INV-02009,C-1086,2025-05-20,1859.86,2025-06-22
INV-02010,C-1086,2025-05-22,1276.19,2025-06-19
INV-02011,C-1086,2025-06-12,1276.81,2025-07-20
INV-02012,C-1086,2025-07-04,1418.58,2025-08-02
INV-02013,C-1086,2025-07-26,1558.37,2025-08-12
INV-02014,C-1086,2025-08-09,1617.93,2025-09-18
INV-02015,C-1086,2025-09-25,1922.34,2025-10-26
INV-02016,C-1086,2025-10-08,2097.01,2025-11-08
INV-02017,C-1086,2025-10-13,2562.49,2025-11-10
INV-02018,C-1086,2025-10-19,2911.17,2025-11-11
INV-02019,C-1086,2025-11-03,2218.24,2025-12-13
INV-02020,C-1086,2025-11-08,1540.23,2025-12-06
INV-02021,C-1086,2025-11-14,1289.20,2025-12-12
INV-02022,C-1086,2025-12-02,1923.48,2025-12-20
INV-02023,C-1086,2025-12-18,1790.49,2026-01-09
INV-02024,C-1086,2026-03-02,3183.75,
INV-02025,C-1086,2026-03-05,1528.39,
INV-02026,C-1087,2025-01-03,1729.22,
INV-02027,C-1087,2025-01-10,2323.85,2025-02-22
INV-02028,C-1087,2025-01-14,1658.67,2025-02-12
INV-02029,C-1087,2025-01-24,557.52,2025-02-15
INV-02030,C-1087,2025-01-26,1227.71,2025-02-20
INV-02031,C-1087,2025-02-22,1393.25,2025-03-19
INV-02032,C-1087,2025-02-28,1966.98,2025-03-26
INV-02033,C-1087,2025-03-07,2839.30,2025-03-23
INV-02034,C-1087,2025-03-24,1391.89,2025-04-18
INV-02035,C-1087,2025-04-02,50.00,2025-04-18
INV-02036,C-1087,2025-05-21,1599.84,2025-06-09
INV-02037,C-1087,2025-06-16,1949.39,2025-07-11
INV-02038,C-1087,2025-06-17,1967.65,2025-07-11
INV-02039,C-1087,2025-07-14,2270.37,2025-08-12
INV-02040,C-1087,2025-07-18,2599.98,2025-08-17
INV-02041,C-1087,2025-07-19,2764.42,
INV-02042,C-1087,2025-08-05,1177.77,2025-08-15
INV-02043,C-1087,2025-08-08,1111.79,2025-09-14
INV-02044,C-1087,2025-08-29,1925.54,2025-09-28
INV-02045,C-1087,2025-08-31,1483.03,2025-09-16
INV-02046,C-1087,2025-09-14,1786.21,2025-10-21
INV-02047,C-1087,2025-09-16,1182.78,2025-10-19
INV-02048,C-1087,2025-10-07,781.05,2025-11-08
INV-02049,C-1087,2025-11-22,956.25,
INV-02050,C-1087,2025-11-22,1283.22,2025-12-15
INV-02051,C-1087,2025-12-04,889.36,2026-01-03
INV-02052,C-1087,2025-12-24,1350.43,2026-01-17
INV-02053,C-1087,2026-01-10,1352.29,2026-01-28
INV-02054,C-1087,2026-02-04,1341.75,
INV-02055,C-1087,2026-02-24,2207.57,2026-03-18
INV-02056,C-1087,2026-03-14,1744.10,
INV-02057,C-1087,2026-03-27,2358.92,
INV-02058,C-1088,2025-01-02,539.95,2025-02-24
INV-02059,C-1088,2025-03-06,1165.78,2025-04-20
INV-02060,C-1088,2025-03-11,1103.33,2025-05-12
INV-02061,C-1088,2025-03-12,1840.73,2025-05-19
INV-02062,C-1088,2025-03-12,1554.68,2025-04-27
INV-02063,C-1088,2025-03-16,1298.73,2025-05-16
INV-02064,C-1088,2025-04-13,2069.35,2025-06-16
INV-02065,C-1088,2025-04-26,1935.22,2025-06-03
INV-02066,C-1088,2025-05-16,1629.78,2025-07-11
INV-02067,C-1088,2025-05-18,1263.64,
INV-02068,C-1088,2025-06-09,2604.24,2025-07-29
INV-02069,C-1088,2025-06-24,2344.76,2025-08-13
INV-02070,C-1088,2025-07-21,177.78,2025-09-27
INV-02071,C-1088,2025-08-02,197.90,2025-09-28
INV-02072,C-1088,2025-08-06,1386.69,2025-10-04
INV-02073,C-1088,2025-08-08,3918.86,2025-10-11
INV-02074,C-1088,2025-08-10,2002.18,2025-09-25
INV-02075,C-1088,2025-08-21,551.21,2025-10-12
INV-02076,C-1088,2025-08-30,1618.08,2025-10-17
INV-02077,C-1088,2025-09-03,2127.89,2025-10-17
INV-02078,C-1088,2025-09-03,50.00,2025-11-07
INV-02079,C-1088,2025-09-08,1719.39,2025-11-02
INV-02080,C-1088,2025-10-03,447.52,2025-12-12
INV-02081,C-1088,2025-10-13,2312.88,
INV-02082,C-1088,2025-10-18,900.81,
INV-02083,C-1088,2025-11-02,1520.97,2026-01-17
INV-02084,C-1088,2025-11-14,686.35,2026-01-07
INV-02085,C-1088,2025-12-03,2457.77,2026-01-24
INV-02086,C-1088,2026-01-08,2176.60,
INV-02087,C-1088,2026-01-08,929.63,2026-03-09
INV-02088,C-1088,2026-01-17,2116.86,
INV-02089,C-1088,2026-01-20,2429.26,2026-03-09
INV-02090,C-1088,2026-01-23,2038.87,2026-03-21
INV-02091,C-1088,2026-01-23,2049.38,
INV-02092,C-1088,2026-02-03,2181.82,2026-03-31
INV-02093,C-1088,2026-02-08,1377.33,2026-03-23
INV-02094,C-1088,2026-02-13,1331.07,
INV-02095,C-1088,2026-03-01,551.34,
INV-02096,C-1088,2026-03-18,1281.91,
INV-02097,C-1088,2026-03-30,1900.28,
INV-02098,C-1089,2025-01-09,2190.57,2025-02-06
INV-02099,C-1089,2025-01-10,773.94,2025-03-13
INV-02100,C-1089,2025-01-16,2148.24,2025-03-07
INV-02101,C-1089,2025-01-31,2652.52,2025-03-07
INV-02102,C-1089,2025-02-05,2012.99,2025-04-06
INV-02103,C-1089,2025-02-16,2725.25,2025-04-02
INV-02104,C-1089,2025-03-13,1657.74,2025-05-07
INV-02105,C-1089,2025-03-20,2903.77,2025-05-24
INV-02106,C-1089,2025-03-21,1759.86,2025-05-01
INV-02107,C-1089,2025-04-11,1829.50,2025-05-13
INV-02108,C-1089,2025-04-26,1915.13,2025-06-07
INV-02109,C-1089,2025-05-14,2583.25,2025-06-13
INV-02110,C-1089,2025-05-20,2281.66,2025-06-27
INV-02111,C-1089,2025-06-27,2174.47,2025-08-15
INV-02112,C-1089,2025-07-02,1928.74,2025-08-17
INV-02113,C-1089,2025-08-09,1633.10,
INV-02114,C-1089,2025-08-12,3524.60,2025-09-18
INV-02115,C-1089,2025-08-23,3367.72,2025-10-06
INV-02116,C-1089,2025-10-15,2178.96,
INV-02117,C-1089,2025-10-16,1871.32,
INV-02118,C-1089,2025-11-09,1816.67,
INV-02119,C-1089,2025-11-12,2352.73,2025-12-18
INV-02120,C-1089,2025-11-25,4337.65,2026-01-12
INV-02121,C-1089,2026-01-18,1587.88,2026-02-24
INV-02122,C-1089,2026-01-18,2508.37,2026-03-10
INV-02123,C-1089,2026-01-21,3594.50,2026-03-01
INV-02124,C-1089,2026-02-04,1765.84,2026-03-25
INV-02125,C-1089,2026-02-04,2069.91,2026-03-14
INV-02126,C-1089,2026-02-05,2558.91,2026-03-10
INV-02127,C-1089,2026-02-18,2682.03,2026-03-22
INV-02128,C-1089,2026-02-18,3797.60,2026-03-31
INV-02129,C-1089,2026-03-18,1605.38,
INV-02130,C-1090,2025-01-01,629.32,2025-02-09
INV-02131,C-1090,2025-01-15,1172.21,2025-02-06
INV-02132,C-1090,2025-01-25,2181.72,2025-02-20
INV-02133,C-1090,2025-02-01,684.76,2025-03-11
INV-02134,C-1090,2025-02-07,1204.49,2025-03-08
INV-02135,C-1090,2025-02-09,2083.30,2025-02-16
INV-02136,C-1090,2025-02-15,1531.01,2025-03-16
INV-02137,C-1090,2025-02-16,272.65,2025-03-14
INV-02138,C-1090,2025-03-03,597.45,2025-03-15
INV-02139,C-1090,2025-03-05,619.35,2025-04-07
INV-02140,C-1090,2025-04-06,1411.34,2025-05-14
INV-02141,C-1090,2025-04-19,1770.42,2025-05-23
INV-02142,C-1090,2025-05-26,1870.72,2025-06-05
INV-02143,C-1090,2025-06-21,1492.00,2025-07-13
INV-02144,C-1090,2025-07-25,1019.40,2025-08-28
INV-02145,C-1090,2025-08-01,181.67,2025-09-07
INV-02146,C-1090,2025-08-01,1082.73,2025-08-31
INV-02147,C-1090,2025-08-02,2950.03,2025-09-01
INV-02148,C-1090,2025-08-03,1582.84,2025-09-06
INV-02149,C-1090,2025-08-08,535.72,2025-09-11
INV-02150,C-1090,2025-09-16,1029.74,2025-10-23
INV-02151,C-1090,2025-10-07,2715.11,2025-11-06
INV-02152,C-1090,2025-10-25,1030.98,2025-11-27
INV-02153,C-1090,2025-10-25,1243.10,2025-12-03
INV-02154,C-1090,2025-11-16,1491.31,2025-12-17
INV-02155,C-1090,2025-11-25,2168.19,2025-12-26
INV-02156,C-1090,2025-11-27,1572.75,2026-01-11
INV-02157,C-1090,2025-12-21,2342.27,2026-01-24
INV-02158,C-1090,2025-12-27,1258.21,2026-01-22
INV-02159,C-1090,2026-02-06,1044.67,2026-03-19
INV-02160,C-1090,2026-02-27,2085.28,
INV-02161,C-1090,2026-03-22,1659.60,
INV-02162,C-1091,2025-01-30,1410.97,2025-04-08
INV-02163,C-1091,2025-02-12,2102.64,2025-04-10
INV-02164,C-1091,2025-02-27,2012.32,2025-04-22
INV-02165,C-1091,2025-03-02,1457.49,2025-04-24
INV-02166,C-1091,2025-03-07,1297.01,2025-05-03
INV-02167,C-1091,2025-03-20,2007.25,2025-05-15
INV-02168,C-1091,2025-04-02,641.23,2025-06-07
INV-02169,C-1091,2025-04-20,2273.03,
INV-02170,C-1091,2025-05-02,2062.18,2025-06-06
INV-02171,C-1091,2025-05-11,1780.22,2025-07-10
INV-02172,C-1091,2025-05-22,1744.06,2025-07-16
INV-02173,C-1091,2025-06-04,2371.70,2025-07-31
INV-02174,C-1091,2025-06-06,1584.62,2025-08-11
INV-02175,C-1091,2025-06-26,2690.45,
INV-02176,C-1091,2025-07-11,1308.22,2025-08-22
INV-02177,C-1091,2025-07-12,1268.90,2025-09-19
INV-02178,C-1091,2025-07-17,3412.47,2025-09-05
INV-02179,C-1091,2025-07-21,1080.71,2025-09-20
INV-02180,C-1091,2025-08-05,1186.29,2025-10-12
INV-02181,C-1091,2025-08-25,2460.08,2025-10-21
INV-02182,C-1091,2025-08-26,1084.52,2025-10-18
INV-02183,C-1091,2025-09-03,2022.10,2025-10-24
INV-02184,C-1091,2025-09-20,2048.88,2025-11-26
INV-02185,C-1091,2025-10-01,1132.24,2025-11-18
INV-02186,C-1091,2025-10-13,1816.12,2025-12-06
INV-02187,C-1091,2025-10-15,1588.14,
INV-02188,C-1091,2025-10-27,1599.86,2025-12-07
INV-02189,C-1091,2025-11-26,2416.76,
INV-02190,C-1091,2025-11-30,1731.87,2026-01-17
INV-02191,C-1091,2025-12-10,2052.80,2026-02-02
INV-02192,C-1091,2025-12-25,1278.39,2026-02-21
INV-02193,C-1091,2026-01-02,2163.00,2026-02-20
INV-02194,C-1091,2026-01-08,1399.66,2026-03-05
INV-02195,C-1091,2026-01-13,3034.78,2026-02-22
INV-02196,C-1091,2026-02-05,1310.52,2026-03-26
INV-02197,C-1091,2026-02-28,2605.23,
INV-02198,C-1091,2026-03-02,1900.60,
INV-02199,C-1091,2026-03-03,3141.26,
INV-02200,C-1091,2026-03-07,3281.56,
INV-02201,C-1091,2026-03-25,1046.33,
INV-02202,C-1092,2025-01-16,1009.42,2025-02-21
INV-02203,C-1092,2025-01-27,1993.80,
INV-02204,C-1092,2025-02-07,1111.70,2025-03-15
INV-02205,C-1092,2025-02-08,1858.96,2025-03-12
INV-02206,C-1092,2025-02-15,50.00,2025-03-26
INV-02207,C-1092,2025-03-06,828.25,2025-04-13
INV-02208,C-1092,2025-03-23,946.74,
INV-02209,C-1092,2025-03-28,2520.04,2025-04-19
INV-02210,C-1092,2025-03-29,1526.30,2025-05-04
INV-02211,C-1092,2025-04-06,50.00,2025-05-21
INV-02212,C-1092,2025-04-11,1595.40,
INV-02213,C-1092,2025-05-09,1146.53,2025-06-05
INV-02214,C-1092,2025-05-16,495.80,2025-06-22
INV-02215,C-1092,2025-06-18,783.22,2025-08-01
INV-02216,C-1092,2025-07-10,986.74,2025-09-03
INV-02217,C-1092,2025-07-12,828.10,2025-08-16
INV-02218,C-1092,2025-07-17,1339.40,2025-08-15
INV-02219,C-1092,2025-07-25,1611.14,2025-09-16
INV-02220,C-1092,2025-07-26,1219.06,2025-09-05
INV-02221,C-1092,2025-08-14,1571.37,
INV-02222,C-1092,2025-08-17,1064.66,2025-09-30
INV-02223,C-1092,2025-08-28,158.52,2025-09-29
INV-02224,C-1092,2025-09-01,694.87,2025-10-03
INV-02225,C-1092,2025-09-17,2073.48,
INV-02226,C-1092,2025-09-20,627.50,2025-11-01
INV-02227,C-1092,2025-09-29,148.20,2025-11-01
INV-02228,C-1092,2025-10-03,1083.34,2025-11-10
INV-02229,C-1092,2025-10-16,791.69,2025-11-15
INV-02230,C-1092,2025-11-18,1173.78,2025-12-18
INV-02231,C-1092,2025-11-26,591.57,2026-01-08
INV-02232,C-1092,2025-12-10,130.67,2026-01-11
INV-02233,C-1092,2025-12-16,519.98,2026-02-06
INV-02234,C-1092,2025-12-30,1688.68,2026-02-09
INV-02235,C-1092,2026-01-28,1240.20,
INV-02236,C-1092,2026-02-07,1946.27,
INV-02237,C-1092,2026-02-08,818.50,2026-03-09
INV-02238,C-1092,2026-02-16,974.12,
INV-02239,C-1092,2026-02-23,845.14,
INV-02240,C-1092,2026-03-12,1156.97,
INV-02241,C-1092,2026-03-21,598.05,
INV-02242,C-1093,2025-01-03,1968.51,2025-02-10
INV-02243,C-1093,2025-01-18,1070.57,2025-03-18
INV-02244,C-1093,2025-01-27,2925.28,
INV-02245,C-1093,2025-02-09,2674.36,2025-03-27
INV-02246,C-1093,2025-02-21,3387.87,2025-05-05
INV-02247,C-1093,2025-03-04,695.58,2025-04-04
INV-02248,C-1093,2025-04-01,1555.96,2025-05-21
INV-02249,C-1093,2025-04-14,3439.68,2025-06-18
INV-02250,C-1093,2025-05-07,1689.36,2025-07-11
INV-02251,C-1093,2025-05-23,2321.13,2025-07-13
INV-02252,C-1093,2025-06-22,2206.15,2025-08-28
INV-02253,C-1093,2025-07-28,2513.35,2025-09-15
INV-02254,C-1093,2025-08-20,2098.02,2025-09-29
INV-02255,C-1093,2025-08-25,1237.13,2026-02-27
INV-02256,C-1093,2025-09-02,1295.01,
INV-02257,C-1093,2025-09-12,1033.64,2025-11-13
INV-02258,C-1093,2025-09-27,2028.44,2025-11-10
INV-02259,C-1093,2025-10-08,1171.58,2025-11-25
INV-02260,C-1093,2025-10-08,2666.75,2025-12-08
INV-02261,C-1093,2025-12-16,2053.48,2026-02-23
INV-02262,C-1093,2026-01-29,2685.33,
INV-02263,C-1093,2026-02-18,1937.45,
INV-02264,C-1093,2026-02-24,2235.27,
INV-02265,C-1093,2026-03-01,3396.88,
INV-02266,C-1093,2026-03-17,1703.04,
INV-02267,C-1094,2025-02-07,2049.26,2025-03-09
INV-02268,C-1094,2025-02-22,936.96,2025-03-13
INV-02269,C-1094,2025-02-28,438.53,2025-04-12
INV-02270,C-1094,2025-03-03,2647.47,2025-03-29
INV-02271,C-1094,2025-03-17,1762.01,2025-04-12
INV-02272,C-1094,2025-03-17,1712.72,2025-04-01
INV-02273,C-1094,2025-04-05,2823.56,2025-05-20
INV-02274,C-1094,2025-04-26,2181.13,2025-05-11
INV-02275,C-1094,2025-04-29,2726.42,2025-05-27
INV-02276,C-1094,2025-05-17,266.73,2025-06-14
INV-02277,C-1094,2025-07-01,2793.18,2025-07-27
INV-02278,C-1094,2025-07-08,3062.39,2025-08-06
INV-02279,C-1094,2025-08-21,2541.85,2025-09-06
INV-02280,C-1094,2025-08-29,2197.57,2025-10-04
INV-02281,C-1094,2025-09-04,2478.77,2025-10-17
INV-02282,C-1094,2025-10-15,1935.01,2025-11-07
INV-02283,C-1094,2025-10-20,2124.90,2025-12-03
INV-02284,C-1094,2025-11-18,2308.80,2025-12-30
INV-02285,C-1094,2025-12-14,3281.93,
INV-02286,C-1094,2025-12-17,2176.38,2026-01-16
INV-02287,C-1094,2026-01-13,1487.10,2026-02-09
INV-02288,C-1094,2026-02-11,1701.33,2026-03-03
INV-02289,C-1094,2026-02-19,1209.08,2026-03-31
INV-02290,C-1094,2026-03-09,3124.38,
INV-02291,C-1094,2026-03-27,1810.03,
INV-02292,C-1095,2025-01-01,1289.79,2025-02-14
INV-02293,C-1095,2025-01-21,1517.85,2025-03-05
INV-02294,C-1095,2025-01-30,131.95,2025-03-07
INV-02295,C-1095,2025-02-20,1151.32,2025-04-18
INV-02296,C-1095,2025-02-27,1280.50,2025-03-12
INV-02297,C-1095,2025-04-13,1264.33,2025-05-13
INV-02298,C-1095,2025-04-19,1495.94,2025-05-30
INV-02299,C-1095,2025-04-29,1275.52,2025-05-31
INV-02300,C-1095,2025-05-26,50.00,
INV-02301,C-1095,2025-06-12,2647.11,2025-07-13
INV-02302,C-1095,2025-06-22,1740.28,2025-07-20
INV-02303,C-1095,2025-07-12,1625.28,2025-08-16
INV-02304,C-1095,2025-07-12,1700.05,2025-08-16
INV-02305,C-1095,2025-08-14,50.00,2025-09-24
INV-02306,C-1095,2025-08-29,899.26,2025-09-26
INV-02307,C-1095,2025-09-04,1089.49,2025-10-08
INV-02308,C-1095,2025-09-08,1052.32,2025-10-08
INV-02309,C-1095,2025-09-27,683.90,2025-10-31
INV-02310,C-1095,2025-11-06,1793.48,2025-12-12
INV-02311,C-1095,2025-11-07,2366.62,2025-12-13
INV-02312,C-1095,2025-11-11,1822.51,2025-12-08
INV-02313,C-1095,2025-11-20,1481.83,2025-12-28
INV-02314,C-1095,2025-11-25,1573.79,2026-01-09
INV-02315,C-1095,2025-11-26,898.60,2025-12-23
INV-02316,C-1095,2025-12-27,1562.34,2026-01-27
INV-02317,C-1095,2026-01-05,2451.00,2026-01-17
INV-02318,C-1095,2026-01-07,2104.23,2026-02-13
INV-02319,C-1095,2026-01-28,613.37,2026-02-18
INV-02320,C-1095,2026-02-24,1376.59,2026-03-21
INV-02321,C-1095,2026-03-09,497.07,
INV-02322,C-1095,2026-03-09,140.41,
INV-02323,C-1095,2026-03-18,1460.11,
INV-02324,C-1096,2025-01-14,1267.97,2025-03-14
INV-02325,C-1096,2025-01-15,2630.98,2025-03-14
INV-02326,C-1096,2025-02-02,2742.07,2025-03-18
INV-02327,C-1096,2025-02-04,2101.57,2025-03-06
INV-02328,C-1096,2025-02-20,2902.22,2025-04-05
INV-02329,C-1096,2025-03-12,1209.13,2025-04-15
INV-02330,C-1096,2025-03-24,2627.35,2025-05-12
INV-02331,C-1096,2025-03-26,2533.99,2025-04-25
INV-02332,C-1096,2025-04-03,2050.71,2025-05-09
INV-02333,C-1096,2025-04-06,3074.32,2025-05-20
INV-02334,C-1096,2025-04-07,2680.96,2025-05-25
INV-02335,C-1096,2025-04-12,2948.45,2025-06-09
INV-02336,C-1096,2025-04-16,2457.26,2025-10-01
INV-02337,C-1096,2025-05-31,2053.83,2025-07-10
INV-02338,C-1096,2025-05-31,2313.12,2025-07-25
INV-02339,C-1096,2025-06-09,1375.33,2025-07-28
INV-02340,C-1096,2025-07-21,2070.06,
INV-02341,C-1096,2025-07-24,2324.01,2025-08-28
INV-02342,C-1096,2025-08-08,1869.68,2025-09-26
INV-02343,C-1096,2025-08-17,3688.25,2025-10-01
INV-02344,C-1096,2025-09-04,1713.06,2025-10-27
INV-02345,C-1096,2025-09-05,2738.53,2025-10-13
INV-02346,C-1096,2025-09-08,2931.20,2025-10-18
INV-02347,C-1096,2025-09-14,1597.34,2025-11-02
INV-02348,C-1096,2025-09-29,2692.26,2025-11-14
INV-02349,C-1096,2025-10-13,2175.73,2025-11-10
INV-02350,C-1096,2025-10-14,1371.83,2025-11-15
INV-02351,C-1096,2025-12-29,2533.33,2026-02-15
INV-02352,C-1096,2025-12-31,2838.94,2026-02-08
INV-02353,C-1096,2026-01-03,2456.17,2026-01-27
INV-02354,C-1096,2026-01-12,2354.62,2026-02-23
INV-02355,C-1096,2026-02-20,3001.46,
INV-02356,C-1097,2025-01-12,2534.82,2025-02-09
INV-02357,C-1097,2025-02-10,1688.15,2025-03-10
INV-02358,C-1097,2025-02-23,1695.28,2025-03-25
INV-02359,C-1097,2025-03-06,992.19,2025-03-12
INV-02360,C-1097,2025-04-22,2876.20,2025-05-27
INV-02361,C-1097,2025-04-22,1934.92,2025-05-23
INV-02362,C-1097,2025-05-21,1163.91,2025-06-24
INV-02363,C-1097,2025-06-05,2065.46,2025-07-08
INV-02364,C-1097,2025-07-07,1094.79,2025-08-16
INV-02365,C-1097,2025-08-20,2999.13,2025-09-19
INV-02366,C-1097,2025-09-04,2028.93,2025-10-01
INV-02367,C-1097,2025-09-14,1326.18,
INV-02368,C-1097,2025-09-28,1593.78,2025-10-30
INV-02369,C-1097,2025-10-22,2219.39,2025-11-02
INV-02370,C-1097,2025-10-31,3248.51,2025-12-14
INV-02371,C-1097,2025-11-30,1985.86,2025-12-23
INV-02372,C-1097,2025-12-14,2341.86,2026-01-13
INV-02373,C-1097,2025-12-15,1318.54,2026-01-14
INV-02374,C-1097,2026-01-06,1417.98,2026-01-21
INV-02375,C-1097,2026-02-12,2368.44,2026-03-11
INV-02376,C-1097,2026-02-27,2882.69,
INV-02377,C-1097,2026-03-14,2306.05,
INV-02378,C-1097,2026-03-18,2045.54,
INV-02379,C-1097,2026-03-24,1758.94,
INV-02380,C-1097,2026-03-26,2472.91,
INV-02381,C-1098,2025-01-04,608.58,2025-01-30
INV-02382,C-1098,2025-01-17,1612.71,2025-01-25
INV-02383,C-1098,2025-02-09,613.36,2025-02-25
INV-02384,C-1098,2025-02-13,50.00,2025-03-02
INV-02385,C-1098,2025-02-14,1779.39,2025-03-24
INV-02386,C-1098,2025-03-04,1460.00,2025-04-03
INV-02387,C-1098,2025-03-10,1446.26,2025-04-10
INV-02388,C-1098,2025-03-22,1275.10,2025-04-21
INV-02389,C-1098,2025-04-02,1072.16,2025-05-03
INV-02390,C-1098,2025-04-17,410.37,2025-05-10
INV-02391,C-1098,2025-04-17,988.55,2025-05-03
INV-02392,C-1098,2025-04-18,523.99,2025-05-13
INV-02393,C-1098,2025-04-27,992.52,2025-05-24
INV-02394,C-1098,2025-04-27,1239.38,2025-06-07
INV-02395,C-1098,2025-04-30,478.25,2025-05-19
INV-02396,C-1098,2025-05-21,1163.40,2025-06-25
INV-02397,C-1098,2025-05-31,504.10,2025-06-25
INV-02398,C-1098,2025-06-15,1327.19,2025-07-15
INV-02399,C-1098,2025-06-22,2114.71,2025-07-07
INV-02400,C-1098,2025-07-03,826.53,2025-07-15
INV-02401,C-1098,2025-07-30,567.63,2025-09-06
INV-02402,C-1098,2025-08-29,50.00,2025-09-16
INV-02403,C-1098,2025-08-31,1939.75,2025-10-19
INV-02404,C-1098,2025-09-03,970.99,2025-09-29
INV-02405,C-1098,2025-09-18,1998.46,2025-10-28
INV-02406,C-1098,2025-09-19,1328.15,2025-11-01
INV-02407,C-1098,2025-09-20,1161.24,2025-10-04
INV-02408,C-1098,2025-11-03,50.00,2025-11-21
INV-02409,C-1098,2025-11-25,1749.38,2025-12-24
INV-02410,C-1098,2025-11-29,50.00,2025-12-13
INV-02411,C-1098,2025-12-02,1263.77,2026-01-01
INV-02412,C-1098,2025-12-11,189.38,2025-12-31
INV-02413,C-1098,2025-12-14,1497.84,2026-01-09
INV-02414,C-1098,2025-12-16,1930.26,2026-01-05
INV-02415,C-1098,2025-12-31,1118.19,2026-02-06
INV-02416,C-1098,2026-01-19,2095.49,2026-02-25
INV-02417,C-1098,2026-02-01,50.00,2026-02-15
INV-02418,C-1098,2026-02-02,1813.89,2026-02-17
INV-02419,C-1098,2026-02-24,50.00,2026-03-28
INV-02420,C-1098,2026-03-07,296.08,
INV-02421,C-1099,2025-02-04,1408.50,2025-03-16
INV-02422,C-1099,2025-03-02,1568.87,2025-04-17
INV-02423,C-1099,2025-03-05,2668.99,2025-05-17
INV-02424,C-1099,2025-04-02,1783.82,2025-06-11
INV-02425,C-1099,2025-04-09,2516.07,
INV-02426,C-1099,2025-04-12,2152.28,2025-06-18
INV-02427,C-1099,2025-04-14,2405.02,2025-05-23
INV-02428,C-1099,2025-04-25,2136.81,2025-06-12
INV-02429,C-1099,2025-05-17,697.01,2025-07-17
INV-02430,C-1099,2025-05-20,1532.74,2025-07-12
INV-02431,C-1099,2025-06-03,1948.66,2025-08-03
INV-02432,C-1099,2025-06-07,1976.49,
INV-02433,C-1099,2025-06-11,1971.08,2025-08-07
INV-02434,C-1099,2025-06-22,1278.48,
INV-02435,C-1099,2025-07-11,1532.43,
INV-02436,C-1099,2025-07-21,2354.05,2025-09-13
INV-02437,C-1099,2025-07-27,2223.64,2025-09-11
INV-02438,C-1099,2025-08-09,2109.05,2025-10-03
INV-02439,C-1099,2025-08-12,3624.71,2025-10-03
INV-02440,C-1099,2025-09-06,1596.74,
INV-02441,C-1099,2025-09-21,3048.90,
INV-02442,C-1099,2025-09-21,2835.13,2025-11-10
INV-02443,C-1099,2025-09-26,1953.60,2025-11-13
INV-02444,C-1099,2025-10-07,1650.02,2025-11-29
INV-02445,C-1099,2025-10-08,2953.52,2025-12-01
INV-02446,C-1099,2025-10-14,1883.78,2025-12-19
INV-02447,C-1099,2025-10-15,1971.49,2025-12-09
INV-02448,C-1099,2025-10-25,2243.35,
INV-02449,C-1099,2025-10-30,1692.18,
INV-02450,C-1099,2025-11-04,1649.70,
INV-02451,C-1099,2025-11-07,2656.13,2025-12-29
INV-02452,C-1099,2025-11-08,3161.41,2025-12-26
INV-02453,C-1099,2025-12-17,3058.11,2026-03-02
INV-02454,C-1099,2025-12-17,3330.07,2026-02-09
INV-02455,C-1099,2026-01-05,1614.65,2026-02-24
INV-02456,C-1099,2026-02-13,1570.62,2026-03-26
INV-02457,C-1099,2026-02-18,2852.14,
INV-02458,C-1099,2026-03-21,1962.18,
INV-02459,C-1099,2026-03-23,2677.43,
INV-02460,C-1099,2026-03-31,2720.44,
INV-02461,C-1100,2025-01-06,1280.89,2025-02-20
INV-02462,C-1100,2025-01-08,493.87,2025-01-28
INV-02463,C-1100,2025-02-14,1287.24,2025-03-15
INV-02464,C-1100,2025-02-20,1427.38,2025-03-26
INV-02465,C-1100,2025-02-20,1058.92,2025-03-22
INV-02466,C-1100,2025-03-04,50.00,2025-03-22
INV-02467,C-1100,2025-03-11,50.00,2025-04-06
INV-02468,C-1100,2025-04-09,1379.91,2025-05-01
INV-02469,C-1100,2025-04-10,758.65,2025-06-02
INV-02470,C-1100,2025-04-13,50.00,2025-05-09
INV-02471,C-1100,2025-04-30,923.67,2025-05-29
INV-02472,C-1100,2025-05-03,486.27,2025-06-02
INV-02473,C-1100,2025-05-08,808.92,
INV-02474,C-1100,2025-05-11,562.42,2025-06-13
INV-02475,C-1100,2025-05-31,1505.94,2025-06-26
INV-02476,C-1100,2025-06-10,1993.39,2025-07-14
INV-02477,C-1100,2025-06-26,881.25,2025-07-24
INV-02478,C-1100,2025-06-26,432.14,2025-08-06
INV-02479,C-1100,2025-06-29,630.66,2025-08-12
INV-02480,C-1100,2025-07-11,1173.51,2025-08-10
INV-02481,C-1100,2025-07-13,1100.79,2025-08-20
INV-02482,C-1100,2025-07-15,2837.64,2025-08-11
INV-02483,C-1100,2025-08-09,1707.33,2025-08-31
INV-02484,C-1100,2025-09-09,50.00,2025-10-11
INV-02485,C-1100,2025-09-20,50.00,2025-11-15
INV-02486,C-1100,2025-09-27,1096.59,2025-11-04
INV-02487,C-1100,2025-10-07,2253.52,2025-11-06
INV-02488,C-1100,2025-10-23,747.79,2025-11-24
INV-02489,C-1100,2025-10-29,1972.19,2025-12-04
INV-02490,C-1100,2025-11-02,1772.10,2025-11-24
INV-02491,C-1100,2025-11-13,1769.52,2025-11-23
INV-02492,C-1100,2025-11-30,1551.39,2025-12-25
INV-02493,C-1100,2025-12-30,156.06,2026-01-19
INV-02494,C-1100,2026-01-08,2398.95,2026-02-09
INV-02495,C-1100,2026-01-16,50.00,2026-02-15
INV-02496,C-1100,2026-01-22,846.17,2026-03-01
INV-02497,C-1100,2026-01-25,50.00,2026-03-03
INV-02498,C-1100,2026-01-31,1208.33,2026-03-01
INV-02499,C-1100,2026-03-04,768.34,
INV-02500,C-1100,2026-03-14,238.77,
