invoice_id,customer_id,invoice_date,amount,paid_date
INV-00001,C-1001,2025-02-10,11223.93,
INV-00002,C-1001,2025-05-01,16344.30,2025-12-22
INV-00003,C-1001,2025-06-20,15499.70,2026-02-16
INV-00004,C-1001,2025-07-04,20522.40,
INV-00005,C-1001,2025-07-08,9096.42,2026-03-11
INV-00006,C-1001,2025-07-23,6504.66,2026-03-08
INV-00007,C-1001,2025-07-31,13983.09,2026-03-27
INV-00008,C-1001,2025-08-04,8659.22,2026-03-09
INV-00009,C-1001,2025-08-07,9585.70,2026-03-25
INV-00010,C-1001,2025-08-13,9989.84,
INV-00011,C-1001,2025-08-24,19576.25,
INV-00012,C-1001,2025-08-25,13315.32,
INV-00013,C-1001,2025-09-01,11015.06,
INV-00014,C-1001,2025-10-21,2174.65,
INV-00015,C-1001,2025-12-05,3574.40,
INV-00016,C-1001,2026-01-20,7104.81,
INV-00017,C-1001,2026-03-01,15624.13,
INV-00018,C-1002,2025-01-24,16687.34,2025-04-10
INV-00019,C-1002,2025-02-11,13217.55,2025-05-28
INV-00020,C-1002,2025-02-16,13330.04,
INV-00021,C-1002,2025-06-27,19733.25,2025-10-09
INV-00022,C-1002,2025-07-04,23837.30,2025-09-03
INV-00023,C-1002,2025-09-21,4734.46,2025-12-21
INV-00024,C-1002,2025-10-15,10681.61,2026-01-25
INV-00025,C-1002,2026-01-06,15240.69,
INV-00026,C-1002,2026-01-28,19303.89,
INV-00027,C-1002,2026-03-23,21404.97,
INV-00028,C-1003,2025-06-21,9819.13,2025-10-08
INV-00029,C-1003,2025-08-19,12153.28,
INV-00030,C-1003,2025-08-26,7960.17,2025-11-27
INV-00031,C-1003,2025-09-13,5692.61,2025-12-02
INV-00032,C-1003,2025-10-06,10119.96,2026-02-01
INV-00033,C-1003,2025-11-07,7658.55,2026-02-14
INV-00034,C-1003,2025-12-27,16664.65,
INV-00035,C-1003,2026-01-31,9700.90,
INV-00036,C-1003,2026-02-04,15068.84,
INV-00037,C-1003,2026-02-08,8761.98,
INV-00038,C-1004,2025-02-21,11549.30,2025-09-16
INV-00039,C-1004,2025-02-26,15571.08,2025-09-28
INV-00040,C-1004,2025-03-27,15991.18,2025-10-12
INV-00041,C-1004,2025-03-28,9117.57,2025-10-19
INV-00042,C-1004,2025-05-19,22867.11,2025-12-18
INV-00043,C-1004,2025-06-18,21131.52,2025-12-29
INV-00044,C-1004,2025-07-05,11058.08,2026-01-31
INV-00045,C-1004,2025-07-05,10611.82,2026-02-03
INV-00046,C-1004,2025-07-07,19222.46,2026-01-30
INV-00047,C-1004,2025-07-20,10529.96,2026-03-20
INV-00048,C-1004,2025-08-03,10634.75,2026-03-05
INV-00049,C-1004,2025-09-20,11864.77,2026-03-30
INV-00050,C-1004,2025-10-16,13770.34,
INV-00051,C-1004,2025-11-13,12903.21,
INV-00052,C-1004,2026-01-29,17684.44,
INV-00053,C-1004,2026-02-03,15339.76,
INV-00054,C-1004,2026-02-24,25880.93,
INV-00055,C-1005,2025-01-14,5911.70,2025-04-07
INV-00056,C-1005,2025-01-18,7075.96,
INV-00057,C-1005,2025-01-26,9924.86,
INV-00058,C-1005,2025-01-29,5961.88,
INV-00059,C-1005,2025-01-31,10555.75,2025-04-27
INV-00060,C-1005,2025-03-21,7698.46,2025-06-21
INV-00061,C-1005,2025-04-25,7832.57,
INV-00062,C-1005,2025-07-14,15244.58,
INV-00063,C-1005,2025-08-19,12817.79,
INV-00064,C-1005,2025-11-04,12114.32,
INV-00065,C-1005,2025-11-07,6828.65,2026-02-26
INV-00066,C-1005,2025-11-25,15911.89,2026-02-11
INV-00067,C-1005,2025-12-23,11573.16,
INV-00068,C-1005,2026-02-11,10372.99,
INV-00069,C-1005,2026-03-18,15949.44,
INV-00070,C-1006,2025-03-17,9861.98,2025-06-12
INV-00071,C-1006,2025-05-04,15182.14,2025-08-27
INV-00072,C-1006,2025-05-11,3800.99,2025-09-07
INV-00073,C-1006,2025-06-21,10164.68,2025-09-27
INV-00074,C-1006,2025-08-10,4614.24,2025-11-26
INV-00075,C-1006,2025-09-06,14353.34,2025-12-07
INV-00076,C-1006,2025-11-07,13681.39,2026-02-09
INV-00077,C-1006,2025-12-24,9791.28,2026-03-09
INV-00078,C-1006,2026-01-18,7943.03,
INV-00079,C-1006,2026-01-27,10120.00,
INV-00080,C-1006,2026-02-10,9662.46,
INV-00081,C-1006,2026-02-16,9870.84,
INV-00082,C-1007,2025-01-05,12038.84,2025-08-06
INV-00083,C-1007,2025-03-09,13708.93,2025-10-05
INV-00084,C-1007,2025-03-12,3272.38,
INV-00085,C-1007,2025-05-10,601.70,
INV-00086,C-1007,2025-08-10,19766.02,
INV-00087,C-1007,2025-08-12,13343.45,
INV-00088,C-1007,2026-01-26,2681.16,
INV-00089,C-1007,2026-02-11,6624.72,
INV-00090,C-1007,2026-02-25,15593.03,
INV-00091,C-1007,2026-03-17,8329.37,
INV-00092,C-1008,2025-01-02,17037.71,2025-06-30
INV-00093,C-1008,2025-02-21,22444.71,2025-08-26
INV-00094,C-1008,2025-04-07,15862.97,2025-10-28
INV-00095,C-1008,2025-04-15,12944.31,2025-11-01
INV-00096,C-1008,2025-05-11,22425.18,2025-11-16
INV-00097,C-1008,2025-07-25,13073.73,2026-02-15
INV-00098,C-1008,2025-08-31,3037.11,2026-03-03
INV-00099,C-1008,2025-09-09,15960.72,2026-03-23
INV-00100,C-1008,2025-12-03,14457.91,
INV-00101,C-1008,2026-01-08,16953.66,
INV-00102,C-1008,2026-01-25,16802.24,
INV-00103,C-1008,2026-02-06,11202.27,
INV-00104,C-1009,2025-01-14,15332.60,2025-03-25
INV-00105,C-1009,2025-02-22,18275.99,2025-05-24
INV-00106,C-1009,2025-02-28,15011.63,2025-05-12
INV-00107,C-1009,2025-03-31,14574.38,2025-06-16
INV-00108,C-1009,2025-04-20,13529.97,2025-05-25
INV-00109,C-1009,2025-07-10,17276.34,2025-09-14
INV-00110,C-1009,2025-07-24,14621.92,2025-10-26
INV-00111,C-1009,2025-08-01,14641.83,
INV-00112,C-1009,2025-09-01,19390.70,2025-10-22
INV-00113,C-1009,2025-09-20,16458.70,
INV-00114,C-1009,2025-10-24,17710.10,2026-01-02
INV-00115,C-1009,2025-11-08,13715.51,2026-01-17
INV-00116,C-1009,2025-12-20,3695.97,2026-02-01
INV-00117,C-1009,2026-01-21,15169.97,
INV-00118,C-1009,2026-02-06,24187.26,
INV-00119,C-1010,2025-02-11,13562.34,2025-05-04
INV-00120,C-1010,2025-02-12,13384.63,2025-05-14
INV-00121,C-1010,2025-05-16,10097.95,2025-08-10
INV-00122,C-1010,2025-05-27,15031.43,2025-07-08
INV-00123,C-1010,2025-08-28,12525.66,2025-11-08
INV-00124,C-1010,2025-12-03,10803.89,
INV-00125,C-1010,2025-12-07,10475.35,2026-03-23
INV-00126,C-1010,2025-12-25,7607.03,2026-03-06
INV-00127,C-1010,2026-01-29,13500.72,
INV-00128,C-1010,2026-03-16,10906.06,
INV-00129,C-1011,2025-02-17,13046.12,2025-08-23
INV-00130,C-1011,2025-03-03,3609.05,2025-09-09
INV-00131,C-1011,2025-03-10,7230.65,
INV-00132,C-1011,2025-04-05,50.00,2025-10-23
INV-00133,C-1011,2025-04-05,8297.76,2025-10-27
INV-00134,C-1011,2025-05-11,5075.40,2025-10-16
INV-00135,C-1011,2025-06-02,6580.14,2025-11-21
INV-00136,C-1011,2025-12-22,7345.94,
INV-00137,C-1011,2025-12-27,8775.89,
INV-00138,C-1011,2026-01-28,3349.92,
INV-00139,C-1011,2026-02-18,11466.41,
INV-00140,C-1011,2026-03-05,5830.97,
INV-00141,C-1012,2025-01-03,10354.75,2025-04-16
INV-00142,C-1012,2025-01-03,23372.88,2025-05-14
INV-00143,C-1012,2025-01-28,11656.94,2025-05-02
INV-00144,C-1012,2025-02-07,7408.77,2025-06-06
INV-00145,C-1012,2025-03-13,15140.93,2025-07-26
INV-00146,C-1012,2025-03-26,10192.44,2025-06-16
INV-00147,C-1012,2025-05-28,8141.52,2025-08-17
INV-00148,C-1012,2025-06-07,12520.06,2025-09-11
INV-00149,C-1012,2025-06-28,15002.21,2025-11-03
INV-00150,C-1012,2025-11-08,17642.59,2026-01-26
INV-00151,C-1012,2025-11-26,18306.25,2026-03-16
INV-00152,C-1012,2025-12-11,12465.00,2026-03-09
INV-00153,C-1012,2025-12-30,18564.28,
INV-00154,C-1012,2026-02-05,8486.49,
INV-00155,C-1012,2026-03-02,5125.39,
INV-00156,C-1013,2025-01-05,6818.00,2025-04-03
INV-00157,C-1013,2025-01-14,5867.98,2025-10-29
INV-00158,C-1013,2025-02-08,3393.60,2025-12-23
INV-00159,C-1013,2025-04-04,17838.12,2025-06-23
INV-00160,C-1013,2025-04-26,5167.67,2025-07-13
INV-00161,C-1013,2025-05-01,4850.50,2025-08-08
INV-00162,C-1013,2025-06-07,2404.13,2025-08-07
INV-00163,C-1013,2025-07-03,2170.18,
INV-00164,C-1013,2025-07-19,13052.57,2025-09-22
INV-00165,C-1013,2025-08-09,11173.22,2025-10-20
INV-00166,C-1013,2025-08-20,6929.82,2025-10-10
INV-00167,C-1013,2025-09-30,15410.26,2025-12-02
INV-00168,C-1013,2025-10-06,10149.18,2025-11-26
INV-00169,C-1013,2026-01-15,9182.72,2026-03-29
INV-00170,C-1013,2026-03-20,6280.73,
INV-00171,C-1014,2025-01-01,18648.81,2025-03-08
INV-00172,C-1014,2025-01-18,16683.86,
INV-00173,C-1014,2025-02-21,16807.88,2025-07-17
INV-00174,C-1014,2025-02-25,16123.52,2025-06-29
INV-00175,C-1014,2025-05-25,13640.90,2025-08-18
INV-00176,C-1014,2025-05-27,15241.58,2025-09-07
INV-00177,C-1014,2025-06-01,25496.75,2025-10-07
INV-00178,C-1014,2025-08-02,11198.15,2025-11-11
INV-00179,C-1014,2025-08-11,13677.79,2025-11-16
INV-00180,C-1014,2025-08-17,15068.50,2025-12-14
INV-00181,C-1014,2025-08-22,17508.89,2025-12-06
INV-00182,C-1014,2025-08-30,15475.93,2025-11-16
INV-00183,C-1014,2025-09-09,15600.81,2026-01-06
INV-00184,C-1014,2025-11-29,12694.24,
INV-00185,C-1014,2026-01-28,20365.35,
INV-00186,C-1015,2025-02-13,14777.17,2025-09-09
INV-00187,C-1015,2025-04-11,17920.48,2025-10-11
INV-00188,C-1015,2025-05-08,5209.13,2025-10-04
INV-00189,C-1015,2025-05-09,13705.21,2025-11-20
INV-00190,C-1015,2025-05-10,4927.82,2025-11-30
INV-00191,C-1015,2025-06-15,12997.15,2025-11-08
INV-00192,C-1015,2025-06-23,12899.70,2025-12-23
INV-00193,C-1015,2025-06-27,9473.90,2025-12-26
INV-00194,C-1015,2025-06-28,21528.68,2026-01-13
INV-00195,C-1015,2025-08-13,6797.66,2026-01-15
INV-00196,C-1015,2025-08-31,13517.11,2026-02-04
INV-00197,C-1015,2025-11-22,16087.59,
INV-00198,C-1015,2025-11-24,17696.77,
INV-00199,C-1015,2025-12-11,12173.42,
INV-00200,C-1015,2025-12-25,16789.28,
INV-00201,C-1015,2026-02-17,12873.28,
INV-00202,C-1015,2026-03-16,16909.11,
INV-00203,C-1016,2025-01-03,11592.04,2025-04-20
INV-00204,C-1016,2025-02-27,14789.99,2025-05-07
INV-00205,C-1016,2025-05-02,14302.13,2025-08-29
INV-00206,C-1016,2025-05-14,13888.35,2025-09-09
INV-00207,C-1016,2025-06-17,14577.52,2025-09-06
INV-00208,C-1016,2025-07-24,18720.30,
INV-00209,C-1016,2025-08-03,13639.73,2025-11-21
INV-00210,C-1016,2025-08-18,12044.82,2025-10-30
INV-00211,C-1016,2025-08-30,10230.03,2025-11-11
INV-00212,C-1016,2025-08-31,16936.89,2025-11-05
INV-00213,C-1016,2025-09-04,17167.06,2025-12-09
INV-00214,C-1016,2025-09-15,20094.24,2025-12-12
INV-00215,C-1016,2025-10-15,14033.70,2026-01-15
INV-00216,C-1016,2025-10-30,14599.77,2026-03-03
INV-00217,C-1016,2025-11-09,17318.97,2026-02-07
INV-00218,C-1016,2025-12-20,18633.89,
INV-00219,C-1016,2026-01-30,18422.73,
INV-00220,C-1017,2025-03-04,9295.03,2025-09-02
INV-00221,C-1017,2025-04-19,8477.90,
INV-00222,C-1017,2025-06-14,1185.48,2025-12-08
INV-00223,C-1017,2025-07-11,677.99,2025-11-15
INV-00224,C-1017,2025-08-23,14021.37,2025-12-13
INV-00225,C-1017,2025-11-01,3317.43,
INV-00226,C-1017,2025-11-10,11241.28,
INV-00227,C-1017,2025-11-21,2092.46,
INV-00228,C-1017,2025-12-05,17947.72,
INV-00229,C-1017,2026-02-09,3959.55,
INV-00230,C-1017,2026-02-27,10470.82,
INV-00231,C-1017,2026-03-13,50.00,
INV-00232,C-1018,2025-01-02,12676.89,2025-03-16
INV-00233,C-1018,2025-02-10,19959.13,2025-04-17
INV-00234,C-1018,2025-04-16,15290.13,2025-07-23
INV-00235,C-1018,2025-06-06,16010.10,
INV-00236,C-1018,2025-09-30,7607.23,2025-12-12
INV-00237,C-1018,2025-10-02,4884.46,2026-01-02
INV-00238,C-1018,2025-11-27,11364.28,2026-01-31
INV-00239,C-1018,2025-12-08,7498.78,2026-03-19
INV-00240,C-1018,2026-01-23,8877.86,
INV-00241,C-1018,2026-03-31,14242.17,
INV-00242,C-1019,2025-01-08,14593.01,2025-02-26
INV-00243,C-1019,2025-01-30,18874.58,2025-04-06
INV-00244,C-1019,2025-02-14,19569.65,2025-04-06
INV-00245,C-1019,2025-03-21,20210.98,
INV-00246,C-1019,2025-04-15,21350.32,2025-06-16
INV-00247,C-1019,2025-04-30,15663.52,2025-07-15
INV-00248,C-1019,2025-06-23,17482.55,2025-08-18
INV-00249,C-1019,2025-06-27,9516.14,2025-07-22
INV-00250,C-1019,2025-06-29,13477.64,2025-08-22
INV-00251,C-1019,2025-07-30,9522.34,2025-10-20
INV-00252,C-1019,2025-09-07,8302.24,2025-11-05
INV-00253,C-1019,2025-10-03,17161.35,2025-12-05
INV-00254,C-1019,2025-10-21,16040.98,2025-12-21
INV-00255,C-1019,2025-10-25,14506.68,2026-01-09
INV-00256,C-1019,2025-11-02,11969.70,
INV-00257,C-1019,2025-11-12,11713.04,
INV-00258,C-1019,2026-02-19,7867.25,
INV-00259,C-1020,2025-04-14,15889.91,2025-06-06
INV-00260,C-1020,2025-05-12,13956.78,2025-06-29
INV-00261,C-1020,2025-05-19,10320.97,2025-07-16
INV-00262,C-1020,2025-07-19,1524.14,2025-10-01
INV-00263,C-1020,2025-08-03,13023.43,
INV-00264,C-1020,2025-08-31,12077.09,2025-11-26
INV-00265,C-1020,2025-09-12,9666.43,2025-11-25
INV-00266,C-1020,2025-09-20,8918.50,2025-12-15
INV-00267,C-1020,2025-10-04,8108.19,2025-12-03
INV-00268,C-1020,2025-11-18,11551.59,2026-01-07
INV-00269,C-1020,2025-11-18,7678.71,2026-01-31
INV-00270,C-1020,2025-11-27,13225.74,2026-02-07
INV-00271,C-1020,2026-01-12,14759.35,
INV-00272,C-1020,2026-03-05,10222.66,
INV-00273,C-1020,2026-03-26,15866.98,
INV-00274,C-1021,2025-01-13,15737.63,2025-03-21
INV-00275,C-1021,2025-04-04,13704.86,2025-05-22
INV-00276,C-1021,2025-04-04,24956.04,2025-06-09
INV-00277,C-1021,2025-06-30,22317.49,2025-09-11
INV-00278,C-1021,2025-08-18,22201.36,2025-10-23
INV-00279,C-1021,2025-09-17,17276.64,2025-11-14
INV-00280,C-1021,2026-02-08,12811.22,
INV-00281,C-1021,2026-02-22,16164.45,
INV-00282,C-1021,2026-03-14,15761.96,
INV-00283,C-1021,2026-03-18,13110.44,
INV-00284,C-1022,2025-01-09,17191.29,2025-02-23
INV-00285,C-1022,2025-02-17,12943.18,2025-05-27
INV-00286,C-1022,2025-06-08,10309.83,2025-08-26
INV-00287,C-1022,2025-08-04,19177.19,2025-09-29
INV-00288,C-1022,2025-08-17,11552.33,2025-10-16
INV-00289,C-1022,2025-10-24,19796.57,2026-01-21
INV-00290,C-1022,2025-10-27,16473.16,2026-01-02
INV-00291,C-1022,2025-12-07,17442.46,2026-02-05
INV-00292,C-1022,2025-12-23,12589.71,2026-03-28
INV-00293,C-1022,2025-12-26,13760.19,
INV-00294,C-1022,2026-02-02,5950.96,
INV-00295,C-1022,2026-03-05,17575.13,
INV-00296,C-1023,2025-06-07,13097.38,2025-11-14
INV-00297,C-1023,2025-07-17,12911.93,2026-01-22
INV-00298,C-1023,2025-08-20,9901.16,2026-02-21
INV-00299,C-1023,2025-10-24,6060.59,
INV-00300,C-1023,2025-11-27,17059.67,
INV-00301,C-1023,2025-12-06,8280.30,
INV-00302,C-1023,2025-12-08,8045.18,
INV-00303,C-1023,2025-12-15,8064.03,
INV-00304,C-1023,2026-01-03,12990.25,
INV-00305,C-1023,2026-02-10,6835.37,
INV-00306,C-1024,2025-01-31,6337.61,2025-10-17
INV-00307,C-1024,2025-02-26,10016.87,
INV-00308,C-1024,2025-03-16,13975.80,2025-11-11
INV-00309,C-1024,2025-04-08,10134.55,2025-12-04
INV-00310,C-1024,2025-04-09,8829.27,
INV-00311,C-1024,2025-04-30,12202.90,2026-01-04
INV-00312,C-1024,2025-07-24,18237.01,2026-03-09
INV-00313,C-1024,2025-07-24,15121.16,2026-03-10
INV-00314,C-1024,2025-08-21,8775.16,
INV-00315,C-1024,2025-09-04,18943.86,
INV-00316,C-1024,2025-10-02,8781.92,
INV-00317,C-1024,2025-10-24,5498.12,
INV-00318,C-1024,2025-11-30,12732.50,
INV-00319,C-1024,2026-01-28,12803.50,
INV-00320,C-1024,2026-02-17,13278.74,
INV-00321,C-1024,2026-02-24,8835.09,
INV-00322,C-1024,2026-03-23,5443.54,
INV-00323,C-1025,2025-01-17,12368.59,2025-04-27
INV-00324,C-1025,2025-02-12,13760.83,2025-06-19
INV-00325,C-1025,2025-03-21,5116.45,2025-06-27
INV-00326,C-1025,2025-03-29,10555.14,2025-08-12
INV-00327,C-1025,2025-05-27,8223.21,2025-09-07
INV-00328,C-1025,2025-07-18,14950.89,2025-10-17
INV-00329,C-1025,2025-10-02,7782.44,2026-02-01
INV-00330,C-1025,2025-11-24,7354.72,
INV-00331,C-1025,2025-12-09,7041.34,
INV-00332,C-1025,2025-12-30,11999.66,
INV-00333,C-1025,2026-01-02,7235.91,
INV-00334,C-1025,2026-01-03,2913.59,
INV-00335,C-1025,2026-01-10,6826.42,
INV-00336,C-1025,2026-02-04,14426.56,
INV-00337,C-1025,2026-02-19,13563.29,
INV-00338,C-1025,2026-02-26,3813.76,
INV-00339,C-1025,2026-03-09,7030.30,
INV-00340,C-1026,2025-01-06,19204.37,2025-07-18
INV-00341,C-1026,2025-02-18,17178.94,2025-08-10
INV-00342,C-1026,2025-03-05,11897.35,2025-09-24
INV-00343,C-1026,2025-03-17,3574.59,2025-09-06
INV-00344,C-1026,2025-03-19,11367.41,2025-09-25
INV-00345,C-1026,2025-06-03,12760.90,2025-12-09
INV-00346,C-1026,2025-06-19,22064.08,2025-12-31
INV-00347,C-1026,2025-10-30,13802.75,
INV-00348,C-1026,2025-11-14,9593.10,
INV-00349,C-1026,2026-01-06,17777.91,
INV-00350,C-1026,2026-02-23,9668.01,
INV-00351,C-1026,2026-03-31,13748.55,
INV-00352,C-1027,2025-02-11,2189.56,2025-04-13
INV-00353,C-1027,2025-03-25,12693.66,2025-04-22
INV-00354,C-1027,2025-04-23,10090.08,2025-06-22
INV-00355,C-1027,2025-05-04,4082.37,2025-07-17
INV-00356,C-1027,2025-05-18,3443.44,2025-06-18
INV-00357,C-1027,2025-06-06,2244.70,2025-09-01
INV-00358,C-1027,2025-11-23,10673.68,2026-01-01
INV-00359,C-1027,2025-12-08,777.24,2026-01-30
INV-00360,C-1027,2025-12-31,4422.16,
INV-00361,C-1027,2026-01-12,10180.18,2026-02-03
INV-00362,C-1027,2026-01-12,10677.75,2026-03-28
INV-00363,C-1027,2026-01-25,2307.26,
INV-00364,C-1027,2026-01-31,4846.28,
INV-00365,C-1027,2026-02-24,7867.71,
INV-00366,C-1027,2026-02-25,6811.56,
INV-00367,C-1028,2025-01-18,12984.11,2025-04-16
INV-00368,C-1028,2025-01-27,19601.75,
INV-00369,C-1028,2025-01-30,7410.55,2025-05-01
INV-00370,C-1028,2025-03-14,11382.30,2025-06-03
INV-00371,C-1028,2025-03-30,865.27,2025-07-03
INV-00372,C-1028,2025-04-11,5502.90,2025-07-27
INV-00373,C-1028,2025-06-26,18418.45,
INV-00374,C-1028,2025-08-01,8224.34,2025-10-25
INV-00375,C-1028,2025-08-27,14209.95,2025-12-19
INV-00376,C-1028,2025-09-08,11828.00,2025-11-20
INV-00377,C-1028,2025-10-01,18333.02,2026-02-03
INV-00378,C-1028,2025-10-17,7662.64,2026-01-17
INV-00379,C-1028,2025-12-11,13241.05,
INV-00380,C-1028,2025-12-24,11443.59,2026-03-31
INV-00381,C-1028,2026-02-22,6724.34,
INV-00382,C-1028,2026-02-25,17112.54,
INV-00383,C-1028,2026-03-18,5375.03,
INV-00384,C-1029,2025-01-28,16072.81,2025-04-02
INV-00385,C-1029,2025-02-14,12714.56,2025-05-02
INV-00386,C-1029,2025-02-17,2313.09,2025-05-13
INV-00387,C-1029,2025-03-02,6532.03,2025-06-06
INV-00388,C-1029,2025-05-09,4703.22,2025-08-20
INV-00389,C-1029,2025-06-17,13442.83,2025-10-05
INV-00390,C-1029,2025-07-09,15112.15,2025-10-29
INV-00391,C-1029,2025-07-25,14433.26,2025-10-30
INV-00392,C-1029,2025-08-03,8709.85,2025-10-25
INV-00393,C-1029,2025-08-31,12000.38,2025-12-17
INV-00394,C-1029,2025-09-09,13165.81,
INV-00395,C-1029,2025-11-08,761.21,2026-02-06
INV-00396,C-1029,2025-12-13,50.00,2026-02-14
INV-00397,C-1029,2025-12-15,12883.13,2026-03-03
INV-00398,C-1029,2026-03-28,9559.94,
INV-00399,C-1030,2025-01-01,8560.81,2025-04-15
INV-00400,C-1030,2025-01-07,1404.08,2025-04-16
INV-00401,C-1030,2025-02-21,10834.85,
INV-00402,C-1030,2025-04-15,9020.50,
INV-00403,C-1030,2025-06-03,14410.39,2025-09-20
INV-00404,C-1030,2025-06-17,17386.31,
INV-00405,C-1030,2025-06-19,13124.79,2025-10-28
INV-00406,C-1030,2025-07-07,11542.69,2025-11-18
INV-00407,C-1030,2025-07-11,17667.00,2025-11-14
INV-00408,C-1030,2025-07-20,3440.11,2025-10-12
INV-00409,C-1031,2025-01-15,10989.26,
INV-00410,C-1031,2025-03-18,11411.66,2025-07-16
INV-00411,C-1031,2025-03-29,15106.92,
INV-00412,C-1031,2025-07-08,15724.85,2025-10-22
INV-00413,C-1031,2025-08-18,15944.15,2025-12-08
INV-00414,C-1031,2025-08-18,21292.11,2025-12-30
INV-00415,C-1031,2025-09-01,9998.16,2026-01-09
INV-00416,C-1031,2025-11-16,2608.64,2026-03-21
INV-00417,C-1031,2025-11-19,8922.24,2026-03-21
INV-00418,C-1031,2025-11-28,7097.33,
INV-00419,C-1031,2025-11-30,21079.55,
INV-00420,C-1031,2025-12-21,16985.92,
INV-00421,C-1031,2026-01-11,16436.21,
INV-00422,C-1031,2026-03-20,13574.71,
INV-00423,C-1031,2026-03-31,13012.51,
INV-00424,C-1032,2025-02-04,12185.29,2025-05-16
INV-00425,C-1032,2025-02-15,20536.93,2025-05-06
INV-00426,C-1032,2025-02-26,16808.11,2025-06-20
INV-00427,C-1032,2025-03-20,7317.87,2025-06-22
INV-00428,C-1032,2025-04-03,2700.95,2025-07-02
INV-00429,C-1032,2025-06-23,4747.88,2025-09-26
INV-00430,C-1032,2025-08-26,1760.75,2025-11-21
INV-00431,C-1032,2025-09-03,13177.33,2025-11-26
INV-00432,C-1032,2025-09-12,8472.60,
INV-00433,C-1032,2025-11-15,20036.42,2026-02-11
INV-00434,C-1032,2025-12-21,6260.89,
INV-00435,C-1032,2026-01-06,3558.09,
INV-00436,C-1032,2026-01-15,11694.18,
INV-00437,C-1032,2026-02-02,6465.50,
INV-00438,C-1032,2026-03-10,4581.81,
INV-00439,C-1033,2025-03-07,10260.51,2025-05-05
INV-00440,C-1033,2025-03-08,15090.49,2025-07-04
INV-00441,C-1033,2025-05-18,13144.92,2025-10-13
INV-00442,C-1033,2025-09-26,15162.46,2026-01-24
INV-00443,C-1033,2025-10-03,21871.76,2026-01-03
INV-00444,C-1033,2025-12-13,14156.89,
INV-00445,C-1033,2026-01-25,18022.59,
INV-00446,C-1033,2026-01-27,19421.10,
INV-00447,C-1033,2026-02-14,13453.83,
INV-00448,C-1033,2026-02-28,18016.18,
INV-00449,C-1034,2025-01-24,11411.94,2025-05-17
INV-00450,C-1034,2025-02-06,15649.47,2025-05-19
INV-00451,C-1034,2025-02-19,18871.75,2025-06-22
INV-00452,C-1034,2025-02-21,9459.47,2025-05-18
INV-00453,C-1034,2025-02-23,7841.41,2025-06-29
INV-00454,C-1034,2025-04-09,12284.92,2025-08-07
INV-00455,C-1034,2025-04-15,14643.47,
INV-00456,C-1034,2025-04-15,12821.96,2025-07-21
INV-00457,C-1034,2025-09-20,12358.97,2025-12-19
INV-00458,C-1034,2025-10-12,13534.95,2026-01-17
INV-00459,C-1034,2025-10-15,16997.42,2026-01-11
INV-00460,C-1034,2025-11-28,16098.00,2026-03-17
INV-00461,C-1034,2025-12-15,11432.73,2026-02-25
INV-00462,C-1034,2025-12-23,15336.15,
INV-00463,C-1034,2025-12-27,1401.29,2026-03-24
INV-00464,C-1034,2026-01-31,18649.37,
INV-00465,C-1034,2026-03-04,9098.27,
INV-00466,C-1035,2025-02-28,8961.65,
INV-00467,C-1035,2025-03-01,13317.86,2025-06-10
INV-00468,C-1035,2025-03-28,23032.90,2025-06-26
INV-00469,C-1035,2025-04-13,23099.66,
INV-00470,C-1035,2025-04-27,12824.38,2025-07-14
INV-00471,C-1035,2025-05-18,17744.02,2025-09-01
INV-00472,C-1035,2025-06-19,20520.17,2025-09-28
INV-00473,C-1035,2025-08-01,21660.66,2025-11-12
INV-00474,C-1035,2025-09-02,19612.25,
INV-00475,C-1035,2025-10-13,17256.10,2026-01-11
INV-00476,C-1035,2025-11-06,15219.11,2026-01-16
INV-00477,C-1035,2025-11-16,13756.74,
INV-00478,C-1035,2025-12-25,15948.57,
INV-00479,C-1035,2026-01-13,16217.37,
INV-00480,C-1035,2026-02-27,12979.87,
INV-00481,C-1035,2026-03-13,9836.25,
INV-00482,C-1035,2026-03-21,9437.74,
INV-00483,C-1036,2025-02-13,14090.49,2025-04-14
INV-00484,C-1036,2025-02-18,19008.21,2025-05-12
INV-00485,C-1036,2025-04-16,14765.96,2025-07-21
INV-00486,C-1036,2025-04-19,8396.45,2025-06-24
INV-00487,C-1036,2025-04-30,14379.46,2025-07-06
INV-00488,C-1036,2025-05-08,11839.02,2025-07-09
INV-00489,C-1036,2025-06-03,11144.04,2025-08-02
INV-00490,C-1036,2025-07-19,11721.14,2025-10-06
INV-00491,C-1036,2025-08-10,7315.51,2025-10-28
INV-00492,C-1036,2025-08-10,5019.11,
INV-00493,C-1036,2025-09-16,17708.51,2025-11-23
INV-00494,C-1036,2025-11-05,12109.70,2025-12-26
INV-00495,C-1036,2025-12-28,15964.13,2026-02-04
INV-00496,C-1036,2026-01-01,11112.05,2026-03-02
INV-00497,C-1036,2026-01-14,9087.90,2026-03-21
INV-00498,C-1036,2026-01-26,6511.11,2026-03-30
INV-00499,C-1036,2026-01-30,10408.84,
INV-00500,C-1037,2025-01-02,22524.25,2025-09-12
INV-00501,C-1037,2025-01-08,8040.51,2025-09-07
INV-00502,C-1037,2025-01-23,12170.50,2025-08-24
INV-00503,C-1037,2025-03-24,14205.66,2025-11-14
INV-00504,C-1037,2025-04-02,7680.37,2025-11-15
INV-00505,C-1037,2025-04-08,13788.63,2025-11-27
INV-00506,C-1037,2025-04-16,10989.83,2025-11-16
INV-00507,C-1037,2025-05-05,19167.86,2025-12-13
INV-00508,C-1037,2025-06-12,13845.54,2026-02-19
INV-00509,C-1037,2025-06-17,13938.77,2026-02-04
INV-00510,C-1037,2025-08-26,7321.18,
INV-00511,C-1037,2025-10-10,14525.13,
INV-00512,C-1037,2025-10-24,14740.74,
INV-00513,C-1037,2025-12-30,5960.92,
INV-00514,C-1037,2026-01-20,7565.12,
INV-00515,C-1037,2026-01-30,20169.69,
INV-00516,C-1037,2026-03-24,15608.22,
INV-00517,C-1038,2025-01-21,16692.06,2025-05-22
INV-00518,C-1038,2025-01-24,18814.60,2025-12-07
INV-00519,C-1038,2025-02-25,18536.14,2025-06-12
INV-00520,C-1038,2025-04-15,15164.57,2025-07-20
INV-00521,C-1038,2025-05-20,20848.76,2025-09-13
INV-00522,C-1038,2025-07-20,11341.77,
INV-00523,C-1038,2025-10-31,13368.76,2026-02-20
INV-00524,C-1038,2026-01-11,16679.87,
INV-00525,C-1038,2026-02-02,11373.78,
INV-00526,C-1038,2026-02-27,17798.00,
INV-00527,C-1039,2025-01-11,4672.13,2025-07-21
INV-00528,C-1039,2025-01-13,14843.49,2025-08-13
INV-00529,C-1039,2025-02-24,13386.19,2025-10-10
INV-00530,C-1039,2025-04-09,6533.44,
INV-00531,C-1039,2025-04-13,6999.45,2025-10-28
INV-00532,C-1039,2025-05-24,10182.31,2026-01-05
INV-00533,C-1039,2025-06-02,12757.61,
INV-00534,C-1039,2025-06-11,16869.61,2025-12-13
INV-00535,C-1039,2025-06-28,8847.74,2026-01-14
INV-00536,C-1039,2025-09-22,10507.98,
INV-00537,C-1039,2025-11-08,9991.32,
INV-00538,C-1039,2025-12-18,8090.27,
INV-00539,C-1040,2025-02-22,8408.77,2025-06-15
INV-00540,C-1040,2025-02-27,16111.79,2025-06-14
INV-00541,C-1040,2025-03-28,12913.62,2025-07-31
INV-00542,C-1040,2025-05-24,9629.61,2025-09-15
INV-00543,C-1040,2025-06-17,4871.10,2025-11-04
INV-00544,C-1040,2025-07-08,7558.66,2025-10-08
INV-00545,C-1040,2025-07-30,5945.94,2025-12-19
INV-00546,C-1040,2025-08-06,5729.89,
INV-00547,C-1040,2025-10-23,4048.65,2026-01-14
INV-00548,C-1040,2025-12-19,3277.57,
INV-00549,C-1040,2025-12-25,3253.21,
INV-00550,C-1040,2026-01-21,8260.87,
INV-00551,C-1040,2026-02-25,17515.69,
INV-00552,C-1040,2026-03-11,1420.12,
INV-00553,C-1040,2026-03-13,8222.03,
INV-00554,C-1041,2025-01-09,311.01,
INV-00555,C-1041,2025-01-22,2122.97,2025-02-16
INV-00556,C-1041,2025-01-23,1417.99,2025-02-22
INV-00557,C-1041,2025-01-24,1770.19,2025-03-07
INV-00558,C-1041,2025-01-26,1077.25,2025-02-21
INV-00559,C-1041,2025-02-01,1386.49,2025-02-17
INV-00560,C-1041,2025-02-04,1266.59,2025-03-20
INV-00561,C-1041,2025-02-05,484.67,2025-03-03
INV-00562,C-1041,2025-02-10,832.07,2025-03-08
INV-00563,C-1041,2025-02-16,481.62,2025-03-18
INV-00564,C-1041,2025-02-17,1392.02,2025-11-03
INV-00565,C-1041,2025-03-11,247.27,2025-04-12
INV-00566,C-1041,2025-03-15,50.00,2025-04-19
INV-00567,C-1041,2025-03-24,1082.88,2025-04-03
INV-00568,C-1041,2025-04-03,1700.01,2025-05-04
INV-00569,C-1041,2025-04-11,465.75,2025-04-27
INV-00570,C-1041,2025-05-01,954.39,2025-06-02
INV-00571,C-1041,2025-05-09,2043.77,2025-06-13
INV-00572,C-1041,2025-05-28,974.73,2025-07-04
INV-00573,C-1041,2025-06-07,50.00,
INV-00574,C-1041,2025-06-24,526.35,2025-07-16
INV-00575,C-1041,2025-07-02,1528.21,
INV-00576,C-1041,2025-07-22,913.73,2025-08-31
INV-00577,C-1041,2025-07-25,801.96,2025-09-09
INV-00578,C-1041,2025-09-15,866.89,2025-10-18
INV-00579,C-1041,2025-09-22,1216.97,2025-10-27
INV-00580,C-1041,2025-09-29,208.51,2025-11-18
INV-00581,C-1041,2025-09-29,614.70,2025-11-06
INV-00582,C-1041,2025-09-30,50.00,2025-11-02
INV-00583,C-1041,2025-10-18,786.91,2025-11-11
INV-00584,C-1041,2025-10-18,838.49,2025-11-09
INV-00585,C-1041,2025-10-27,778.02,2025-12-12
INV-00586,C-1041,2025-11-27,740.21,2026-01-05
INV-00587,C-1041,2025-12-08,2363.56,2026-01-23
INV-00588,C-1041,2025-12-27,263.62,2026-02-04
INV-00589,C-1041,2026-01-26,1106.77,
INV-00590,C-1041,2026-02-18,226.77,
INV-00591,C-1041,2026-02-20,1413.44,2026-03-27
INV-00592,C-1041,2026-02-25,1679.38,
INV-00593,C-1041,2026-03-03,1201.95,
INV-00594,C-1042,2025-01-06,3329.99,2025-03-05
INV-00595,C-1042,2025-01-11,2649.41,2025-03-14
INV-00596,C-1042,2025-01-13,2730.07,2025-03-08
INV-00597,C-1042,2025-01-19,1508.27,2025-03-18
INV-00598,C-1042,2025-01-31,2363.03,2025-03-27
INV-00599,C-1042,2025-02-28,1057.63,2025-04-13
INV-00600,C-1042,2025-02-28,2131.78,2025-04-25
INV-00601,C-1042,2025-03-09,2105.71,2025-05-16
INV-00602,C-1042,2025-04-28,3995.54,2025-06-22
INV-00603,C-1042,2025-05-15,1742.75,2025-07-14
INV-00604,C-1042,2025-06-02,3086.52,2025-08-03
INV-00605,C-1042,2025-06-07,3826.84,2025-07-28
INV-00606,C-1042,2025-06-19,2874.04,2025-08-07
INV-00607,C-1042,2025-07-01,2218.40,2025-08-17
INV-00608,C-1042,2025-07-17,1577.09,2025-09-12
INV-00609,C-1042,2025-07-19,3445.66,2025-09-28
INV-00610,C-1042,2025-07-23,1828.22,2025-09-14
INV-00611,C-1042,2025-07-27,2731.51,2025-12-25
INV-00612,C-1042,2025-08-10,1943.91,2025-09-29
INV-00613,C-1042,2025-09-01,2134.56,2025-10-17
INV-00614,C-1042,2025-10-15,2670.18,2025-12-02
INV-00615,C-1042,2025-10-25,2009.10,2025-12-26
INV-00616,C-1042,2025-11-21,2574.01,2026-01-13
INV-00617,C-1042,2025-12-07,987.59,2026-01-24
INV-00618,C-1042,2025-12-15,2405.79,2026-01-25
INV-00619,C-1042,2025-12-21,2021.97,2026-02-10
INV-00620,C-1042,2025-12-23,3118.31,2026-02-14
INV-00621,C-1042,2026-01-04,1057.31,2026-02-27
INV-00622,C-1042,2026-01-07,1431.87,2026-02-21
INV-00623,C-1042,2026-02-10,2490.88,
INV-00624,C-1042,2026-03-03,1853.76,
INV-00625,C-1042,2026-03-08,2774.02,
INV-00626,C-1043,2025-01-27,1448.66,2025-02-25
INV-00627,C-1043,2025-02-03,2347.39,2025-03-03
INV-00628,C-1043,2025-02-27,857.63,2025-04-04
INV-00629,C-1043,2025-03-21,1206.13,2025-04-17
INV-00630,C-1043,2025-03-26,1792.30,2025-04-25
INV-00631,C-1043,2025-04-01,947.86,2025-04-25
INV-00632,C-1043,2025-04-11,1083.88,2025-05-09
INV-00633,C-1043,2025-04-27,1672.79,2025-06-04
INV-00634,C-1043,2025-05-13,1111.66,2025-06-11
INV-00635,C-1043,2025-05-20,806.90,2025-06-05
INV-00636,C-1043,2025-06-18,1654.44,2025-07-01
INV-00637,C-1043,2025-07-03,2287.53,2025-07-27
INV-00638,C-1043,2025-07-08,2233.77,2025-07-17
INV-00639,C-1043,2025-07-11,2134.30,2025-08-24
INV-00640,C-1043,2025-07-21,1376.61,2025-08-25
INV-00641,C-1043,2025-07-28,1460.24,2025-08-24
INV-00642,C-1043,2025-08-26,2617.66,2025-10-04
INV-00643,C-1043,2025-09-16,1663.87,2025-10-08
INV-00644,C-1043,2025-09-29,1301.35,2025-10-29
INV-00645,C-1043,2025-10-08,1426.32,2025-11-12
INV-00646,C-1043,2025-10-11,498.33,2025-11-17
INV-00647,C-1043,2025-10-28,1355.62,
INV-00648,C-1043,2025-11-03,3090.93,2025-11-28
INV-00649,C-1043,2025-11-06,2079.59,
INV-00650,C-1043,2025-11-08,906.34,
INV-00651,C-1043,2025-11-15,872.46,2025-12-23
INV-00652,C-1043,2025-11-29,2065.29,
INV-00653,C-1043,2025-12-12,159.10,2026-01-11
INV-00654,C-1043,2025-12-13,2544.71,2026-01-12
INV-00655,C-1043,2025-12-21,2441.78,2025-12-29
INV-00656,C-1043,2025-12-25,1596.20,2026-01-17
INV-00657,C-1043,2025-12-29,1667.41,2026-01-20
INV-00658,C-1043,2026-01-18,949.18,2026-02-15
INV-00659,C-1043,2026-01-21,2505.88,2026-02-20
INV-00660,C-1043,2026-01-21,1327.03,2026-02-23
INV-00661,C-1043,2026-01-24,1011.56,2026-02-23
INV-00662,C-1043,2026-02-20,1396.96,2026-03-07
INV-00663,C-1043,2026-03-03,50.00,
INV-00664,C-1043,2026-03-07,1062.76,
INV-00665,C-1043,2026-03-13,1208.29,
INV-00666,C-1044,2025-01-08,1805.04,2025-02-24
INV-00667,C-1044,2025-01-26,2299.62,2025-02-25
INV-00668,C-1044,2025-01-30,2685.80,2025-03-12
INV-00669,C-1044,2025-02-02,1344.81,2025-03-19
INV-00670,C-1044,2025-02-14,2124.73,2025-03-24
INV-00671,C-1044,2025-02-22,2018.64,2025-03-27
INV-00672,C-1044,2025-02-26,2644.53,2025-04-01
INV-00673,C-1044,2025-04-28,2520.80,2025-06-14
INV-00674,C-1044,2025-05-04,3792.46,2025-06-02
INV-00675,C-1044,2025-05-22,1931.74,2025-06-29
INV-00676,C-1044,2025-05-30,3124.06,2025-06-26
INV-00677,C-1044,2025-06-20,1985.18,2025-07-27
INV-00678,C-1044,2025-06-23,2071.33,2025-07-13
INV-00679,C-1044,2025-07-03,2456.47,2025-08-11
INV-00680,C-1044,2025-07-20,1822.99,2025-08-26
INV-00681,C-1044,2025-07-22,2344.68,2025-07-30
INV-00682,C-1044,2025-07-27,1333.47,2025-09-07
INV-00683,C-1044,2025-07-31,1301.80,2025-09-05
INV-00684,C-1044,2025-08-26,2428.37,2025-09-26
INV-00685,C-1044,2025-09-02,1623.11,2025-10-13
INV-00686,C-1044,2025-09-16,2079.41,2025-10-17
INV-00687,C-1044,2025-10-17,4408.62,2025-11-10
INV-00688,C-1044,2025-10-24,1442.35,2025-11-21
INV-00689,C-1044,2025-11-02,2456.79,2025-12-02
INV-00690,C-1044,2025-11-20,3220.13,2025-12-15
INV-00691,C-1044,2025-12-03,2626.51,2025-12-28
INV-00692,C-1044,2025-12-10,2522.46,2026-01-09
INV-00693,C-1044,2025-12-12,1386.45,2026-01-01
INV-00694,C-1044,2025-12-24,2422.85,2026-02-04
INV-00695,C-1044,2025-12-29,1049.06,2026-02-13
INV-00696,C-1044,2026-01-02,1629.21,2026-02-13
INV-00697,C-1044,2026-01-04,3462.84,2026-02-11
INV-00698,C-1044,2026-01-08,3319.20,2026-02-03
INV-00699,C-1044,2026-01-14,2299.17,2026-02-18
INV-00700,C-1044,2026-01-31,1863.78,2026-03-11
INV-00701,C-1044,2026-02-28,1601.94,
INV-00702,C-1044,2026-03-04,2094.35,2026-03-25
INV-00703,C-1044,2026-03-13,1316.63,
INV-00704,C-1044,2026-03-24,1794.83,
INV-00705,C-1044,2026-03-24,2355.07,
INV-00706,C-1045,2025-01-19,1888.86,2025-02-21
INV-00707,C-1045,2025-01-21,50.00,2025-02-15
INV-00708,C-1045,2025-02-08,850.71,2025-03-07
INV-00709,C-1045,2025-03-19,1992.06,2025-04-25
INV-00710,C-1045,2025-04-06,2018.72,2025-04-27
INV-00711,C-1045,2025-05-11,1076.10,2025-06-17
INV-00712,C-1045,2025-06-26,2203.02,2025-08-05
INV-00713,C-1045,2025-06-30,2460.55,2025-07-24
INV-00714,C-1045,2025-07-10,2075.02,2025-07-30
INV-00715,C-1045,2025-07-13,2114.61,2025-08-24
INV-00716,C-1045,2025-07-21,884.30,2025-08-20
INV-00717,C-1045,2025-09-20,2580.75,2025-10-22
INV-00718,C-1045,2025-10-05,3587.55,2025-11-14
INV-00719,C-1045,2025-10-29,1615.73,2025-11-23
INV-00720,C-1045,2025-11-01,2248.01,2025-12-02
INV-00721,C-1045,2025-11-15,2388.57,2025-12-22
INV-00722,C-1045,2026-01-05,1959.81,2026-02-09
INV-00723,C-1045,2026-01-11,1189.78,2026-02-10
INV-00724,C-1045,2026-02-01,1296.42,2026-02-14
INV-00725,C-1045,2026-02-20,2164.23,2026-03-20
INV-00726,C-1045,2026-02-25,1072.50,2026-03-29
INV-00727,C-1045,2026-03-03,1639.70,2026-03-19
INV-00728,C-1045,2026-03-06,2086.12,
INV-00729,C-1045,2026-03-11,1022.65,2026-03-29
INV-00730,C-1045,2026-03-26,3163.29,
INV-00731,C-1046,2025-01-02,1503.68,2025-03-14
INV-00732,C-1046,2025-01-09,1932.46,2025-02-21
INV-00733,C-1046,2025-01-18,625.62,2025-03-29
INV-00734,C-1046,2025-01-22,909.91,2025-03-20
INV-00735,C-1046,2025-01-31,813.76,2025-03-15
INV-00736,C-1046,2025-02-13,1044.61,2025-04-07
INV-00737,C-1046,2025-03-24,1724.02,2025-05-13
INV-00738,C-1046,2025-03-28,237.93,2025-05-29
INV-00739,C-1046,2025-04-13,1148.39,2025-06-07
INV-00740,C-1046,2025-04-19,1052.49,2025-06-01
INV-00741,C-1046,2025-04-20,774.16,2025-06-07
INV-00742,C-1046,2025-04-24,614.83,2025-06-12
INV-00743,C-1046,2025-05-07,588.22,2025-06-25
INV-00744,C-1046,2025-05-20,1383.04,2025-07-10
INV-00745,C-1046,2025-06-27,1331.87,2025-09-08
INV-00746,C-1046,2025-07-28,1463.07,
INV-00747,C-1046,2025-08-21,1101.42,2025-10-22
INV-00748,C-1046,2025-08-30,50.00,2025-11-07
INV-00749,C-1046,2025-09-30,1703.70,2025-11-05
INV-00750,C-1046,2025-10-05,1090.56,2025-11-29
INV-00751,C-1046,2025-10-05,864.95,2025-11-11
INV-00752,C-1046,2025-10-14,693.12,2025-11-14
INV-00753,C-1046,2025-10-30,2002.83,2025-12-24
INV-00754,C-1046,2025-11-01,2814.43,2025-12-24
INV-00755,C-1046,2025-11-07,2155.93,
INV-00756,C-1046,2025-11-10,2059.46,2025-12-25
INV-00757,C-1046,2025-11-14,437.77,2026-01-14
INV-00758,C-1046,2025-11-15,1905.32,2025-12-29
INV-00759,C-1046,2025-12-01,50.00,2026-01-12
INV-00760,C-1046,2025-12-15,772.32,2026-02-12
INV-00761,C-1046,2026-01-07,1698.30,2026-03-08
INV-00762,C-1046,2026-01-11,1123.30,2026-02-21
INV-00763,C-1046,2026-01-21,706.72,2026-03-05
INV-00764,C-1046,2026-01-25,380.87,
INV-00765,C-1046,2026-01-31,1145.57,2026-03-13
INV-00766,C-1046,2026-01-31,1550.28,
INV-00767,C-1046,2026-03-09,50.00,
INV-00768,C-1046,2026-03-13,390.47,
INV-00769,C-1046,2026-03-22,388.68,
INV-00770,C-1046,2026-03-29,416.98,
INV-00771,C-1047,2025-01-25,1874.81,2025-03-05
INV-00772,C-1047,2025-02-06,786.13,2025-03-21
INV-00773,C-1047,2025-02-28,425.70,2025-03-29
INV-00774,C-1047,2025-03-17,622.28,2025-04-24
INV-00775,C-1047,2025-03-20,678.29,
INV-00776,C-1047,2025-03-26,1377.91,2025-04-23
INV-00777,C-1047,2025-05-01,863.69,2025-06-10
INV-00778,C-1047,2025-05-19,1142.14,2025-07-05
INV-00779,C-1047,2025-05-21,55.45,2025-07-11
INV-00780,C-1047,2025-05-29,667.75,2025-07-02
INV-00781,C-1047,2025-06-02,430.80,2025-07-19
INV-00782,C-1047,2025-06-14,1046.91,2025-07-26
INV-00783,C-1047,2025-06-16,55.07,2025-08-06
INV-00784,C-1047,2025-07-15,1764.45,2025-09-02
INV-00785,C-1047,2025-08-06,915.24,2025-09-14
INV-00786,C-1047,2025-08-09,146.48,2025-09-24
INV-00787,C-1047,2025-08-20,76.03,2025-09-27
INV-00788,C-1047,2025-08-30,1001.84,2025-10-29
INV-00789,C-1047,2025-09-05,1810.91,2025-10-23
INV-00790,C-1047,2025-10-08,586.98,2025-11-10
INV-00791,C-1047,2025-10-11,527.42,2025-11-26
INV-00792,C-1047,2025-10-30,1506.75,2025-11-30
INV-00793,C-1047,2025-11-03,1081.88,2025-12-20
INV-00794,C-1047,2025-11-16,582.01,2025-12-30
INV-00795,C-1047,2025-11-25,674.14,2025-12-26
INV-00796,C-1047,2025-11-25,1003.07,2026-01-11
INV-00797,C-1047,2025-12-10,50.00,2026-01-21
INV-00798,C-1047,2025-12-20,919.67,
INV-00799,C-1047,2025-12-22,496.19,2026-01-18
INV-00800,C-1047,2025-12-31,50.00,2026-02-18
INV-00801,C-1047,2026-01-04,516.43,2026-01-29
INV-00802,C-1047,2026-01-14,435.09,2026-03-05
INV-00803,C-1047,2026-01-24,1297.84,2026-03-07
INV-00804,C-1047,2026-01-27,1161.69,2026-03-25
INV-00805,C-1047,2026-02-01,852.09,2026-03-02
INV-00806,C-1047,2026-02-25,923.94,2026-03-25
INV-00807,C-1047,2026-02-27,899.57,
INV-00808,C-1047,2026-03-04,327.12,
INV-00809,C-1047,2026-03-18,2319.62,
INV-00810,C-1047,2026-03-24,2134.03,
INV-00811,C-1048,2025-01-04,1293.31,
INV-00812,C-1048,2025-01-07,367.91,2025-03-10
INV-00813,C-1048,2025-01-19,1516.58,2025-03-19
INV-00814,C-1048,2025-01-22,130.74,2025-03-19
INV-00815,C-1048,2025-01-25,2451.08,2025-03-19
INV-00816,C-1048,2025-02-02,1295.54,2025-03-31
INV-00817,C-1048,2025-02-20,50.00,2025-04-17
INV-00818,C-1048,2025-03-08,491.89,2025-04-23
INV-00819,C-1048,2025-03-14,1215.91,2025-04-25
INV-00820,C-1048,2025-04-06,1145.16,2025-05-07
INV-00821,C-1048,2025-04-18,1610.44,2025-06-13
INV-00822,C-1048,2025-04-27,1108.66,2025-06-23
INV-00823,C-1048,2025-05-12,242.35,2025-07-20
INV-00824,C-1048,2025-06-03,361.45,2025-08-02
INV-00825,C-1048,2025-06-03,2199.81,2025-07-16
INV-00826,C-1048,2025-07-06,1132.66,2025-08-26
INV-00827,C-1048,2025-07-12,1806.30,
INV-00828,C-1048,2025-07-14,1420.25,2025-09-06
INV-00829,C-1048,2025-07-21,1453.70,2025-09-01
INV-00830,C-1048,2025-07-22,1619.15,2025-09-17
INV-00831,C-1048,2025-08-07,1074.75,2025-10-02
INV-00832,C-1048,2025-08-08,103.56,2025-10-24
INV-00833,C-1048,2025-08-10,1034.60,2025-09-28
INV-00834,C-1048,2025-08-12,1022.22,2025-10-07
INV-00835,C-1048,2025-08-19,2005.82,2025-10-15
INV-00836,C-1048,2025-08-19,2918.96,2025-10-24
INV-00837,C-1048,2025-08-31,1813.74,2025-10-17
INV-00838,C-1048,2025-09-05,1790.01,2025-10-20
INV-00839,C-1048,2025-10-11,1134.72,
INV-00840,C-1048,2025-10-25,1576.78,2025-12-16
INV-00841,C-1048,2025-10-29,747.64,2025-12-02
INV-00842,C-1048,2025-12-07,50.00,2026-02-01
INV-00843,C-1048,2025-12-25,1670.06,2026-02-11
INV-00844,C-1048,2025-12-30,1021.13,2026-02-26
INV-00845,C-1048,2025-12-31,50.00,2026-02-14
INV-00846,C-1048,2026-01-21,1543.51,2026-03-06
INV-00847,C-1048,2026-01-24,1798.01,2026-03-19
INV-00848,C-1048,2026-01-27,1200.78,2026-03-21
INV-00849,C-1048,2026-03-22,1092.75,
INV-00850,C-1048,2026-03-29,894.81,
INV-00851,C-1049,2025-01-06,1486.02,2025-02-16
INV-00852,C-1049,2025-01-07,2185.72,2025-01-30
INV-00853,C-1049,2025-02-07,1330.71,2025-03-16
INV-00854,C-1049,2025-02-20,1110.01,2025-03-25
INV-00855,C-1049,2025-02-22,1084.23,2025-03-24
INV-00856,C-1049,2025-03-12,1009.24,2025-04-02
INV-00857,C-1049,2025-03-14,980.55,2025-04-05
INV-00858,C-1049,2025-03-18,3003.31,2025-04-30
INV-00859,C-1049,2025-04-19,2517.00,2025-06-16
INV-00860,C-1049,2025-04-29,1266.85,2025-05-29
INV-00861,C-1049,2025-05-11,2015.90,2025-06-18
INV-00862,C-1049,2025-05-30,1279.80,2025-06-25
INV-00863,C-1049,2025-06-05,584.05,2025-07-09
INV-00864,C-1049,2025-06-05,1847.05,2025-06-14
INV-00865,C-1049,2025-06-23,1613.14,2025-07-31
INV-00866,C-1049,2025-07-05,2089.79,2025-07-29
INV-00867,C-1049,2025-07-24,1081.33,2025-08-25
INV-00868,C-1049,2025-08-06,1245.83,2025-08-19
INV-00869,C-1049,2025-08-08,1621.13,
INV-00870,C-1049,2025-08-08,599.15,2025-08-24
INV-00871,C-1049,2025-08-18,966.26,2025-09-23
INV-00872,C-1049,2025-08-29,1740.47,2025-10-05
INV-00873,C-1049,2025-09-01,192.20,2025-10-01
INV-00874,C-1049,2025-09-03,2437.52,2025-10-02
INV-00875,C-1049,2025-09-26,1267.35,2025-10-23
INV-00876,C-1049,2025-10-18,1368.62,2025-11-16
INV-00877,C-1049,2025-11-06,718.79,2025-12-04
INV-00878,C-1049,2025-11-06,2657.87,2025-12-21
INV-00879,C-1049,2025-11-10,1287.92,2025-12-21
INV-00880,C-1049,2025-11-11,3870.52,2025-12-21
INV-00881,C-1049,2025-11-14,1560.34,2025-12-28
INV-00882,C-1049,2025-11-17,1422.44,2025-12-30
INV-00883,C-1049,2025-11-24,1462.21,2026-01-03
INV-00884,C-1049,2026-01-03,1173.57,2026-02-24
INV-00885,C-1049,2026-01-06,2261.29,2026-02-12
INV-00886,C-1049,2026-02-06,973.50,2026-02-24
INV-00887,C-1049,2026-02-08,803.76,2026-03-14
INV-00888,C-1049,2026-02-28,352.00,2026-03-14
INV-00889,C-1049,2026-03-01,1511.68,2026-03-21
INV-00890,C-1049,2026-03-02,737.46,
INV-00891,C-1050,2025-01-02,792.43,2025-02-01
INV-00892,C-1050,2025-01-05,50.00,2025-02-13
INV-00893,C-1050,2025-01-19,146.42,2025-02-17
INV-00894,C-1050,2025-01-27,2268.18,2025-02-13
INV-00895,C-1050,2025-02-04,1860.59,2025-03-06
INV-00896,C-1050,2025-03-03,154.16,2025-03-10
INV-00897,C-1050,2025-03-31,126.53,2025-04-14
INV-00898,C-1050,2025-05-26,898.74,2025-07-06
INV-00899,C-1050,2025-06-13,458.33,2025-07-03
INV-00900,C-1050,2025-06-16,877.70,2025-07-13
INV-00901,C-1050,2025-06-21,50.00,2025-07-28
INV-00902,C-1050,2025-06-22,2565.07,2025-07-22
INV-00903,C-1050,2025-07-01,380.72,2025-08-11
INV-00904,C-1050,2025-07-07,911.70,2025-07-23
INV-00905,C-1050,2025-08-03,510.29,2025-08-14
INV-00906,C-1050,2025-08-04,958.90,
INV-00907,C-1050,2025-08-18,1445.80,2025-09-13
INV-00908,C-1050,2025-08-22,803.19,2025-10-02
INV-00909,C-1050,2025-09-03,1442.46,2025-10-07
INV-00910,C-1050,2025-09-05,768.91,2025-09-26
INV-00911,C-1050,2025-09-21,367.01,2025-10-29
INV-00912,C-1050,2025-09-21,1219.71,2025-10-30
INV-00913,C-1050,2025-09-29,50.00,2025-10-28
INV-00914,C-1050,2025-11-24,569.74,2025-12-14
INV-00915,C-1050,2025-11-30,249.09,2025-12-15
INV-00916,C-1050,2025-12-09,805.70,2025-12-29
INV-00917,C-1050,2025-12-18,1529.49,2026-01-18
INV-00918,C-1050,2025-12-24,1612.07,2026-01-27
INV-00919,C-1050,2026-01-06,50.00,2026-02-13
INV-00920,C-1050,2026-01-11,1371.46,2026-02-12
INV-00921,C-1050,2026-01-13,1211.17,2026-02-05
INV-00922,C-1050,2026-02-05,1025.49,2026-03-16
INV-00923,C-1050,2026-02-14,1246.96,2026-03-10
INV-00924,C-1050,2026-02-21,133.08,2026-03-06
INV-00925,C-1050,2026-02-25,2196.99,2026-03-14
INV-00926,C-1050,2026-02-27,829.14,2026-03-29
INV-00927,C-1050,2026-03-13,1439.57,
INV-00928,C-1050,2026-03-16,922.81,
INV-00929,C-1050,2026-03-25,1852.92,
INV-00930,C-1050,2026-03-30,50.00,
INV-00931,C-1051,2025-01-02,1453.54,2025-01-26
INV-00932,C-1051,2025-01-25,1915.17,2025-02-20
INV-00933,C-1051,2025-01-30,1630.03,2025-03-04
INV-00934,C-1051,2025-01-30,1311.24,2025-02-19
INV-00935,C-1051,2025-02-21,2206.70,2025-03-21
INV-00936,C-1051,2025-03-02,1744.16,2025-04-11
INV-00937,C-1051,2025-03-18,1072.99,
INV-00938,C-1051,2025-04-26,1483.78,2025-05-11
INV-00939,C-1051,2025-05-13,1896.07,2025-05-22
INV-00940,C-1051,2025-05-19,1388.03,2025-06-22
INV-00941,C-1051,2025-05-26,848.85,2025-06-17
INV-00942,C-1051,2025-06-09,1057.37,2025-07-09
INV-00943,C-1051,2025-06-23,1307.92,2025-08-06
INV-00944,C-1051,2025-07-09,1983.77,2025-07-27
INV-00945,C-1051,2025-07-30,455.49,2025-08-23
INV-00946,C-1051,2025-09-25,1717.80,2025-10-29
INV-00947,C-1051,2025-09-25,1995.31,2025-10-21
INV-00948,C-1051,2025-09-29,1777.69,
INV-00949,C-1051,2025-10-08,2287.74,2025-10-24
INV-00950,C-1051,2025-10-15,1387.78,2025-11-25
INV-00951,C-1051,2025-10-25,1692.25,2025-11-13
INV-00952,C-1051,2025-11-03,2463.19,2025-12-10
INV-00953,C-1051,2025-11-08,1234.88,2025-11-29
INV-00954,C-1051,2025-11-08,500.77,2025-12-11
INV-00955,C-1051,2025-11-11,1791.19,2025-12-22
INV-00956,C-1051,2025-11-13,1265.74,2025-12-09
INV-00957,C-1051,2025-11-14,901.69,2025-12-14
INV-00958,C-1051,2025-11-17,811.68,2025-12-31
INV-00959,C-1051,2025-11-29,1136.47,2025-12-31
INV-00960,C-1051,2025-12-13,1701.55,2026-01-18
INV-00961,C-1051,2026-01-04,621.72,2026-01-27
INV-00962,C-1051,2026-01-04,2457.12,2026-01-23
INV-00963,C-1051,2026-01-27,361.61,2026-02-22
INV-00964,C-1051,2026-01-29,1775.36,2026-02-28
INV-00965,C-1051,2026-02-06,942.98,2026-03-02
INV-00966,C-1051,2026-02-16,1359.05,2026-03-07
INV-00967,C-1051,2026-02-26,1325.12,2026-03-28
INV-00968,C-1051,2026-03-05,536.59,2026-03-15
INV-00969,C-1051,2026-03-10,1646.83,
INV-00970,C-1051,2026-03-14,2077.20,
INV-00971,C-1052,2025-01-05,1316.18,2025-10-06
INV-00972,C-1052,2025-01-08,2375.38,2025-02-09
INV-00973,C-1052,2025-02-13,2133.68,2025-03-01
INV-00974,C-1052,2025-03-02,1965.59,2025-03-25
INV-00975,C-1052,2025-03-24,1482.85,2025-04-12
INV-00976,C-1052,2025-04-17,2301.45,2025-05-17
INV-00977,C-1052,2025-05-13,2409.80,2025-06-09
INV-00978,C-1052,2025-05-17,2358.67,2025-06-05
INV-00979,C-1052,2025-05-20,1947.88,2025-06-19
INV-00980,C-1052,2025-07-03,2315.73,2025-08-21
INV-00981,C-1052,2025-08-02,3751.75,2025-08-23
INV-00982,C-1052,2025-08-08,2810.71,2025-08-31
INV-00983,C-1052,2025-08-08,1606.63,2025-08-25
INV-00984,C-1052,2025-08-08,1780.52,2025-09-14
INV-00985,C-1052,2025-08-27,1826.06,2025-09-26
INV-00986,C-1052,2025-10-06,774.64,2025-10-07
INV-00987,C-1052,2025-10-11,1392.62,2025-11-10
INV-00988,C-1052,2025-11-04,2599.70,2025-12-11
INV-00989,C-1052,2025-12-25,3442.93,2026-01-17
INV-00990,C-1052,2025-12-26,1724.13,2026-01-25
INV-00991,C-1052,2026-01-24,2182.90,2026-02-16
INV-00992,C-1052,2026-02-20,1575.82,2026-03-30
INV-00993,C-1052,2026-02-23,2933.78,
INV-00994,C-1052,2026-03-04,3023.78,2026-03-22
INV-00995,C-1052,2026-03-23,2196.58,2026-03-31
INV-00996,C-1053,2025-01-21,1835.73,2025-02-19
INV-00997,C-1053,2025-01-22,2726.01,2025-02-12
INV-00998,C-1053,2025-01-28,3315.47,2025-03-06
INV-00999,C-1053,2025-02-01,593.92,2025-03-04
INV-01000,C-1053,2025-02-11,2735.26,2025-02-27
INV-01001,C-1053,2025-02-26,2428.78,2025-03-28
INV-01002,C-1053,2025-02-27,3179.52,2025-04-11
INV-01003,C-1053,2025-03-25,3116.32,2025-04-22
INV-01004,C-1053,2025-04-13,2558.79,2025-05-17
INV-01005,C-1053,2025-05-22,1956.33,
INV-01006,C-1053,2025-05-25,2329.20,2025-06-26
INV-01007,C-1053,2025-05-30,1572.60,2025-06-21
INV-01008,C-1053,2025-08-01,4057.72,2025-09-10
INV-01009,C-1053,2025-08-03,1723.99,2025-09-08
INV-01010,C-1053,2025-08-21,1776.25,2025-09-28
INV-01011,C-1053,2025-09-05,2352.68,2025-09-26
INV-01012,C-1053,2025-10-31,1656.29,2025-12-01
INV-01013,C-1053,2025-11-21,1923.97,2025-11-30
INV-01014,C-1053,2025-12-25,3276.32,2026-01-25
INV-01015,C-1053,2026-01-08,1305.74,2026-02-09
INV-01016,C-1053,2026-01-14,2596.27,2026-02-08
INV-01017,C-1053,2026-01-21,1477.02,2026-02-09
INV-01018,C-1053,2026-01-23,1371.41,2026-03-09
INV-01019,C-1053,2026-02-05,1826.15,2026-03-10
INV-01020,C-1053,2026-03-02,3159.50,
INV-01021,C-1054,2025-01-27,547.86,2025-03-11
INV-01022,C-1054,2025-02-11,375.39,2025-02-24
INV-01023,C-1054,2025-02-14,252.10,2025-03-02
INV-01024,C-1054,2025-02-18,430.17,2025-03-13
INV-01025,C-1054,2025-02-20,363.33,2025-03-24
INV-01026,C-1054,2025-03-17,876.78,2025-03-23
INV-01027,C-1054,2025-03-20,258.07,2025-04-22
INV-01028,C-1054,2025-03-30,1333.88,2025-04-23
INV-01029,C-1054,2025-04-09,841.84,2025-04-11
INV-01030,C-1054,2025-04-21,1259.39,2025-05-06
INV-01031,C-1054,2025-06-18,1063.68,2025-07-10
INV-01032,C-1054,2025-06-20,50.00,2025-07-19
INV-01033,C-1054,2025-06-25,737.79,2025-07-17
INV-01034,C-1054,2025-06-28,745.61,2025-07-22
INV-01035,C-1054,2025-06-30,796.76,2025-07-26
INV-01036,C-1054,2025-07-23,814.11,2025-08-27
INV-01037,C-1054,2025-07-24,479.65,2025-08-14
INV-01038,C-1054,2025-08-05,1587.47,2025-09-07
INV-01039,C-1054,2025-08-10,674.10,2025-08-23
INV-01040,C-1054,2025-08-10,109.20,2025-09-09
INV-01041,C-1054,2025-08-31,1644.26,2025-10-03
INV-01042,C-1054,2025-09-01,2258.11,2025-09-24
INV-01043,C-1054,2025-09-02,481.32,2025-09-18
INV-01044,C-1054,2025-09-17,194.33,
INV-01045,C-1054,2025-09-28,50.00,2025-10-23
INV-01046,C-1054,2025-10-06,427.15,2025-11-14
INV-01047,C-1054,2025-10-09,730.17,2025-10-29
INV-01048,C-1054,2025-10-14,591.48,2025-11-19
INV-01049,C-1054,2025-10-17,1209.05,2025-11-19
INV-01050,C-1054,2025-11-05,598.35,2025-11-17
INV-01051,C-1054,2025-11-08,50.00,2025-12-05
INV-01052,C-1054,2025-11-24,764.65,2026-01-01
INV-01053,C-1054,2025-11-28,1829.34,2025-12-22
INV-01054,C-1054,2026-01-12,1293.52,2026-02-10
INV-01055,C-1054,2026-02-02,50.00,2026-03-04
INV-01056,C-1054,2026-02-04,929.36,2026-02-26
INV-01057,C-1054,2026-02-11,1675.17,2026-03-12
INV-01058,C-1054,2026-02-22,50.00,2026-03-21
INV-01059,C-1054,2026-02-26,1483.18,2026-03-18
INV-01060,C-1054,2026-03-27,1204.21,
INV-01061,C-1055,2025-01-04,356.37,2025-01-28
INV-01062,C-1055,2025-01-16,1311.74,2025-02-13
INV-01063,C-1055,2025-01-17,1708.56,2025-02-06
INV-01064,C-1055,2025-01-24,50.00,2025-03-01
INV-01065,C-1055,2025-01-27,1865.13,2025-02-18
INV-01066,C-1055,2025-01-31,1093.89,2025-02-21
INV-01067,C-1055,2025-02-02,2169.69,2025-03-08
INV-01068,C-1055,2025-02-11,1003.33,2025-03-15
INV-01069,C-1055,2025-03-05,403.77,2025-03-19
INV-01070,C-1055,2025-03-21,690.49,
INV-01071,C-1055,2025-04-21,50.00,2025-05-20
INV-01072,C-1055,2025-04-25,665.37,2025-05-24
INV-01073,C-1055,2025-05-04,2203.18,2025-05-24
INV-01074,C-1055,2025-05-24,2296.59,2025-06-09
INV-01075,C-1055,2025-07-08,537.05,2025-08-01
INV-01076,C-1055,2025-08-21,1093.27,2025-09-26
INV-01077,C-1055,2025-09-06,335.87,2025-09-22
INV-01078,C-1055,2025-09-21,625.29,2025-10-13
INV-01079,C-1055,2025-09-23,540.48,2025-10-24
INV-01080,C-1055,2025-09-26,1241.75,2025-10-20
INV-01081,C-1055,2025-09-27,1276.76,2025-10-13
INV-01082,C-1055,2025-10-20,683.10,2025-11-09
INV-01083,C-1055,2025-10-23,632.60,2025-11-22
INV-01084,C-1055,2025-11-12,930.99,2025-11-27
INV-01085,C-1055,2025-11-17,1161.19,2025-12-19
INV-01086,C-1055,2025-11-22,1493.60,2025-12-17
INV-01087,C-1055,2025-11-22,1687.52,2026-01-01
INV-01088,C-1055,2025-11-23,327.98,2025-12-15
INV-01089,C-1055,2025-12-11,50.00,2026-01-20
INV-01090,C-1055,2025-12-22,1005.49,2026-01-10
INV-01091,C-1055,2026-01-04,2293.79,2026-02-06
INV-01092,C-1055,2026-01-25,2066.54,2026-02-27
INV-01093,C-1056,2025-02-08,2942.58,2025-03-16
INV-01094,C-1056,2025-04-06,2193.62,2025-05-09
INV-01095,C-1056,2025-04-11,1559.00,2025-05-16
INV-01096,C-1056,2025-04-27,1621.32,2025-06-02
INV-01097,C-1056,2025-05-16,1424.51,
INV-01098,C-1056,2025-05-27,164.29,2025-07-20
INV-01099,C-1056,2025-06-06,1621.86,2025-07-07
INV-01100,C-1056,2025-06-21,1448.84,2025-07-15
INV-01101,C-1056,2025-08-21,1725.01,2025-09-17
INV-01102,C-1056,2025-09-24,405.54,2025-10-12
INV-01103,C-1056,2025-09-25,1537.13,2025-10-24
INV-01104,C-1056,2025-10-09,857.23,
INV-01105,C-1056,2025-10-18,1847.36,2025-11-08
INV-01106,C-1056,2025-10-20,50.00,2025-11-21
INV-01107,C-1056,2025-10-31,2115.59,2025-12-13
INV-01108,C-1056,2025-11-01,348.65,2025-12-01
INV-01109,C-1056,2025-11-13,1804.82,2025-12-31
INV-01110,C-1056,2025-11-18,1548.18,2025-12-23
INV-01111,C-1056,2025-12-30,2110.62,2026-01-25
INV-01112,C-1056,2026-01-20,1489.33,
INV-01113,C-1056,2026-01-26,2711.25,2026-02-25
INV-01114,C-1056,2026-01-29,1618.33,2026-03-03
INV-01115,C-1056,2026-02-19,1020.38,
INV-01116,C-1056,2026-02-20,2170.01,
INV-01117,C-1056,2026-03-02,1317.42,
INV-01118,C-1057,2025-01-09,2359.44,2025-03-06
INV-01119,C-1057,2025-01-23,2882.08,2025-03-13
INV-01120,C-1057,2025-02-13,954.45,
INV-01121,C-1057,2025-04-04,2527.82,2025-05-22
INV-01122,C-1057,2025-04-11,2437.39,2025-05-26
INV-01123,C-1057,2025-04-22,3189.17,2025-06-30
INV-01124,C-1057,2025-04-23,2703.09,2025-06-03
INV-01125,C-1057,2025-04-24,2531.33,2025-06-27
INV-01126,C-1057,2025-05-14,1387.31,2025-07-24
INV-01127,C-1057,2025-06-08,2090.72,2025-07-25
INV-01128,C-1057,2025-08-02,1970.25,2025-09-21
INV-01129,C-1057,2025-08-17,2241.89,2025-10-03
INV-01130,C-1057,2025-10-16,2071.77,2025-11-23
INV-01131,C-1057,2025-10-29,3029.97,2026-01-03
INV-01132,C-1057,2025-12-28,1886.37,2026-02-20
INV-01133,C-1057,2025-12-31,1653.30,2026-02-25
INV-01134,C-1057,2026-01-18,2483.56,2026-03-20
INV-01135,C-1057,2026-01-18,2157.52,2026-03-15
INV-01136,C-1057,2026-01-22,1806.62,2026-03-06
INV-01137,C-1057,2026-01-23,1416.57,2026-03-14
INV-01138,C-1057,2026-02-15,3169.41,
INV-01139,C-1057,2026-02-20,2199.82,2026-03-26
INV-01140,C-1057,2026-03-06,2070.78,
INV-01141,C-1057,2026-03-20,1076.68,
INV-01142,C-1057,2026-03-23,2228.29,
INV-01143,C-1058,2025-01-05,3129.00,2025-01-23
INV-01144,C-1058,2025-01-21,1336.93,2025-02-24
INV-01145,C-1058,2025-01-26,634.10,2025-02-12
INV-01146,C-1058,2025-01-27,2086.31,2025-02-24
INV-01147,C-1058,2025-02-11,2141.54,
INV-01148,C-1058,2025-02-18,542.06,2025-03-30
INV-01149,C-1058,2025-02-20,1548.83,2025-03-01
INV-01150,C-1058,2025-02-21,2004.04,2025-03-23
INV-01151,C-1058,2025-02-23,2005.89,2025-04-02
INV-01152,C-1058,2025-03-02,1006.72,2025-03-31
INV-01153,C-1058,2025-03-13,1706.79,2025-04-08
INV-01154,C-1058,2025-04-01,915.70,2025-05-13
INV-01155,C-1058,2025-04-14,1016.20,2025-04-27
INV-01156,C-1058,2025-05-10,1034.06,2025-06-09
INV-01157,C-1058,2025-05-13,62.49,2025-06-16
INV-01158,C-1058,2025-05-13,1309.37,2025-06-12
INV-01159,C-1058,2025-05-19,1854.47,2025-06-22
INV-01160,C-1058,2025-05-24,639.44,2025-06-14
INV-01161,C-1058,2025-08-01,1716.43,2025-08-27
INV-01162,C-1058,2025-08-31,1503.16,2025-09-11
INV-01163,C-1058,2025-09-13,2580.36,2025-10-12
INV-01164,C-1058,2025-09-16,2044.65,2025-10-13
INV-01165,C-1058,2025-10-03,1794.20,2025-11-01
INV-01166,C-1058,2025-11-05,547.66,2025-11-25
INV-01167,C-1058,2025-11-10,1212.20,2025-12-10
INV-01168,C-1058,2025-11-15,1953.90,2025-12-24
INV-01169,C-1058,2025-11-28,1363.00,
INV-01170,C-1058,2025-11-29,2693.07,2025-12-20
INV-01171,C-1058,2025-12-07,1631.13,2026-01-06
INV-01172,C-1058,2025-12-23,915.58,
INV-01173,C-1058,2025-12-23,328.31,2026-01-26
INV-01174,C-1058,2025-12-27,981.35,2026-01-28
INV-01175,C-1058,2026-01-19,1790.88,2026-02-11
INV-01176,C-1058,2026-01-28,2285.83,2026-02-27
INV-01177,C-1058,2026-02-04,906.17,2026-03-13
INV-01178,C-1058,2026-02-21,1243.81,2026-03-14
INV-01179,C-1058,2026-02-26,971.50,2026-03-18
INV-01180,C-1058,2026-03-10,1790.75,2026-03-22
INV-01181,C-1058,2026-03-13,2200.95,2026-03-30
INV-01182,C-1058,2026-03-15,1250.66,
INV-01183,C-1059,2025-01-11,1132.46,2025-01-31
INV-01184,C-1059,2025-01-13,1680.20,2025-02-10
INV-01185,C-1059,2025-02-14,2398.00,2025-03-15
INV-01186,C-1059,2025-03-16,1639.11,2025-04-24
INV-01187,C-1059,2025-04-03,1312.58,2025-05-05
INV-01188,C-1059,2025-04-09,1568.62,2025-05-16
INV-01189,C-1059,2025-04-09,1275.57,
INV-01190,C-1059,2025-04-10,648.35,2025-05-12
INV-01191,C-1059,2025-04-21,228.38,2025-05-13
INV-01192,C-1059,2025-05-14,1799.49,2025-06-11
INV-01193,C-1059,2025-05-18,522.93,
INV-01194,C-1059,2025-05-28,1834.21,2025-07-06
INV-01195,C-1059,2025-06-12,1120.09,2025-06-26
INV-01196,C-1059,2025-07-18,921.06,2025-08-21
INV-01197,C-1059,2025-08-06,1056.59,2025-09-14
INV-01198,C-1059,2025-08-13,936.55,2025-09-24
INV-01199,C-1059,2025-08-22,2141.17,2025-09-22
INV-01200,C-1059,2025-09-07,1689.78,2025-10-19
INV-01201,C-1059,2025-11-16,596.58,2025-12-18
INV-01202,C-1059,2025-12-31,1725.12,2026-01-26
INV-01203,C-1059,2026-01-12,2017.79,2026-01-30
INV-01204,C-1059,2026-01-23,1847.43,2026-03-03
INV-01205,C-1059,2026-01-30,1888.93,2026-02-09
INV-01206,C-1059,2026-02-15,2112.03,2026-03-11
INV-01207,C-1059,2026-02-20,2093.11,2026-03-22
INV-01208,C-1060,2025-03-20,1211.45,2025-04-24
INV-01209,C-1060,2025-04-03,2082.35,2025-05-17
INV-01210,C-1060,2025-04-06,2579.80,2025-05-22
INV-01211,C-1060,2025-04-20,1292.03,2025-05-23
INV-01212,C-1060,2025-05-04,2388.31,2025-06-05
INV-01213,C-1060,2025-05-17,3432.77,2025-06-24
INV-01214,C-1060,2025-06-15,3247.66,2025-07-15
INV-01215,C-1060,2025-06-18,2331.84,2025-07-16
INV-01216,C-1060,2025-07-09,1715.70,2025-08-13
INV-01217,C-1060,2025-07-10,2971.04,2025-08-22
INV-01218,C-1060,2025-07-18,2321.94,
INV-01219,C-1060,2025-08-06,1819.83,2025-09-06
INV-01220,C-1060,2025-09-13,1567.64,2025-10-17
INV-01221,C-1060,2025-09-23,2531.19,2025-10-25
INV-01222,C-1060,2025-09-30,2138.93,2025-11-11
INV-01223,C-1060,2025-09-30,2892.19,2025-10-19
INV-01224,C-1060,2025-10-05,2342.84,2025-11-17
INV-01225,C-1060,2025-10-20,2230.89,
INV-01226,C-1060,2025-10-25,2697.54,2025-11-25
INV-01227,C-1060,2025-11-08,529.63,2025-11-27
INV-01228,C-1060,2025-12-13,1681.85,2026-01-12
INV-01229,C-1060,2025-12-19,3053.22,2026-01-07
INV-01230,C-1060,2025-12-22,2211.59,2026-01-24
INV-01231,C-1060,2025-12-26,925.96,2026-01-29
INV-01232,C-1060,2025-12-30,1770.55,2026-01-17
INV-01233,C-1060,2026-01-16,2360.15,2026-03-06
INV-01234,C-1060,2026-02-07,2377.67,2026-03-02
INV-01235,C-1060,2026-02-12,2142.68,2026-03-10
INV-01236,C-1060,2026-02-16,2481.05,2026-03-03
INV-01237,C-1060,2026-02-21,131.95,2026-03-23
INV-01238,C-1060,2026-03-20,2040.66,
INV-01239,C-1060,2026-03-23,3578.24,
INV-01240,C-1061,2025-01-01,468.19,2025-02-09
INV-01241,C-1061,2025-01-23,2011.29,2025-02-21
INV-01242,C-1061,2025-02-05,2313.42,2025-02-23
INV-01243,C-1061,2025-02-21,730.02,2025-03-05
INV-01244,C-1061,2025-02-21,963.52,2025-03-26
INV-01245,C-1061,2025-03-02,2420.62,2025-04-02
INV-01246,C-1061,2025-03-07,1845.30,2025-04-09
INV-01247,C-1061,2025-04-10,639.15,2025-05-14
INV-01248,C-1061,2025-04-18,908.69,2025-05-24
INV-01249,C-1061,2025-06-09,1421.61,2025-07-20
INV-01250,C-1061,2025-07-15,3132.54,2025-08-06
INV-01251,C-1061,2025-07-30,1806.42,2025-09-24
INV-01252,C-1061,2025-08-17,1887.25,2025-09-27
INV-01253,C-1061,2025-08-19,1770.64,2025-09-30
INV-01254,C-1061,2025-08-24,389.19,2025-09-10
INV-01255,C-1061,2025-08-24,1890.59,2025-09-25
INV-01256,C-1061,2025-08-25,995.86,2025-09-15
INV-01257,C-1061,2025-09-06,2390.09,2025-10-20
INV-01258,C-1061,2025-09-16,1521.43,2025-10-29
INV-01259,C-1061,2025-10-05,1340.56,2025-11-02
INV-01260,C-1061,2025-10-07,1403.37,2025-11-17
INV-01261,C-1061,2025-10-08,1731.68,2025-11-11
INV-01262,C-1061,2025-10-15,832.85,2025-11-06
INV-01263,C-1061,2025-11-03,249.12,
INV-01264,C-1061,2025-11-28,1947.58,2025-12-26
INV-01265,C-1061,2025-12-09,1094.71,2026-01-03
INV-01266,C-1061,2025-12-10,940.16,2026-01-05
INV-01267,C-1061,2026-01-21,50.15,2026-02-16
INV-01268,C-1061,2026-01-28,1196.09,2026-02-24
INV-01269,C-1061,2026-02-07,2296.71,2026-03-16
INV-01270,C-1061,2026-03-13,2135.21,
INV-01271,C-1061,2026-03-27,1725.37,
INV-01272,C-1062,2025-01-02,2234.46,2025-02-03
INV-01273,C-1062,2025-01-09,1443.82,2025-02-16
INV-01274,C-1062,2025-01-09,1817.64,2025-02-09
INV-01275,C-1062,2025-01-14,1649.42,2025-02-18
INV-01276,C-1062,2025-01-17,1409.41,2025-03-07
INV-01277,C-1062,2025-03-14,1062.18,2025-04-20
INV-01278,C-1062,2025-03-15,1402.15,2025-05-04
INV-01279,C-1062,2025-05-03,1665.47,2025-06-12
INV-01280,C-1062,2025-05-13,1878.87,2025-06-09
INV-01281,C-1062,2025-07-18,3323.66,2025-08-13
INV-01282,C-1062,2025-08-19,1498.74,2025-09-18
INV-01283,C-1062,2025-08-31,2763.28,2025-10-15
INV-01284,C-1062,2025-09-06,1582.51,2025-10-20
INV-01285,C-1062,2025-09-08,2319.62,2025-10-21
INV-01286,C-1062,2025-10-12,2162.80,2025-11-26
INV-01287,C-1062,2025-10-23,2182.58,2025-12-19
INV-01288,C-1062,2025-10-23,2092.29,
INV-01289,C-1062,2025-10-29,2923.70,2025-12-12
INV-01290,C-1062,2025-11-02,1799.58,2025-12-11
INV-01291,C-1062,2025-11-07,1926.76,2026-01-05
INV-01292,C-1062,2025-12-11,2621.52,2026-01-27
INV-01293,C-1062,2026-02-04,2810.52,2026-03-17
INV-01294,C-1062,2026-02-14,2734.68,2026-03-27
INV-01295,C-1062,2026-02-19,2252.10,2026-03-29
INV-01296,C-1062,2026-02-26,882.33,
INV-01297,C-1063,2025-01-05,293.85,2025-02-21
INV-01298,C-1063,2025-01-10,50.00,2025-03-01
INV-01299,C-1063,2025-01-11,1509.25,2025-03-03
INV-01300,C-1063,2025-01-23,377.16,2025-03-15
INV-01301,C-1063,2025-02-01,1974.67,2025-03-03
INV-01302,C-1063,2025-02-02,1031.67,2025-03-11
INV-01303,C-1063,2025-02-02,997.51,2025-03-14
INV-01304,C-1063,2025-02-04,1335.37,2025-03-18
INV-01305,C-1063,2025-02-11,683.06,2025-03-31
INV-01306,C-1063,2025-02-17,1363.92,2025-04-08
INV-01307,C-1063,2025-02-24,499.38,2025-03-22
INV-01308,C-1063,2025-03-03,433.71,2025-04-14
INV-01309,C-1063,2025-04-02,1436.56,2025-05-09
INV-01310,C-1063,2025-05-07,418.96,2025-06-23
INV-01311,C-1063,2025-05-16,1563.11,2025-07-05
INV-01312,C-1063,2025-05-21,235.97,2025-06-30
INV-01313,C-1063,2025-06-21,982.55,2025-07-30
INV-01314,C-1063,2025-06-27,377.54,2025-07-25
INV-01315,C-1063,2025-06-28,2051.58,2025-08-05
INV-01316,C-1063,2025-07-02,421.90,2025-08-11
INV-01317,C-1063,2025-07-12,164.60,2025-08-23
INV-01318,C-1063,2025-08-02,700.18,
INV-01319,C-1063,2025-08-04,483.16,
INV-01320,C-1063,2025-08-21,1140.36,2025-10-10
INV-01321,C-1063,2025-09-06,815.54,2025-10-26
INV-01322,C-1063,2025-09-10,426.49,2025-10-18
INV-01323,C-1063,2025-09-15,582.63,2025-10-07
INV-01324,C-1063,2025-09-19,2111.70,2025-11-02
INV-01325,C-1063,2025-10-10,903.15,2025-11-05
INV-01326,C-1063,2025-11-11,905.84,2025-12-30
INV-01327,C-1063,2025-11-13,676.43,2025-12-18
INV-01328,C-1063,2025-11-14,1207.83,2025-12-31
INV-01329,C-1063,2025-11-15,1103.83,2025-12-23
INV-01330,C-1063,2025-11-16,217.65,2025-12-25
INV-01331,C-1063,2025-12-02,619.53,2026-01-08
INV-01332,C-1063,2025-12-14,750.31,2026-02-07
INV-01333,C-1063,2026-01-08,1824.54,2026-02-24
INV-01334,C-1063,2026-01-24,1393.45,
INV-01335,C-1063,2026-01-25,1686.80,2026-03-03
INV-01336,C-1063,2026-03-25,323.26,
INV-01337,C-1064,2025-01-01,1726.96,2025-02-04
INV-01338,C-1064,2025-01-04,1573.32,2025-08-02
INV-01339,C-1064,2025-01-19,960.49,2025-03-04
INV-01340,C-1064,2025-02-15,3324.23,2025-03-17
INV-01341,C-1064,2025-02-28,3262.85,
INV-01342,C-1064,2025-03-11,2422.18,2025-04-11
INV-01343,C-1064,2025-03-27,3246.15,2025-04-30
INV-01344,C-1064,2025-04-08,1807.05,2025-04-20
INV-01345,C-1064,2025-04-19,3563.62,2025-05-11
INV-01346,C-1064,2025-04-21,1825.11,2025-05-15
INV-01347,C-1064,2025-05-31,1253.14,2025-07-05
INV-01348,C-1064,2025-06-08,3911.06,2025-07-02
INV-01349,C-1064,2025-06-28,2758.20,2025-07-13
INV-01350,C-1064,2025-07-13,3146.24,2025-08-13
INV-01351,C-1064,2025-07-17,2058.87,2025-08-26
INV-01352,C-1064,2025-08-03,2344.09,2025-09-02
INV-01353,C-1064,2025-08-18,1987.71,2025-09-24
INV-01354,C-1064,2025-09-05,867.25,2025-09-30
INV-01355,C-1064,2025-09-17,2954.37,2025-10-28
INV-01356,C-1064,2025-10-02,567.67,2025-11-14
INV-01357,C-1064,2025-10-02,2254.94,2025-10-23
INV-01358,C-1064,2025-10-23,1876.00,2025-11-23
INV-01359,C-1064,2025-12-20,2323.19,2026-01-05
INV-01360,C-1064,2025-12-25,1479.21,2026-01-29
INV-01361,C-1064,2026-01-07,2073.67,2026-02-05
INV-01362,C-1064,2026-01-08,1585.85,2026-02-12
INV-01363,C-1064,2026-01-09,1984.61,2026-02-15
INV-01364,C-1064,2026-01-28,2278.34,2026-03-05
INV-01365,C-1064,2026-02-19,1845.64,2026-03-21
INV-01366,C-1064,2026-02-25,1655.76,2026-03-15
INV-01367,C-1064,2026-03-02,2733.83,2026-03-19
INV-01368,C-1064,2026-03-31,2408.10,
INV-01369,C-1065,2025-02-28,749.84,2025-04-02
INV-01370,C-1065,2025-03-15,2531.01,2025-04-12
INV-01371,C-1065,2025-04-26,1596.72,2025-05-07
INV-01372,C-1065,2025-05-15,2919.36,2025-06-13
INV-01373,C-1065,2025-05-21,1136.90,2025-06-18
INV-01374,C-1065,2025-05-23,3540.67,2025-07-03
INV-01375,C-1065,2025-05-27,1329.33,2025-06-24
INV-01376,C-1065,2025-05-30,1609.96,2025-06-11
INV-01377,C-1065,2025-06-03,1315.35,2025-07-03
INV-01378,C-1065,2025-06-12,1058.90,2025-07-16
INV-01379,C-1065,2025-06-19,2203.72,2025-07-06
INV-01380,C-1065,2025-06-21,2188.26,2025-07-21
INV-01381,C-1065,2025-06-24,1930.33,2025-07-21
INV-01382,C-1065,2025-08-18,2946.25,2025-09-17
INV-01383,C-1065,2025-08-19,597.38,2025-09-03
INV-01384,C-1065,2025-09-16,2127.91,2025-09-25
INV-01385,C-1065,2025-10-07,2378.13,2025-11-01
INV-01386,C-1065,2025-11-22,2608.15,2025-12-09
INV-01387,C-1065,2025-11-23,1717.96,2025-12-15
INV-01388,C-1065,2025-12-07,3694.86,2026-01-02
INV-01389,C-1065,2025-12-28,1716.38,2026-01-14
INV-01390,C-1065,2026-01-30,2471.07,2026-03-04
INV-01391,C-1065,2026-02-18,1927.03,
INV-01392,C-1065,2026-02-24,3186.71,2026-03-26
INV-01393,C-1065,2026-03-10,1737.43,2026-03-13
INV-01394,C-1066,2025-01-09,799.30,2025-01-28
INV-01395,C-1066,2025-01-20,1151.28,2025-02-15
INV-01396,C-1066,2025-01-21,1768.61,2025-02-20
INV-01397,C-1066,2025-02-02,1883.52,2026-01-03
INV-01398,C-1066,2025-02-07,2552.49,2025-03-05
INV-01399,C-1066,2025-02-21,2282.49,2025-04-05
INV-01400,C-1066,2025-02-28,1839.54,2025-03-18
INV-01401,C-1066,2025-03-04,1170.79,2025-04-12
INV-01402,C-1066,2025-05-04,2074.70,2025-05-15
INV-01403,C-1066,2025-05-09,421.61,2025-06-15
INV-01404,C-1066,2025-06-17,336.76,2025-07-17
INV-01405,C-1066,2025-07-03,1254.94,2025-08-08
INV-01406,C-1066,2025-07-31,1758.37,2025-09-20
INV-01407,C-1066,2025-08-10,1228.63,2025-09-08
INV-01408,C-1066,2025-08-20,858.21,2025-09-13
INV-01409,C-1066,2025-09-16,1310.75,2025-10-19
INV-01410,C-1066,2025-09-18,2834.24,2025-09-29
INV-01411,C-1066,2025-11-04,2153.62,2025-12-04
INV-01412,C-1066,2025-11-24,2395.43,2025-12-26
INV-01413,C-1066,2025-12-02,283.73,2025-12-23
INV-01414,C-1066,2025-12-31,878.77,2026-01-24
INV-01415,C-1066,2026-01-02,986.96,2026-02-05
INV-01416,C-1066,2026-01-17,2805.34,2026-02-20
INV-01417,C-1066,2026-01-27,1788.90,2026-02-24
INV-01418,C-1066,2026-03-28,1989.34,
INV-01419,C-1067,2025-01-27,3120.08,2025-02-15
INV-01420,C-1067,2025-02-24,1744.93,2025-04-02
INV-01421,C-1067,2025-03-05,2053.20,2025-03-24
INV-01422,C-1067,2025-04-03,2613.85,2025-05-07
INV-01423,C-1067,2025-04-04,1470.63,2025-04-21
INV-01424,C-1067,2025-04-19,1973.06,2025-05-12
INV-01425,C-1067,2025-04-28,1232.86,2025-05-26
INV-01426,C-1067,2025-05-02,2881.92,2025-06-05
INV-01427,C-1067,2025-05-15,3202.57,2025-06-12
INV-01428,C-1067,2025-06-15,2282.99,2025-07-12
INV-01429,C-1067,2025-06-18,2644.72,2025-07-12
INV-01430,C-1067,2025-06-24,1512.31,2025-07-27
INV-01431,C-1067,2025-06-29,1827.28,2025-08-06
INV-01432,C-1067,2025-06-30,2216.80,2025-07-23
INV-01433,C-1067,2025-07-27,2167.04,2025-09-02
INV-01434,C-1067,2025-09-05,2502.75,2025-09-26
INV-01435,C-1067,2025-09-24,2871.79,2025-10-22
INV-01436,C-1067,2025-09-26,1883.42,2025-10-26
INV-01437,C-1067,2025-10-26,1699.24,2025-11-17
INV-01438,C-1067,2025-11-05,2472.89,
INV-01439,C-1067,2025-11-28,2411.29,2025-12-30
INV-01440,C-1067,2025-12-01,2097.12,2025-12-21
INV-01441,C-1067,2025-12-23,2153.15,2026-01-23
INV-01442,C-1067,2025-12-30,1520.54,
INV-01443,C-1067,2026-01-29,1803.37,2026-02-26
INV-01444,C-1067,2026-01-30,2139.99,2026-03-03
INV-01445,C-1067,2026-02-01,2075.53,2026-03-10
INV-01446,C-1067,2026-02-06,2571.00,2026-03-15
INV-01447,C-1067,2026-02-21,2452.72,2026-03-02
INV-01448,C-1067,2026-03-01,3675.57,
INV-01449,C-1067,2026-03-07,2504.36,
INV-01450,C-1067,2026-03-12,1967.19,
INV-01451,C-1068,2025-01-03,1338.68,2025-02-03
INV-01452,C-1068,2025-01-04,1084.42,2025-01-25
INV-01453,C-1068,2025-01-24,1278.79,
INV-01454,C-1068,2025-01-31,1998.25,2025-03-09
INV-01455,C-1068,2025-02-24,2687.48,
INV-01456,C-1068,2025-04-06,1142.48,2025-04-22
INV-01457,C-1068,2025-04-19,632.85,2025-05-08
INV-01458,C-1068,2025-04-24,3040.12,2025-05-18
INV-01459,C-1068,2025-04-25,1866.83,2025-05-18
INV-01460,C-1068,2025-05-09,1465.18,2025-06-08
INV-01461,C-1068,2025-05-10,1437.51,2025-06-05
INV-01462,C-1068,2025-05-31,813.27,2025-06-29
INV-01463,C-1068,2025-06-18,1000.85,2025-07-21
INV-01464,C-1068,2025-06-19,1254.91,2025-07-24
INV-01465,C-1068,2025-06-23,498.50,2025-07-24
INV-01466,C-1068,2025-07-12,827.94,2025-07-26
INV-01467,C-1068,2025-08-29,1379.65,2025-09-26
INV-01468,C-1068,2025-09-17,1391.39,2025-10-12
INV-01469,C-1068,2025-10-21,710.22,2025-11-30
INV-01470,C-1068,2025-10-23,50.00,2025-11-20
INV-01471,C-1068,2025-11-26,1487.42,2025-12-19
INV-01472,C-1068,2025-12-05,1592.35,2026-01-02
INV-01473,C-1068,2025-12-25,924.60,2026-01-18
INV-01474,C-1068,2025-12-31,94.22,2026-01-19
INV-01475,C-1068,2026-03-09,1447.65,
INV-01476,C-1069,2025-01-03,50.00,2025-02-03
INV-01477,C-1069,2025-01-19,1750.09,2025-02-22
INV-01478,C-1069,2025-02-10,50.00,2025-03-08
INV-01479,C-1069,2025-02-14,582.26,2025-03-04
INV-01480,C-1069,2025-02-23,50.00,2025-03-23
INV-01481,C-1069,2025-03-07,1091.31,
INV-01482,C-1069,2025-03-24,1893.11,2025-04-12
INV-01483,C-1069,2025-03-28,311.06,2025-04-12
INV-01484,C-1069,2025-04-10,1149.04,2025-04-30
INV-01485,C-1069,2025-04-22,835.62,2025-06-02
INV-01486,C-1069,2025-05-03,937.00,2025-06-04
INV-01487,C-1069,2025-05-14,971.01,2025-06-18
INV-01488,C-1069,2025-06-24,1847.65,2025-07-13
INV-01489,C-1069,2025-06-27,957.44,2025-08-06
INV-01490,C-1069,2025-07-01,599.42,2025-07-23
INV-01491,C-1069,2025-07-30,474.64,2025-08-26
INV-01492,C-1069,2025-07-30,1106.33,2025-09-06
INV-01493,C-1069,2025-08-04,50.00,2025-08-28
INV-01494,C-1069,2025-08-19,2018.91,2025-09-25
INV-01495,C-1069,2025-08-29,1558.04,2025-10-16
INV-01496,C-1069,2025-09-07,1138.50,2025-10-04
INV-01497,C-1069,2025-09-23,268.41,2025-10-06
INV-01498,C-1069,2025-10-02,50.00,2025-10-28
INV-01499,C-1069,2025-10-28,1852.26,2025-12-15
INV-01500,C-1069,2025-11-21,621.91,2025-12-21
INV-01501,C-1069,2025-12-10,269.66,2025-12-29
INV-01502,C-1069,2025-12-22,1555.46,2026-01-22
INV-01503,C-1069,2025-12-22,916.32,2026-01-24
INV-01504,C-1069,2026-01-22,768.31,2026-02-21
INV-01505,C-1069,2026-01-28,111.58,2026-02-23
INV-01506,C-1069,2026-01-29,1224.92,2026-02-25
INV-01507,C-1069,2026-02-02,1323.60,2026-03-20
INV-01508,C-1069,2026-02-03,2236.67,2026-03-05
INV-01509,C-1069,2026-02-03,50.00,2026-03-16
INV-01510,C-1069,2026-02-12,1142.38,2026-03-11
INV-01511,C-1069,2026-02-15,710.66,2026-03-16
INV-01512,C-1069,2026-02-19,1256.64,2026-03-24
INV-01513,C-1069,2026-02-25,50.00,2026-03-19
INV-01514,C-1069,2026-03-15,704.77,
INV-01515,C-1069,2026-03-27,1562.99,
INV-01516,C-1070,2025-01-23,2472.25,2025-03-03
INV-01517,C-1070,2025-01-26,797.84,2025-03-01
INV-01518,C-1070,2025-02-23,2707.56,2025-04-03
INV-01519,C-1070,2025-02-26,3360.93,2025-04-05
INV-01520,C-1070,2025-02-28,2532.75,2025-03-21
INV-01521,C-1070,2025-03-06,1666.87,2025-04-02
INV-01522,C-1070,2025-03-12,3142.78,2025-04-11
INV-01523,C-1070,2025-03-13,791.63,2025-04-03
INV-01524,C-1070,2025-03-14,2617.62,2025-04-01
INV-01525,C-1070,2025-03-22,1597.51,2025-04-22
INV-01526,C-1070,2025-04-05,2462.01,2025-05-20
INV-01527,C-1070,2025-04-20,2460.29,2025-05-20
INV-01528,C-1070,2025-04-25,2109.07,2025-06-09
INV-01529,C-1070,2025-05-05,2663.03,2025-05-22
INV-01530,C-1070,2025-05-16,2360.31,2025-06-20
INV-01531,C-1070,2025-06-01,2815.79,2025-07-08
INV-01532,C-1070,2025-06-03,1814.11,2025-07-09
INV-01533,C-1070,2025-07-19,2822.70,2025-08-29
INV-01534,C-1070,2025-07-19,2100.98,2025-08-30
INV-01535,C-1070,2025-07-24,3106.25,2025-08-29
INV-01536,C-1070,2025-07-31,2192.38,2025-08-31
INV-01537,C-1070,2025-08-07,2519.31,2025-09-15
INV-01538,C-1070,2025-08-27,1469.16,2025-10-08
INV-01539,C-1070,2025-09-06,3354.61,2025-10-07
INV-01540,C-1070,2025-09-08,2537.87,2025-09-24
INV-01541,C-1070,2025-11-06,2446.38,2025-12-14
INV-01542,C-1070,2025-11-07,2871.40,2025-12-11
INV-01543,C-1070,2025-11-12,1793.74,2025-12-16
INV-01544,C-1070,2025-11-15,2803.96,2025-12-13
INV-01545,C-1070,2025-11-23,1435.77,2025-12-23
INV-01546,C-1070,2025-11-29,2857.52,2025-12-18
INV-01547,C-1070,2025-12-02,50.00,2026-01-28
INV-01548,C-1070,2025-12-02,2970.24,2026-01-05
INV-01549,C-1070,2025-12-07,2569.90,
INV-01550,C-1070,2025-12-25,2166.56,2026-01-31
INV-01551,C-1070,2026-01-08,2019.06,2026-02-11
INV-01552,C-1070,2026-01-18,1990.95,2026-02-26
INV-01553,C-1070,2026-01-20,1183.38,2026-03-04
INV-01554,C-1070,2026-03-04,1887.09,2026-03-29
INV-01555,C-1070,2026-03-27,1800.84,
INV-01556,C-1071,2025-01-12,1656.18,2025-02-17
INV-01557,C-1071,2025-01-23,2157.07,2025-03-08
INV-01558,C-1071,2025-02-01,1367.78,2025-03-13
INV-01559,C-1071,2025-02-18,1116.87,2025-04-06
INV-01560,C-1071,2025-03-31,1436.16,2025-04-25
INV-01561,C-1071,2025-04-04,2893.06,2025-05-01
INV-01562,C-1071,2025-04-28,2005.60,2025-06-13
INV-01563,C-1071,2025-06-18,1168.93,2025-08-01
INV-01564,C-1071,2025-06-26,3347.93,2025-08-04
INV-01565,C-1071,2025-06-26,827.90,2025-08-11
INV-01566,C-1071,2025-07-02,2672.60,2025-08-06
INV-01567,C-1071,2025-07-03,1563.37,2025-08-09
INV-01568,C-1071,2025-07-06,652.83,2025-07-24
INV-01569,C-1071,2025-08-01,1298.14,2026-01-23
INV-01570,C-1071,2025-08-09,1460.02,2025-09-07
INV-01571,C-1071,2025-08-13,1184.81,2025-09-16
INV-01572,C-1071,2025-08-15,1413.33,2025-09-11
INV-01573,C-1071,2025-08-20,1730.59,2025-09-26
INV-01574,C-1071,2025-09-27,1231.04,2025-10-27
INV-01575,C-1071,2025-10-04,1489.09,2025-11-02
INV-01576,C-1071,2025-11-19,1553.41,2025-12-23
INV-01577,C-1071,2025-12-11,1077.10,2026-01-17
INV-01578,C-1071,2026-02-06,1261.29,2026-03-19
INV-01579,C-1071,2026-02-14,1836.73,2026-03-14
INV-01580,C-1071,2026-03-14,2529.24,
INV-01581,C-1072,2025-01-27,1594.71,2025-03-06
INV-01582,C-1072,2025-02-07,1132.23,2025-03-13
INV-01583,C-1072,2025-02-12,2284.73,2025-03-23
INV-01584,C-1072,2025-02-16,1686.79,2025-03-14
INV-01585,C-1072,2025-03-25,1484.92,2025-04-24
INV-01586,C-1072,2025-03-26,2564.16,
INV-01587,C-1072,2025-04-01,1418.64,
INV-01588,C-1072,2025-04-06,1171.06,2025-04-30
INV-01589,C-1072,2025-04-10,871.78,2025-05-14
INV-01590,C-1072,2025-05-16,2191.01,2025-06-16
INV-01591,C-1072,2025-05-18,1804.28,2025-06-16
INV-01592,C-1072,2025-05-18,1117.51,2025-07-01
INV-01593,C-1072,2025-06-08,1617.96,2025-07-07
INV-01594,C-1072,2025-06-10,1013.38,2025-07-15
INV-01595,C-1072,2025-06-10,1752.61,
INV-01596,C-1072,2025-06-11,1698.25,
INV-01597,C-1072,2025-06-20,2010.51,2025-07-22
INV-01598,C-1072,2025-06-28,2707.55,2025-07-31
INV-01599,C-1072,2025-06-29,1181.82,
INV-01600,C-1072,2025-07-02,1596.68,2025-07-26
INV-01601,C-1072,2025-07-14,2387.22,2025-08-12
INV-01602,C-1072,2025-08-06,640.04,
INV-01603,C-1072,2025-08-22,1184.48,2025-09-18
INV-01604,C-1072,2025-09-18,1119.99,2025-10-19
INV-01605,C-1072,2025-09-25,1393.78,
INV-01606,C-1072,2025-09-25,843.36,2025-11-02
INV-01607,C-1072,2025-10-23,841.11,2025-12-02
INV-01608,C-1072,2025-11-07,3130.12,2025-12-12
INV-01609,C-1072,2025-11-11,819.81,2025-12-13
INV-01610,C-1072,2025-11-15,751.07,2025-12-10
INV-01611,C-1072,2025-11-20,758.50,2025-12-28
INV-01612,C-1072,2025-11-23,2553.45,2025-12-28
INV-01613,C-1072,2025-11-25,1799.79,2025-12-12
INV-01614,C-1072,2025-12-18,1400.20,2026-01-29
INV-01615,C-1072,2025-12-27,696.97,2026-02-03
INV-01616,C-1072,2026-02-04,239.68,2026-03-05
INV-01617,C-1072,2026-02-21,1795.89,2026-03-18
INV-01618,C-1072,2026-02-25,998.20,2026-03-17
INV-01619,C-1072,2026-03-11,2087.81,
INV-01620,C-1072,2026-03-27,831.53,
INV-01621,C-1073,2025-01-13,999.12,2025-03-08
INV-01622,C-1073,2025-01-14,217.81,2025-03-10
INV-01623,C-1073,2025-01-19,50.00,2025-03-07
INV-01624,C-1073,2025-01-19,710.77,2025-03-19
INV-01625,C-1073,2025-01-19,1145.35,2025-03-30
INV-01626,C-1073,2025-01-22,1328.38,2025-03-16
INV-01627,C-1073,2025-01-26,2399.97,2025-03-24
INV-01628,C-1073,2025-01-28,1594.03,2025-03-21
INV-01629,C-1073,2025-01-28,1023.37,2025-03-22
INV-01630,C-1073,2025-02-07,2115.44,2025-03-27
INV-01631,C-1073,2025-03-19,1514.09,2025-05-15
INV-01632,C-1073,2025-04-04,50.00,2025-05-14
INV-01633,C-1073,2025-04-30,1822.79,2025-06-16
INV-01634,C-1073,2025-05-19,1060.79,2025-07-14
INV-01635,C-1073,2025-05-29,1072.07,2025-08-01
INV-01636,C-1073,2025-06-23,1252.63,2025-08-06
INV-01637,C-1073,2025-07-04,741.13,2025-09-07
INV-01638,C-1073,2025-07-07,2207.44,2025-08-24
INV-01639,C-1073,2025-07-22,231.79,2025-09-26
INV-01640,C-1073,2025-07-23,528.15,2025-09-17
INV-01641,C-1073,2025-07-29,2540.01,2025-09-17
INV-01642,C-1073,2025-08-03,267.95,2025-09-19
INV-01643,C-1073,2025-08-17,1390.12,2025-10-10
INV-01644,C-1073,2025-08-28,323.15,2025-10-31
INV-01645,C-1073,2025-09-24,1690.73,2025-11-24
INV-01646,C-1073,2025-10-25,612.91,
INV-01647,C-1073,2025-10-25,265.53,2025-12-17
INV-01648,C-1073,2025-11-15,50.00,2026-01-02
INV-01649,C-1073,2025-11-22,1132.84,2026-01-27
INV-01650,C-1073,2025-12-14,50.00,2026-01-21
INV-01651,C-1073,2025-12-16,2170.31,2026-02-06
INV-01652,C-1073,2025-12-24,1421.35,2026-02-28
INV-01653,C-1073,2026-01-09,63.00,2026-03-01
INV-01654,C-1073,2026-01-11,1810.71,2026-03-17
INV-01655,C-1073,2026-01-23,1788.42,2026-03-24
INV-01656,C-1073,2026-01-25,700.73,
INV-01657,C-1073,2026-02-11,451.07,2026-03-30
INV-01658,C-1073,2026-02-24,147.73,
INV-01659,C-1073,2026-03-01,556.57,2026-03-31
INV-01660,C-1073,2026-03-31,1156.47,
INV-01661,C-1074,2025-01-13,767.81,2025-02-05
INV-01662,C-1074,2025-01-31,730.77,2025-02-24
INV-01663,C-1074,2025-02-13,219.00,2025-03-26
INV-01664,C-1074,2025-04-10,1790.77,2025-05-02
INV-01665,C-1074,2025-04-13,771.32,2025-05-08
INV-01666,C-1074,2025-04-15,628.81,2025-05-12
INV-01667,C-1074,2025-05-08,317.22,2025-06-06
INV-01668,C-1074,2025-05-24,403.91,2025-07-07
INV-01669,C-1074,2025-06-02,50.00,2025-07-02
INV-01670,C-1074,2025-06-23,973.33,2025-07-27
INV-01671,C-1074,2025-07-30,1250.04,2025-08-02
INV-01672,C-1074,2025-08-02,1677.45,2025-08-27
INV-01673,C-1074,2025-08-08,1683.46,2025-09-09
INV-01674,C-1074,2025-09-16,1314.90,2025-10-31
INV-01675,C-1074,2025-10-02,355.36,2025-10-31
INV-01676,C-1074,2025-10-11,724.84,2025-11-21
INV-01677,C-1074,2025-10-23,620.14,2025-11-29
INV-01678,C-1074,2025-10-27,1106.23,2025-11-24
INV-01679,C-1074,2025-10-28,528.25,2025-11-10
INV-01680,C-1074,2025-11-11,1538.95,2025-12-13
INV-01681,C-1074,2025-11-30,745.73,2025-12-21
INV-01682,C-1074,2026-01-01,737.55,2026-01-12
INV-01683,C-1074,2026-02-05,627.72,2026-03-07
INV-01684,C-1074,2026-03-04,204.67,
INV-01685,C-1074,2026-03-20,1052.26,
INV-01686,C-1075,2025-01-10,2513.89,2025-01-25
INV-01687,C-1075,2025-01-20,1950.72,2025-02-16
INV-01688,C-1075,2025-01-25,1976.23,2025-02-04
INV-01689,C-1075,2025-02-09,1200.16,2025-03-08
INV-01690,C-1075,2025-02-11,1394.49,2025-03-06
INV-01691,C-1075,2025-04-28,1261.75,2025-05-18
INV-01692,C-1075,2025-04-29,848.82,2025-06-03
INV-01693,C-1075,2025-05-07,1902.09,2025-06-15
INV-01694,C-1075,2025-05-09,2010.23,2025-06-03
INV-01695,C-1075,2025-05-28,2655.40,2025-06-15
INV-01696,C-1075,2025-06-09,2856.59,2025-07-17
INV-01697,C-1075,2025-09-24,1645.99,2025-10-26
INV-01698,C-1075,2025-10-06,3138.66,2025-11-01
INV-01699,C-1075,2025-10-15,2717.80,2025-11-25
INV-01700,C-1075,2025-10-18,1841.87,2025-11-23
INV-01701,C-1075,2025-11-03,3469.13,2025-11-25
INV-01702,C-1075,2025-12-04,2773.18,2026-01-03
INV-01703,C-1075,2025-12-27,2440.83,2026-01-28
INV-01704,C-1075,2026-01-06,1338.01,2026-02-13
INV-01705,C-1075,2026-01-09,1324.62,2026-01-16
INV-01706,C-1075,2026-01-17,2005.05,2026-02-18
INV-01707,C-1075,2026-02-02,2182.22,2026-02-21
INV-01708,C-1075,2026-02-09,2648.83,2026-03-18
INV-01709,C-1075,2026-02-15,2170.63,
INV-01710,C-1075,2026-02-25,2011.14,2026-03-28
INV-01711,C-1076,2025-01-03,2281.82,2025-01-31
INV-01712,C-1076,2025-01-27,1529.91,2025-03-14
INV-01713,C-1076,2025-02-07,1479.07,2025-03-16
INV-01714,C-1076,2025-02-14,1535.47,2025-03-03
INV-01715,C-1076,2025-02-22,676.15,2025-03-17
INV-01716,C-1076,2025-02-25,2316.22,2025-03-28
INV-01717,C-1076,2025-02-27,1858.42,2025-03-23
INV-01718,C-1076,2025-03-03,327.77,2025-04-09
INV-01719,C-1076,2025-03-14,1046.08,2025-04-12
INV-01720,C-1076,2025-03-30,1060.68,2025-04-23
INV-01721,C-1076,2025-04-08,2478.92,2025-05-07
INV-01722,C-1076,2025-04-10,580.90,2025-05-29
INV-01723,C-1076,2025-04-11,1307.38,2025-05-05
INV-01724,C-1076,2025-05-05,2191.40,2025-06-13
INV-01725,C-1076,2025-06-01,840.92,
INV-01726,C-1076,2025-07-13,1777.01,2025-08-05
INV-01727,C-1076,2025-07-25,351.59,2025-08-15
INV-01728,C-1076,2025-08-05,612.00,2025-08-22
INV-01729,C-1076,2025-08-15,1832.35,2025-09-11
INV-01730,C-1076,2025-08-17,660.78,2025-09-16
INV-01731,C-1076,2025-09-03,2668.15,2025-10-02
INV-01732,C-1076,2025-09-05,1516.24,2025-10-10
INV-01733,C-1076,2025-09-13,915.55,2025-10-11
INV-01734,C-1076,2025-09-25,1577.05,2025-10-21
INV-01735,C-1076,2025-10-19,1823.83,2025-11-22
INV-01736,C-1076,2025-11-23,1893.70,2025-12-31
INV-01737,C-1076,2025-12-05,2190.43,2026-01-04
INV-01738,C-1076,2026-01-02,2606.29,2026-01-26
INV-01739,C-1076,2026-01-02,491.11,2026-01-31
INV-01740,C-1076,2026-01-07,460.27,2026-02-05
INV-01741,C-1076,2026-01-12,1809.82,2026-02-21
INV-01742,C-1076,2026-02-07,2420.98,2026-03-12
INV-01743,C-1077,2025-01-04,2093.48,2025-02-25
INV-01744,C-1077,2025-01-12,1690.60,2025-03-06
INV-01745,C-1077,2025-01-21,1645.20,2025-03-09
INV-01746,C-1077,2025-02-10,1640.21,2025-03-25
INV-01747,C-1077,2025-03-11,561.19,2025-05-01
INV-01748,C-1077,2025-03-23,1239.22,2025-05-01
INV-01749,C-1077,2025-04-07,1877.09,
INV-01750,C-1077,2025-04-15,1421.65,2025-05-29
INV-01751,C-1077,2025-05-16,565.48,2025-07-03
INV-01752,C-1077,2025-05-21,1375.39,2025-07-13
INV-01753,C-1077,2025-06-10,1720.02,2025-07-10
INV-01754,C-1077,2025-06-13,1085.04,2025-07-22
INV-01755,C-1077,2025-07-04,1964.03,2025-08-08
INV-01756,C-1077,2025-07-19,1060.70,2025-09-08
INV-01757,C-1077,2025-07-21,936.30,
INV-01758,C-1077,2025-08-08,426.28,2025-09-29
INV-01759,C-1077,2025-08-21,1065.73,2025-09-21
INV-01760,C-1077,2025-08-30,2375.65,2025-10-05
INV-01761,C-1077,2025-09-04,1328.15,2025-10-13
INV-01762,C-1077,2025-09-08,1453.20,2025-10-14
INV-01763,C-1077,2025-09-14,1487.65,2025-10-26
INV-01764,C-1077,2025-09-25,986.43,2025-11-15
INV-01765,C-1077,2025-10-18,50.00,2025-12-02
INV-01766,C-1077,2025-11-11,1179.09,2025-12-18
INV-01767,C-1077,2025-11-24,1728.72,2026-01-06
INV-01768,C-1077,2025-12-11,1664.48,2026-01-09
INV-01769,C-1077,2025-12-15,2391.66,2026-01-19
INV-01770,C-1077,2025-12-25,1935.15,
INV-01771,C-1077,2026-01-08,1536.25,2026-03-07
INV-01772,C-1077,2026-01-12,3490.41,2026-01-27
INV-01773,C-1077,2026-03-12,221.10,
INV-01774,C-1077,2026-03-19,934.91,
INV-01775,C-1078,2025-01-03,1256.91,2025-03-03
INV-01776,C-1078,2025-02-06,1119.85,
INV-01777,C-1078,2025-03-03,383.80,2025-04-18
INV-01778,C-1078,2025-04-08,1452.32,2025-06-06
INV-01779,C-1078,2025-04-13,1768.18,2025-05-22
INV-01780,C-1078,2025-04-17,944.78,2025-06-12
INV-01781,C-1078,2025-05-15,1189.42,2025-07-13
INV-01782,C-1078,2025-05-19,1981.65,2025-07-28
INV-01783,C-1078,2025-06-13,3105.61,2025-07-23
INV-01784,C-1078,2025-06-29,888.36,2025-08-24
INV-01785,C-1078,2025-07-13,717.21,2025-09-24
INV-01786,C-1078,2025-07-17,623.88,2025-09-14
INV-01787,C-1078,2025-07-20,398.61,2025-09-08
INV-01788,C-1078,2025-07-30,1488.89,2025-09-11
INV-01789,C-1078,2025-08-07,774.49,2025-09-26
INV-01790,C-1078,2025-08-09,2091.55,2025-09-20
INV-01791,C-1078,2025-08-21,1692.89,2025-10-18
INV-01792,C-1078,2025-09-06,1717.20,2025-11-07
INV-01793,C-1078,2025-09-11,2021.65,
INV-01794,C-1078,2025-10-06,1412.92,2025-11-28
INV-01795,C-1078,2025-10-27,2336.46,
INV-01796,C-1078,2025-11-17,1501.34,2026-01-04
INV-01797,C-1078,2025-11-25,2049.49,
INV-01798,C-1078,2025-12-01,2029.61,2026-01-28
INV-01799,C-1078,2025-12-09,2417.26,2026-02-05
INV-01800,C-1078,2025-12-10,1193.81,
INV-01801,C-1078,2026-01-04,472.00,
INV-01802,C-1078,2026-01-22,1600.00,2026-03-10
INV-01803,C-1078,2026-01-24,1823.21,2026-03-21
INV-01804,C-1078,2026-02-06,1402.15,2026-03-29
INV-01805,C-1078,2026-02-26,1007.91,
INV-01806,C-1078,2026-03-11,1587.14,
INV-01807,C-1079,2025-01-07,249.81,2025-02-12
INV-01808,C-1079,2025-01-31,1061.90,2025-03-03
INV-01809,C-1079,2025-03-14,972.87,2025-04-26
INV-01810,C-1079,2025-03-14,447.73,2025-04-23
INV-01811,C-1079,2025-04-17,805.12,2025-05-28
INV-01812,C-1079,2025-04-28,1275.82,2025-06-12
INV-01813,C-1079,2025-05-22,1112.22,2025-06-21
INV-01814,C-1079,2025-07-30,314.31,2025-08-29
INV-01815,C-1079,2025-08-12,856.69,2025-09-06
INV-01816,C-1079,2025-08-24,112.57,2025-10-02
INV-01817,C-1079,2025-09-22,530.30,2025-10-24
INV-01818,C-1079,2025-10-29,1263.32,2025-11-20
INV-01819,C-1079,2025-11-02,825.82,2025-12-16
INV-01820,C-1079,2025-11-04,2041.41,2025-11-28
INV-01821,C-1079,2025-11-04,744.86,2025-12-08
INV-01822,C-1079,2025-11-12,689.48,2025-12-15
INV-01823,C-1079,2025-11-14,872.39,2025-12-16
INV-01824,C-1079,2025-12-07,1603.81,2026-01-16
INV-01825,C-1079,2025-12-26,50.00,2026-01-24
INV-01826,C-1079,2025-12-27,838.28,2026-02-18
INV-01827,C-1079,2026-01-31,86.61,2026-03-14
INV-01828,C-1079,2026-02-04,1092.20,2026-03-09
INV-01829,C-1079,2026-02-26,1514.05,2026-03-09
INV-01830,C-1079,2026-03-04,1281.39,
INV-01831,C-1079,2026-03-08,1180.44,
INV-01832,C-1080,2025-01-06,802.33,2025-01-09
INV-01833,C-1080,2025-01-11,50.00,2025-02-10
INV-01834,C-1080,2025-02-25,1739.38,2025-03-20
INV-01835,C-1080,2025-03-10,2045.83,
INV-01836,C-1080,2025-03-12,1351.72,2025-03-31
INV-01837,C-1080,2025-04-24,169.93,2025-05-19
INV-01838,C-1080,2025-05-04,423.73,2025-06-03
INV-01839,C-1080,2025-05-07,1429.20,2025-06-02
INV-01840,C-1080,2025-05-24,203.94,2025-06-20
INV-01841,C-1080,2025-06-04,1507.88,2025-06-25
INV-01842,C-1080,2025-06-18,579.36,2025-07-09
INV-01843,C-1080,2025-07-16,2629.87,
INV-01844,C-1080,2025-07-16,1703.82,2025-08-17
INV-01845,C-1080,2025-08-08,944.91,2025-09-02
INV-01846,C-1080,2025-08-08,236.52,2025-09-23
INV-01847,C-1080,2025-08-17,617.82,2025-09-12
INV-01848,C-1080,2025-08-22,1012.96,2025-09-29
INV-01849,C-1080,2025-08-27,960.66,2025-09-16
INV-01850,C-1080,2025-09-08,226.65,2025-09-21
INV-01851,C-1080,2025-10-02,933.52,2025-10-26
INV-01852,C-1080,2025-10-06,907.62,2025-11-05
INV-01853,C-1080,2025-10-17,1543.14,2025-11-18
INV-01854,C-1080,2025-10-24,1649.48,2025-12-04
INV-01855,C-1080,2025-11-25,1184.10,2025-12-15
INV-01856,C-1080,2025-11-28,332.20,2025-12-29
INV-01857,C-1080,2026-01-28,1514.97,2026-03-01
INV-01858,C-1080,2026-02-12,2207.43,2026-03-13
INV-01859,C-1080,2026-02-13,1028.77,2026-03-16
INV-01860,C-1080,2026-02-21,203.13,2026-03-15
INV-01861,C-1080,2026-02-21,1771.71,2026-03-03
INV-01862,C-1080,2026-03-21,1407.10,
INV-01863,C-1080,2026-03-31,2027.89,
INV-01864,C-1081,2025-01-06,765.73,2025-01-20
INV-01865,C-1081,2025-01-17,93.07,2025-01-21
INV-01866,C-1081,2025-01-28,617.23,2025-03-08
INV-01867,C-1081,2025-01-31,1242.15,2025-02-21
INV-01868,C-1081,2025-02-10,1694.70,2025-03-17
INV-01869,C-1081,2025-02-27,1154.47,2025-03-24
INV-01870,C-1081,2025-03-01,751.98,2025-04-06
INV-01871,C-1081,2025-03-24,1190.65,
INV-01872,C-1081,2025-04-11,1254.99,2025-05-31
INV-01873,C-1081,2025-04-21,1969.58,
INV-01874,C-1081,2025-06-05,2058.53,2025-07-21
INV-01875,C-1081,2025-06-15,1112.46,2025-07-13
INV-01876,C-1081,2025-06-19,1726.14,2025-07-22
INV-01877,C-1081,2025-06-20,902.01,2025-07-19
INV-01878,C-1081,2025-07-08,590.47,2025-07-20
INV-01879,C-1081,2025-07-12,270.32,2025-08-17
INV-01880,C-1081,2025-08-14,2294.77,2025-09-08
INV-01881,C-1081,2025-08-22,1827.67,
INV-01882,C-1081,2025-10-05,1388.18,2025-10-31
INV-01883,C-1081,2025-11-16,50.00,2025-12-17
INV-01884,C-1081,2026-01-03,1586.47,2026-01-21
INV-01885,C-1081,2026-01-23,352.80,2026-03-04
INV-01886,C-1081,2026-01-25,392.12,2026-03-08
INV-01887,C-1081,2026-02-21,117.90,2026-03-25
INV-01888,C-1081,2026-03-30,1931.74,
INV-01889,C-1082,2025-01-19,2454.41,2025-02-18
INV-01890,C-1082,2025-03-07,1213.35,2025-04-16
INV-01891,C-1082,2025-03-11,936.14,2025-05-02
INV-01892,C-1082,2025-06-15,1704.74,2025-07-27
INV-01893,C-1082,2025-06-18,1974.77,
INV-01894,C-1082,2025-07-29,3027.18,2025-09-06
INV-01895,C-1082,2025-08-28,2112.36,2025-09-25
INV-01896,C-1082,2025-09-18,2368.30,2025-09-24
INV-01897,C-1082,2025-10-28,1691.77,2025-11-15
INV-01898,C-1082,2025-10-31,1512.39,2025-11-28
INV-01899,C-1082,2025-11-07,1742.63,2025-12-23
INV-01900,C-1082,2025-11-09,1896.99,2026-01-03
INV-01901,C-1082,2025-11-19,3008.58,2025-12-11
INV-01902,C-1082,2025-12-03,1577.45,2026-01-05
INV-01903,C-1082,2025-12-08,1906.64,2026-01-15
INV-01904,C-1082,2025-12-09,3249.26,2026-01-17
INV-01905,C-1082,2025-12-27,2821.83,2026-02-02
INV-01906,C-1082,2026-02-06,1683.95,2026-03-04
INV-01907,C-1082,2026-02-07,1096.20,2026-03-07
INV-01908,C-1082,2026-02-24,2773.62,2026-03-13
INV-01909,C-1082,2026-03-04,3216.24,
INV-01910,C-1082,2026-03-09,1371.25,
INV-01911,C-1082,2026-03-23,2570.94,
INV-01912,C-1082,2026-03-27,3375.01,
INV-01913,C-1082,2026-03-31,3945.09,
INV-01914,C-1083,2025-01-06,607.58,2025-01-30
INV-01915,C-1083,2025-01-06,1702.62,2025-01-26
INV-01916,C-1083,2025-01-07,1664.12,2025-02-08
INV-01917,C-1083,2025-03-02,732.97,2025-04-17
INV-01918,C-1083,2025-03-26,899.95,2025-04-08
INV-01919,C-1083,2025-05-02,906.20,2025-06-01
INV-01920,C-1083,2025-05-08,50.00,2025-06-01
INV-01921,C-1083,2025-05-12,1248.99,2025-06-17
INV-01922,C-1083,2025-06-19,1085.67,2025-07-10
INV-01923,C-1083,2025-07-02,1183.71,2025-08-09
INV-01924,C-1083,2025-07-04,595.17,2025-07-25
INV-01925,C-1083,2025-07-11,630.25,2025-08-13
INV-01926,C-1083,2025-07-22,938.77,2025-08-07
INV-01927,C-1083,2025-08-18,50.00,2025-09-27
INV-01928,C-1083,2025-08-28,880.95,2025-10-11
INV-01929,C-1083,2025-08-28,936.34,2025-10-05
INV-01930,C-1083,2025-09-07,1402.59,2025-09-27
INV-01931,C-1083,2025-09-17,449.41,2025-10-06
INV-01932,C-1083,2025-09-23,908.49,2025-10-19
INV-01933,C-1083,2025-11-04,1194.06,2025-11-26
INV-01934,C-1083,2025-11-06,564.46,
INV-01935,C-1083,2025-11-10,380.32,2025-12-01
INV-01936,C-1083,2025-11-14,1936.42,2025-12-07
INV-01937,C-1083,2025-11-20,780.68,2026-01-02
INV-01938,C-1083,2025-12-05,2067.33,2025-12-30
INV-01939,C-1083,2025-12-11,2015.83,2026-01-15
INV-01940,C-1083,2025-12-17,1955.73,2026-01-13
INV-01941,C-1083,2025-12-28,1735.35,2026-01-24
INV-01942,C-1083,2026-01-24,1209.96,2026-02-17
INV-01943,C-1083,2026-02-27,98.57,2026-03-25
INV-01944,C-1083,2026-03-13,1101.37,
INV-01945,C-1083,2026-03-16,1466.59,
INV-01946,C-1084,2025-03-13,819.90,2025-04-07
INV-01947,C-1084,2025-04-13,50.00,2025-05-04
INV-01948,C-1084,2025-05-18,2357.26,2025-06-07
INV-01949,C-1084,2025-07-07,724.86,2025-08-05
INV-01950,C-1084,2025-07-09,50.00,2025-08-05
INV-01951,C-1084,2025-07-21,884.79,2025-08-25
INV-01952,C-1084,2025-08-11,913.01,2025-09-14
INV-01953,C-1084,2025-09-30,2415.55,2025-10-21
INV-01954,C-1084,2025-10-02,1116.84,2025-11-01
INV-01955,C-1084,2025-10-12,912.19,2025-11-27
INV-01956,C-1084,2025-10-25,50.00,2025-11-24
INV-01957,C-1084,2025-11-07,1298.82,2025-11-28
INV-01958,C-1084,2025-11-09,892.51,2025-12-17
INV-01959,C-1084,2025-11-22,1427.01,2025-12-20
INV-01960,C-1084,2025-11-24,1337.44,2025-12-30
INV-01961,C-1084,2026-01-04,873.68,2026-01-31
INV-01962,C-1084,2026-01-18,1100.14,2026-02-28
INV-01963,C-1084,2026-01-24,731.79,
INV-01964,C-1084,2026-01-29,894.38,2026-02-24
INV-01965,C-1084,2026-02-03,2208.14,2026-03-12
INV-01966,C-1084,2026-02-05,1035.03,2026-03-15
INV-01967,C-1084,2026-02-10,869.73,2026-03-09
INV-01968,C-1084,2026-02-19,767.70,2026-03-25
INV-01969,C-1084,2026-03-17,583.25,
INV-01970,C-1084,2026-03-23,1847.70,
INV-01971,C-1085,2025-01-17,509.52,2025-02-19
INV-01972,C-1085,2025-01-19,976.66,2025-02-21
INV-01973,C-1085,2025-01-31,1754.00,2025-03-11
INV-01974,C-1085,2025-02-21,468.32,2025-03-16
INV-01975,C-1085,2025-02-27,1559.35,2025-04-04
INV-01976,C-1085,2025-03-16,900.24,2025-04-20
INV-01977,C-1085,2025-03-24,50.00,2025-04-23
INV-01978,C-1085,2025-04-03,1124.70,2025-05-17
INV-01979,C-1085,2025-05-17,889.95,2025-06-22
INV-01980,C-1085,2025-05-18,1787.90,2025-06-18
INV-01981,C-1085,2025-06-10,1578.58,2025-07-09
INV-01982,C-1085,2025-06-19,958.61,2025-07-24
INV-01983,C-1085,2025-06-22,526.56,2025-07-16
INV-01984,C-1085,2025-06-26,907.85,2025-07-26
INV-01985,C-1085,2025-06-30,50.00,2025-08-09
INV-01986,C-1085,2025-07-15,379.71,2025-08-24
INV-01987,C-1085,2025-07-23,50.00,2025-08-16
INV-01988,C-1085,2025-08-12,1547.36,2025-09-22
INV-01989,C-1085,2025-09-02,1318.52,2025-10-08
INV-01990,C-1085,2025-10-08,636.82,2025-11-10
INV-01991,C-1085,2025-10-18,170.73,2025-11-11
INV-01992,C-1085,2025-10-23,50.00,2025-11-29
INV-01993,C-1085,2025-10-26,1151.86,2025-12-04
INV-01994,C-1085,2025-11-02,1021.92,2025-12-02
INV-01995,C-1085,2025-11-07,609.11,2025-12-15
INV-01996,C-1085,2025-12-10,90.20,2026-01-29
INV-01997,C-1085,2025-12-11,1424.15,2026-01-09
INV-01998,C-1085,2025-12-12,461.87,2026-01-18
INV-01999,C-1085,2025-12-14,1181.91,2026-01-22
INV-02000,C-1085,2025-12-19,1557.64,2026-01-23
INV-02001,C-1085,2025-12-19,1076.79,2026-01-25
INV-02002,C-1085,2026-01-13,1072.49,2026-02-07
INV-02003,C-1085,2026-01-20,1000.62,2026-02-20
INV-02004,C-1085,2026-02-03,867.05,
INV-02005,C-1085,2026-02-12,50.00,2026-03-08
INV-02006,C-1085,2026-02-23,984.39,2026-03-18
INV-02007,C-1085,2026-03-07,390.11,
INV-02008,C-1085,2026-03-10,1565.14,
INV-02009,C-1085,2026-03-19,592.71,
INV-02010,C-1085,2026-03-25,366.94,
INV-02011,C-1086,2025-01-15,1364.81,2025-02-23
INV-02012,C-1086,2025-01-19,1503.06,2025-03-30
INV-02013,C-1086,2025-01-30,1053.97,
INV-02014,C-1086,2025-02-15,1636.14,2025-04-26
INV-02015,C-1086,2025-02-19,1698.35,2025-04-15
INV-02016,C-1086,2025-03-03,2639.33,
INV-02017,C-1086,2025-03-18,2673.76,2025-05-06
INV-02018,C-1086,2025-03-18,2901.96,2025-05-16
INV-02019,C-1086,2025-03-18,3397.47,
INV-02020,C-1086,2025-04-01,1863.39,2025-05-28
INV-02021,C-1086,2025-04-16,1814.91,2025-06-21
INV-02022,C-1086,2025-04-16,1733.27,2025-06-12
INV-02023,C-1086,2025-05-04,1451.51,2025-06-20
INV-02024,C-1086,2025-05-08,1819.03,2025-06-26
INV-02025,C-1086,2025-06-07,1827.87,2025-07-28
INV-02026,C-1086,2025-07-16,1844.39,
INV-02027,C-1086,2025-08-01,1541.12,2025-09-29
INV-02028,C-1086,2025-08-03,2443.79,2025-09-29
INV-02029,C-1086,2025-08-08,833.60,
INV-02030,C-1086,2025-08-08,1874.36,2025-10-02
INV-02031,C-1086,2025-08-30,2107.18,2025-10-25
INV-02032,C-1086,2025-09-06,2871.36,2025-10-16
INV-02033,C-1086,2025-09-17,2211.31,2025-11-25
INV-02034,C-1086,2025-09-25,1356.40,2025-11-18
INV-02035,C-1086,2025-09-30,1764.39,2025-11-22
INV-02036,C-1086,2025-10-09,1942.02,2025-12-12
INV-02037,C-1086,2025-11-28,1919.43,2026-02-10
INV-02038,C-1086,2025-12-03,3355.17,2026-01-27
INV-02039,C-1086,2025-12-08,2722.89,2026-02-13
INV-02040,C-1086,2025-12-12,3275.85,2026-01-29
INV-02041,C-1086,2025-12-16,1873.13,2026-02-09
INV-02042,C-1086,2025-12-17,1574.55,2026-02-10
INV-02043,C-1086,2025-12-17,3059.43,2026-02-14
INV-02044,C-1086,2025-12-19,2724.19,
INV-02045,C-1086,2025-12-22,2821.78,2026-02-23
INV-02046,C-1086,2026-01-12,2270.44,
INV-02047,C-1086,2026-01-15,2786.45,2026-03-06
INV-02048,C-1086,2026-01-30,2759.24,
INV-02049,C-1086,2026-02-23,2131.55,
INV-02050,C-1086,2026-03-20,3672.19,
INV-02051,C-1087,2025-01-25,1613.28,2025-03-05
INV-02052,C-1087,2025-01-29,723.03,2025-03-19
INV-02053,C-1087,2025-02-23,905.34,2025-04-04
INV-02054,C-1087,2025-03-11,50.00,2025-04-12
INV-02055,C-1087,2025-04-23,161.69,2025-05-27
INV-02056,C-1087,2025-04-30,451.56,2025-06-13
INV-02057,C-1087,2025-05-23,572.57,2025-06-23
INV-02058,C-1087,2025-06-12,853.43,2025-07-17
INV-02059,C-1087,2025-06-24,50.00,2025-07-31
INV-02060,C-1087,2025-07-17,885.74,2025-08-15
INV-02061,C-1087,2025-09-22,50.00,2025-11-08
INV-02062,C-1087,2025-09-30,1622.73,
INV-02063,C-1087,2025-10-23,1676.36,
INV-02064,C-1087,2025-11-22,50.00,2025-12-31
INV-02065,C-1087,2025-12-22,2015.92,2026-01-28
INV-02066,C-1087,2025-12-23,1321.38,2026-02-14
INV-02067,C-1087,2026-01-06,50.00,2026-02-17
INV-02068,C-1087,2026-01-08,717.72,2026-02-07
INV-02069,C-1087,2026-01-22,50.00,2026-02-22
INV-02070,C-1087,2026-02-08,115.39,2026-03-16
INV-02071,C-1087,2026-02-16,1234.66,2026-03-31
INV-02072,C-1087,2026-03-03,50.00,
INV-02073,C-1087,2026-03-27,50.00,
INV-02074,C-1087,2026-03-28,936.87,
INV-02075,C-1087,2026-03-30,573.79,
INV-02076,C-1088,2025-01-04,2280.50,2025-02-03
INV-02077,C-1088,2025-01-11,3116.53,
INV-02078,C-1088,2025-02-07,2172.92,
INV-02079,C-1088,2025-02-08,1291.19,2025-03-17
INV-02080,C-1088,2025-02-21,862.33,2025-04-01
INV-02081,C-1088,2025-02-26,1274.00,2025-04-11
INV-02082,C-1088,2025-03-10,2543.95,2025-04-12
INV-02083,C-1088,2025-04-17,1721.07,
INV-02084,C-1088,2025-04-21,2107.16,2026-01-29
INV-02085,C-1088,2025-04-26,2199.98,2025-06-18
INV-02086,C-1088,2025-05-21,1019.53,2025-06-25
INV-02087,C-1088,2025-06-08,945.59,2025-08-08
INV-02088,C-1088,2025-06-13,698.37,2025-07-16
INV-02089,C-1088,2025-06-20,1439.88,2025-08-17
INV-02090,C-1088,2025-06-20,1981.84,2025-08-04
INV-02091,C-1088,2025-06-21,327.01,2025-08-11
INV-02092,C-1088,2025-07-05,1600.54,2025-08-08
INV-02093,C-1088,2025-08-04,1924.61,2025-09-20
INV-02094,C-1088,2025-09-08,1872.99,2025-10-15
INV-02095,C-1088,2025-09-15,666.81,2025-10-27
INV-02096,C-1088,2025-09-20,2012.73,2025-10-29
INV-02097,C-1088,2025-09-23,1369.75,2025-10-23
INV-02098,C-1088,2025-11-26,2114.17,2026-01-08
INV-02099,C-1088,2025-12-06,1130.28,2026-01-21
INV-02100,C-1088,2025-12-29,1343.30,2026-02-11
INV-02101,C-1088,2026-01-04,1241.41,2026-02-11
INV-02102,C-1088,2026-01-25,1101.91,2026-03-01
INV-02103,C-1088,2026-02-03,2598.55,2026-03-05
INV-02104,C-1088,2026-02-16,2501.02,
INV-02105,C-1088,2026-03-03,445.67,
INV-02106,C-1088,2026-03-10,2358.46,
INV-02107,C-1088,2026-03-25,215.92,
INV-02108,C-1089,2025-01-30,2056.99,2025-02-18
INV-02109,C-1089,2025-02-08,2859.00,2025-02-21
INV-02110,C-1089,2025-04-13,2362.65,2025-05-10
INV-02111,C-1089,2025-04-15,2617.52,2025-05-14
INV-02112,C-1089,2025-04-18,3216.97,2025-05-19
INV-02113,C-1089,2025-05-04,1306.21,2025-06-10
INV-02114,C-1089,2025-05-22,2091.98,2025-06-25
INV-02115,C-1089,2025-07-06,2392.49,2025-08-07
INV-02116,C-1089,2025-07-14,2102.82,2025-08-09
INV-02117,C-1089,2025-07-27,2042.66,2025-08-11
INV-02118,C-1089,2025-08-06,2217.80,2025-08-19
INV-02119,C-1089,2025-08-21,2573.83,2025-09-19
INV-02120,C-1089,2025-09-11,3781.33,2025-09-25
INV-02121,C-1089,2025-09-11,1790.24,2025-10-05
INV-02122,C-1089,2025-09-30,1801.52,2025-10-25
INV-02123,C-1089,2025-10-03,3123.91,2025-10-30
INV-02124,C-1089,2025-10-08,1595.62,2025-11-07
INV-02125,C-1089,2025-10-23,2972.17,2025-11-29
INV-02126,C-1089,2025-10-23,1825.26,2025-11-01
INV-02127,C-1089,2025-10-27,2562.50,2025-11-24
INV-02128,C-1089,2025-11-03,510.01,2025-12-19
INV-02129,C-1089,2025-11-04,1539.80,2025-11-30
INV-02130,C-1089,2025-11-25,1167.43,2025-12-18
INV-02131,C-1089,2025-12-15,2748.00,
INV-02132,C-1089,2025-12-16,2674.60,2026-01-17
INV-02133,C-1089,2025-12-22,634.19,2026-01-08
INV-02134,C-1089,2026-02-06,2782.27,2026-03-08
INV-02135,C-1089,2026-02-22,2553.03,2026-03-24
INV-02136,C-1089,2026-02-24,2545.54,2026-03-24
INV-02137,C-1089,2026-03-09,1438.11,
INV-02138,C-1089,2026-03-21,1801.35,
INV-02139,C-1089,2026-03-25,2855.93,
INV-02140,C-1090,2025-01-09,530.50,2025-02-05
INV-02141,C-1090,2025-01-24,1430.46,2025-02-28
INV-02142,C-1090,2025-01-24,50.00,2025-02-17
INV-02143,C-1090,2025-02-12,862.19,2025-03-19
INV-02144,C-1090,2025-02-12,1652.06,
INV-02145,C-1090,2025-02-25,1395.84,2025-03-19
INV-02146,C-1090,2025-02-27,1257.50,2025-03-25
INV-02147,C-1090,2025-03-01,1579.83,2025-03-29
INV-02148,C-1090,2025-04-15,50.00,2025-05-19
INV-02149,C-1090,2025-04-16,821.58,2025-05-06
INV-02150,C-1090,2025-05-27,822.12,2025-07-12
INV-02151,C-1090,2025-06-15,1369.31,2025-07-24
INV-02152,C-1090,2025-06-16,1505.11,2025-07-16
INV-02153,C-1090,2025-07-12,854.14,2025-08-08
INV-02154,C-1090,2025-07-27,665.69,2025-08-18
INV-02155,C-1090,2025-08-09,2213.24,2025-08-30
INV-02156,C-1090,2025-08-23,855.66,2025-09-23
INV-02157,C-1090,2025-10-05,50.00,2025-10-31
INV-02158,C-1090,2025-10-10,1020.91,2025-11-09
INV-02159,C-1090,2025-10-16,1998.70,2025-11-19
INV-02160,C-1090,2026-01-19,1864.70,2026-02-09
INV-02161,C-1090,2026-02-14,612.59,2026-03-08
INV-02162,C-1090,2026-03-07,503.20,2026-03-28
INV-02163,C-1090,2026-03-29,944.02,
INV-02164,C-1090,2026-03-31,110.71,
INV-02165,C-1091,2025-01-06,1695.08,2025-07-07
INV-02166,C-1091,2025-01-10,1060.71,2025-02-15
INV-02167,C-1091,2025-02-28,2193.53,2025-04-17
INV-02168,C-1091,2025-03-08,1041.51,2025-05-08
INV-02169,C-1091,2025-03-28,2416.89,2025-05-12
INV-02170,C-1091,2025-04-04,1796.56,2025-05-16
INV-02171,C-1091,2025-04-06,62.87,2025-05-19
INV-02172,C-1091,2025-04-23,1592.90,
INV-02173,C-1091,2025-04-26,2271.05,2025-06-12
INV-02174,C-1091,2025-05-08,1142.95,2025-06-14
INV-02175,C-1091,2025-05-25,50.00,2025-07-15
INV-02176,C-1091,2025-07-12,709.50,2025-09-01
INV-02177,C-1091,2025-07-16,2889.92,2025-08-22
INV-02178,C-1091,2025-07-18,1171.85,2025-08-20
INV-02179,C-1091,2025-07-20,1412.62,2025-08-31
INV-02180,C-1091,2025-07-22,1290.62,2025-09-01
INV-02181,C-1091,2025-08-07,1851.23,2025-09-15
INV-02182,C-1091,2025-09-12,1304.66,2025-10-27
INV-02183,C-1091,2025-10-06,546.55,2025-11-22
INV-02184,C-1091,2025-11-05,1677.12,2025-12-24
INV-02185,C-1091,2025-11-07,1725.94,2025-12-20
INV-02186,C-1091,2025-12-05,2031.95,
INV-02187,C-1091,2025-12-31,2041.86,2026-02-15
INV-02188,C-1091,2026-01-08,871.65,2026-02-10
INV-02189,C-1091,2026-01-22,3149.60,2026-03-12
INV-02190,C-1092,2025-01-20,2195.88,2025-03-17
INV-02191,C-1092,2025-01-20,1712.79,2025-03-27
INV-02192,C-1092,2025-01-23,1966.14,2025-03-13
INV-02193,C-1092,2025-01-24,1357.11,2025-03-18
INV-02194,C-1092,2025-02-06,2074.42,2025-04-15
INV-02195,C-1092,2025-02-10,1929.59,2025-04-12
INV-02196,C-1092,2025-02-28,3039.90,2025-05-12
INV-02197,C-1092,2025-03-04,1783.97,2025-04-29
INV-02198,C-1092,2025-04-14,874.35,2025-06-16
INV-02199,C-1092,2025-04-19,1197.10,2025-06-12
INV-02200,C-1092,2025-05-08,1466.20,2025-06-24
INV-02201,C-1092,2025-05-26,2215.61,2025-07-05
INV-02202,C-1092,2025-05-28,2318.67,2025-07-24
INV-02203,C-1092,2025-06-07,2387.75,
INV-02204,C-1092,2025-06-21,1323.64,
INV-02205,C-1092,2025-07-20,3672.33,2025-09-10
INV-02206,C-1092,2025-07-21,1839.03,2025-09-20
INV-02207,C-1092,2025-07-23,2843.78,2025-09-22
INV-02208,C-1092,2025-08-17,1922.43,
INV-02209,C-1092,2025-09-04,2218.80,2025-10-28
INV-02210,C-1092,2025-09-28,2023.26,2025-11-24
INV-02211,C-1092,2025-10-05,1637.20,2025-12-04
INV-02212,C-1092,2025-10-15,2537.28,2025-12-13
INV-02213,C-1092,2025-10-20,1473.29,2025-12-10
INV-02214,C-1092,2025-10-26,1676.38,2025-12-13
INV-02215,C-1092,2025-11-03,1162.01,2025-12-29
INV-02216,C-1092,2025-11-15,1231.97,2026-01-05
INV-02217,C-1092,2025-11-21,3124.89,2026-01-02
INV-02218,C-1092,2025-12-03,2811.77,2026-02-01
INV-02219,C-1092,2025-12-06,2940.16,2026-02-06
INV-02220,C-1092,2025-12-21,2253.33,
INV-02221,C-1092,2026-01-09,2183.52,2026-03-02
INV-02222,C-1092,2026-01-15,2175.40,2026-02-24
INV-02223,C-1092,2026-01-20,1802.81,2026-03-25
INV-02224,C-1092,2026-01-27,1826.88,
INV-02225,C-1092,2026-02-01,1236.78,2026-03-20
INV-02226,C-1092,2026-03-06,1862.71,
INV-02227,C-1092,2026-03-08,1448.09,
INV-02228,C-1092,2026-03-13,3097.92,
INV-02229,C-1092,2026-03-30,2761.77,
INV-02230,C-1093,2025-01-09,1263.66,2025-03-06
INV-02231,C-1093,2025-01-26,519.56,2025-03-18
INV-02232,C-1093,2025-04-08,1379.47,2025-06-06
INV-02233,C-1093,2025-04-26,1524.33,2025-06-16
INV-02234,C-1093,2025-05-01,998.87,
INV-02235,C-1093,2025-06-14,1704.67,
INV-02236,C-1093,2025-07-02,991.85,2025-09-04
INV-02237,C-1093,2025-07-04,2574.03,2025-09-06
INV-02238,C-1093,2025-07-14,1465.18,2025-09-14
INV-02239,C-1093,2025-07-25,50.00,2025-09-18
INV-02240,C-1093,2025-08-01,492.08,2025-09-22
INV-02241,C-1093,2025-08-10,1771.98,2025-10-05
INV-02242,C-1093,2025-09-23,2231.97,2025-11-24
INV-02243,C-1093,2025-09-30,1889.07,2025-12-10
INV-02244,C-1093,2025-10-21,1322.94,2025-12-25
INV-02245,C-1093,2025-10-30,2225.59,2025-12-11
INV-02246,C-1093,2025-11-04,1216.55,
INV-02247,C-1093,2025-12-06,1608.18,2026-01-21
INV-02248,C-1093,2026-01-09,364.03,2026-02-17
INV-02249,C-1093,2026-01-17,1591.00,2026-03-23
INV-02250,C-1093,2026-02-01,2146.75,
INV-02251,C-1093,2026-02-10,702.09,
INV-02252,C-1093,2026-02-25,877.01,
INV-02253,C-1093,2026-03-03,50.00,
INV-02254,C-1093,2026-03-30,2684.71,
INV-02255,C-1094,2025-01-08,1939.87,2025-03-12
INV-02256,C-1094,2025-02-18,2286.35,2025-04-15
INV-02257,C-1094,2025-03-02,3540.05,2025-04-21
INV-02258,C-1094,2025-03-05,2087.53,2025-04-27
INV-02259,C-1094,2025-03-06,1117.50,2025-04-22
INV-02260,C-1094,2025-03-10,2893.11,
INV-02261,C-1094,2025-03-10,2451.45,2025-05-10
INV-02262,C-1094,2025-03-15,2056.05,2025-05-15
INV-02263,C-1094,2025-03-24,3119.60,2025-05-16
INV-02264,C-1094,2025-04-29,2490.66,2025-06-19
INV-02265,C-1094,2025-05-04,2715.82,
INV-02266,C-1094,2025-05-14,1096.70,2025-07-01
INV-02267,C-1094,2025-06-01,2742.75,2025-07-23
INV-02268,C-1094,2025-06-11,3285.44,2025-08-01
INV-02269,C-1094,2025-06-15,2250.82,2025-08-19
INV-02270,C-1094,2025-06-25,1766.95,
INV-02271,C-1094,2025-07-10,2972.73,2025-08-29
INV-02272,C-1094,2025-07-18,2609.22,2025-09-02
INV-02273,C-1094,2025-08-04,2048.65,2025-10-01
INV-02274,C-1094,2025-08-07,3128.30,2025-09-28
INV-02275,C-1094,2025-08-23,50.00,2025-10-12
INV-02276,C-1094,2025-09-07,1962.00,2025-11-07
INV-02277,C-1094,2025-09-17,1984.31,2025-11-09
INV-02278,C-1094,2025-09-22,3366.58,2025-11-15
INV-02279,C-1094,2025-09-27,2617.62,2025-11-28
INV-02280,C-1094,2025-10-20,2563.99,2025-12-15
INV-02281,C-1094,2025-12-06,3175.50,2026-01-24
INV-02282,C-1094,2026-01-09,2309.46,2026-03-08
INV-02283,C-1094,2026-02-13,1630.35,
INV-02284,C-1094,2026-02-17,1487.12,2026-03-25
INV-02285,C-1094,2026-03-02,2048.72,
INV-02286,C-1094,2026-03-28,1976.27,
INV-02287,C-1095,2025-01-06,1998.37,2025-02-06
INV-02288,C-1095,2025-01-21,1381.62,2025-02-24
INV-02289,C-1095,2025-01-21,1463.91,2025-03-08
INV-02290,C-1095,2025-01-26,940.99,2025-02-27
INV-02291,C-1095,2025-02-23,2302.25,2025-03-28
INV-02292,C-1095,2025-03-29,1193.08,2025-04-29
INV-02293,C-1095,2025-04-05,1390.63,2025-04-28
INV-02294,C-1095,2025-05-08,3036.53,2025-05-29
INV-02295,C-1095,2025-05-12,1410.29,2025-06-28
INV-02296,C-1095,2025-05-12,1014.33,2025-06-20
INV-02297,C-1095,2025-05-20,1583.96,2025-06-19
INV-02298,C-1095,2025-05-27,1493.90,2025-06-17
INV-02299,C-1095,2025-06-04,898.75,2025-07-06
INV-02300,C-1095,2025-06-18,2659.27,2025-07-24
INV-02301,C-1095,2025-06-22,2112.66,2025-08-02
INV-02302,C-1095,2025-07-14,2297.11,2025-08-07
INV-02303,C-1095,2025-08-12,1637.83,2025-09-17
INV-02304,C-1095,2025-08-14,2156.58,2025-09-14
INV-02305,C-1095,2025-08-14,2661.38,2025-09-12
INV-02306,C-1095,2025-08-28,1521.45,2025-09-27
INV-02307,C-1095,2025-09-03,2409.68,2025-09-28
INV-02308,C-1095,2025-09-26,1771.90,2025-10-30
INV-02309,C-1095,2025-09-27,960.71,2025-11-01
INV-02310,C-1095,2025-10-09,729.18,2025-10-29
INV-02311,C-1095,2025-10-09,836.98,2025-11-08
INV-02312,C-1095,2025-10-15,1939.86,2025-11-18
INV-02313,C-1095,2025-10-15,1531.16,2025-11-14
INV-02314,C-1095,2025-10-20,1653.54,2025-11-19
INV-02315,C-1095,2025-10-25,772.12,2025-12-09
INV-02316,C-1095,2025-10-26,1657.77,2025-11-18
INV-02317,C-1095,2025-11-16,2361.29,2025-12-26
INV-02318,C-1095,2025-11-17,1357.38,2026-01-01
INV-02319,C-1095,2025-12-14,468.14,2026-01-25
INV-02320,C-1095,2025-12-24,2458.49,2026-01-27
INV-02321,C-1095,2026-01-04,1894.32,2026-02-06
INV-02322,C-1095,2026-01-19,293.68,2026-02-16
INV-02323,C-1095,2026-02-06,1522.82,2026-03-21
INV-02324,C-1095,2026-02-08,988.07,2026-03-10
INV-02325,C-1095,2026-02-25,2548.54,2026-03-08
INV-02326,C-1095,2026-03-06,1311.58,2026-03-27
INV-02327,C-1096,2025-01-18,334.71,2025-03-19
INV-02328,C-1096,2025-02-18,1260.33,2025-04-21
INV-02329,C-1096,2025-03-27,760.74,2025-05-25
INV-02330,C-1096,2025-04-13,1922.44,2025-06-05
INV-02331,C-1096,2025-04-14,1365.69,2025-06-02
INV-02332,C-1096,2025-04-19,2322.79,2025-06-03
INV-02333,C-1096,2025-04-29,1065.74,2025-07-02
INV-02334,C-1096,2025-05-18,1306.52,2025-06-30
INV-02335,C-1096,2025-05-23,1955.30,
INV-02336,C-1096,2025-07-08,2086.00,2025-09-16
INV-02337,C-1096,2025-07-14,2522.74,2025-09-17
INV-02338,C-1096,2025-07-20,2644.23,2025-09-16
INV-02339,C-1096,2025-08-24,2169.23,2025-10-14
INV-02340,C-1096,2025-09-05,1705.75,2025-10-19
INV-02341,C-1096,2025-09-05,1480.91,2025-11-19
INV-02342,C-1096,2025-09-17,1620.37,2025-10-27
INV-02343,C-1096,2025-09-27,1274.49,2025-11-29
INV-02344,C-1096,2025-10-08,1640.88,2025-11-25
INV-02345,C-1096,2025-10-10,1901.28,2025-11-29
INV-02346,C-1096,2025-11-21,1048.33,
INV-02347,C-1096,2025-11-26,1321.78,
INV-02348,C-1096,2025-11-30,1753.33,2026-02-03
INV-02349,C-1096,2025-12-11,1893.80,2026-02-03
INV-02350,C-1096,2025-12-18,819.34,2026-01-21
INV-02351,C-1096,2026-01-12,2112.51,2026-03-11
INV-02352,C-1096,2026-01-17,1093.83,2026-03-15
INV-02353,C-1096,2026-02-04,642.00,2026-03-28
INV-02354,C-1096,2026-03-02,2395.94,
INV-02355,C-1096,2026-03-03,2265.62,
INV-02356,C-1096,2026-03-05,2589.04,
INV-02357,C-1096,2026-03-10,1795.23,
INV-02358,C-1096,2026-03-19,770.87,
INV-02359,C-1097,2025-01-03,2270.36,2025-02-24
INV-02360,C-1097,2025-01-08,1838.45,2025-02-27
INV-02361,C-1097,2025-01-08,2575.71,2025-03-16
INV-02362,C-1097,2025-01-09,2447.68,2025-03-02
INV-02363,C-1097,2025-01-29,3142.38,2025-04-06
INV-02364,C-1097,2025-02-27,2036.10,2025-04-26
INV-02365,C-1097,2025-03-01,1400.95,
INV-02366,C-1097,2025-03-26,3501.17,
INV-02367,C-1097,2025-04-05,2553.19,2025-06-03
INV-02368,C-1097,2025-04-07,1992.34,
INV-02369,C-1097,2025-04-08,2509.35,2025-06-05
INV-02370,C-1097,2025-04-15,1736.66,2025-06-24
INV-02371,C-1097,2025-04-17,1683.29,
INV-02372,C-1097,2025-04-21,1933.43,2025-06-10
INV-02373,C-1097,2025-06-10,1826.64,2025-07-16
INV-02374,C-1097,2025-07-27,1907.62,2025-09-18
INV-02375,C-1097,2025-08-05,2216.61,2025-09-22
INV-02376,C-1097,2025-08-08,2597.22,2025-09-29
INV-02377,C-1097,2025-08-10,2260.78,2025-10-07
INV-02378,C-1097,2025-08-12,2085.00,2025-10-04
INV-02379,C-1097,2025-08-12,2230.06,2025-10-01
INV-02380,C-1097,2025-09-28,1616.32,2025-11-13
INV-02381,C-1097,2025-10-02,1719.30,2025-12-15
INV-02382,C-1097,2025-11-14,2031.57,2025-12-23
INV-02383,C-1097,2025-12-07,1982.55,2026-01-31
INV-02384,C-1097,2025-12-27,1201.91,2026-02-12
INV-02385,C-1097,2026-01-03,1699.04,2026-03-01
INV-02386,C-1097,2026-01-23,3049.77,2026-03-19
INV-02387,C-1097,2026-02-20,2937.37,
INV-02388,C-1097,2026-03-09,2806.39,
INV-02389,C-1097,2026-03-19,1401.18,
INV-02390,C-1097,2026-03-23,2800.16,
INV-02391,C-1098,2025-01-03,2859.11,2025-01-26
INV-02392,C-1098,2025-01-29,2474.59,2025-02-14
INV-02393,C-1098,2025-02-06,2500.36,2025-03-06
INV-02394,C-1098,2025-02-14,2325.21,2025-03-16
INV-02395,C-1098,2025-03-13,1898.06,2025-04-19
INV-02396,C-1098,2025-03-13,2257.02,2025-05-04
INV-02397,C-1098,2025-03-25,282.76,2025-04-22
INV-02398,C-1098,2025-04-26,2051.52,2025-05-14
INV-02399,C-1098,2025-05-25,2301.19,2025-06-22
INV-02400,C-1098,2025-06-03,1117.16,2025-07-10
INV-02401,C-1098,2025-06-13,1302.31,2025-07-19
INV-02402,C-1098,2025-07-03,2461.70,2025-08-18
INV-02403,C-1098,2025-08-15,2445.40,2025-09-01
INV-02404,C-1098,2025-08-18,3282.41,2025-09-27
INV-02405,C-1098,2025-09-08,1269.94,2025-10-16
INV-02406,C-1098,2025-10-30,3514.14,2025-11-28
INV-02407,C-1098,2025-12-02,2681.74,2026-01-01
INV-02408,C-1098,2025-12-08,2476.65,2026-01-16
INV-02409,C-1098,2025-12-20,2557.12,2026-01-15
INV-02410,C-1098,2025-12-25,1229.74,2026-02-07
INV-02411,C-1098,2026-01-19,2926.00,2026-02-10
INV-02412,C-1098,2026-02-06,1797.27,2026-02-27
INV-02413,C-1098,2026-02-24,2211.05,2026-03-19
INV-02414,C-1098,2026-03-07,3296.89,
INV-02415,C-1098,2026-03-25,3044.27,
INV-02416,C-1099,2025-01-16,1631.60,2025-03-04
INV-02417,C-1099,2025-02-06,947.65,2025-03-23
INV-02418,C-1099,2025-02-17,2790.15,2025-03-22
INV-02419,C-1099,2025-02-20,2012.20,2025-04-18
INV-02420,C-1099,2025-03-14,2616.82,
INV-02421,C-1099,2025-03-19,1069.04,
INV-02422,C-1099,2025-03-23,1674.53,2025-06-04
INV-02423,C-1099,2025-04-10,1297.46,2025-06-16
INV-02424,C-1099,2025-06-10,1425.26,2025-08-11
INV-02425,C-1099,2025-06-14,1566.92,2025-08-07
INV-02426,C-1099,2025-08-19,1455.38,2025-10-18
INV-02427,C-1099,2025-09-22,1077.08,2025-11-18
INV-02428,C-1099,2025-10-06,1893.17,2025-11-27
INV-02429,C-1099,2025-10-15,1241.41,2025-12-26
INV-02430,C-1099,2025-10-31,1411.05,2025-12-06
INV-02431,C-1099,2025-12-01,837.94,2026-02-04
INV-02432,C-1099,2025-12-13,535.51,2026-02-15
INV-02433,C-1099,2026-01-17,837.49,
INV-02434,C-1099,2026-02-03,1859.80,
INV-02435,C-1099,2026-02-15,1138.87,
INV-02436,C-1099,2026-02-27,2166.80,
INV-02437,C-1099,2026-03-22,1773.07,
INV-02438,C-1099,2026-03-23,1803.48,
INV-02439,C-1099,2026-03-25,1676.71,
INV-02440,C-1099,2026-03-29,556.23,
INV-02441,C-1100,2025-01-27,1807.94,2025-02-28
INV-02442,C-1100,2025-03-21,1014.61,2025-04-22
INV-02443,C-1100,2025-04-18,2203.26,2025-05-26
INV-02444,C-1100,2025-06-02,1034.95,2025-06-29
INV-02445,C-1100,2025-06-30,1668.16,2025-08-02
INV-02446,C-1100,2025-07-17,1103.74,2025-08-25
INV-02447,C-1100,2025-08-12,2058.55,2025-09-02
INV-02448,C-1100,2025-08-27,988.54,2025-09-26
INV-02449,C-1100,2025-09-02,205.25,2025-09-25
INV-02450,C-1100,2025-09-12,50.00,2025-10-14
INV-02451,C-1100,2025-09-24,1297.83,2025-10-26
INV-02452,C-1100,2025-10-21,1544.56,2025-11-13
INV-02453,C-1100,2025-11-25,2724.65,2026-01-02
INV-02454,C-1100,2025-11-26,1130.01,2025-12-26
INV-02455,C-1100,2025-11-30,1231.33,2026-01-22
INV-02456,C-1100,2026-01-17,1718.63,2026-02-18
INV-02457,C-1100,2026-01-21,2185.30,2026-02-18
INV-02458,C-1100,2026-01-31,2189.06,2026-02-23
INV-02459,C-1100,2026-01-31,2194.09,2026-03-09
INV-02460,C-1100,2026-02-20,942.47,2026-03-20
INV-02461,C-1100,2026-02-22,1416.28,2026-03-10
INV-02462,C-1100,2026-03-01,65.58,
INV-02463,C-1100,2026-03-01,575.57,2026-03-28
INV-02464,C-1100,2026-03-05,1382.91,
INV-02465,C-1100,2026-03-10,2592.82,
